id,name,estimated_diameter_km,relative_velocity_kms,miss_distance_au,miss_distance_km,absolute_magnitude_h,eccentricity,semi_major_axis_au,inclination_deg,orbital_period_days,perihelion_distance_au,aphelion_distance_au,moid_au,orbit_class,is_hazardous,discovery_year,close_approach_date
PHA-300586,(PHA-300586) 2023 RM65,0.551,27.88,0.004755,711265.9,16.32,0.5733,2.0557,6.16,1076.5,0.8771,3.2342,0.003917,Apollo,1,2023,2040-06-02
NEO-102546,(NEO-102546) 2004 TC21,0.0225,20.95,0.121837,18226608.6,22.57,0.1288,1.2702,1.63,522.9,1.1066,1.4338,0.118943,Amor,0,2004,2029-03-22
NEO-102224,(NEO-102224) 1999 YP17,0.0294,14.0,0.083384,12474137.6,22.23,0.5045,1.3614,5.17,580.2,0.6746,2.0482,0.095537,Apollo,0,1999,2042-01-18
NEO-102084,(NEO-102084) 2005 TU69,0.0963,7.24,0.092724,13871243.5,26.98,0.5833,1.3558,0.66,576.6,0.5649,2.1467,0.069447,Apollo,0,2005,2035-06-12
4,4 Vesta,525.4,8.42,1.25,187000000.0,3.2,0.089,2.362,7.14,1325.8,2.152,2.572,1.15,Main Belt,0,1807,2023-12-15
PHA-300567,(PHA-300567) 2000 VT36,0.5107,20.69,0.01316,1968778.0,16.82,0.2467,1.5898,7.69,732.2,1.1976,1.9821,0.011682,Apollo,1,2000,2040-12-04
NEO-102043,(NEO-102043) 2003 BR71,0.8794,25.9,0.311319,46572630.5,16.0,0.0462,1.9727,5.02,1012.0,1.8816,2.0638,0.223222,Atira,0,2003,2043-03-16
PHA-300801,(PHA-300801) 2004 FE40,0.1884,11.0,0.040362,6038013.9,19.5,0.4157,1.0669,2.21,402.5,0.6234,1.5105,0.042907,Apollo,1,2004,2030-10-24
NEO-102685,(NEO-102685) 2019 ZD41,0.5419,11.93,0.15499,23186209.7,17.04,0.4899,1.6031,0.9,741.3,0.8178,2.3883,0.15294,Apollo,0,2019,2035-08-26
NEO-100714,(NEO-100714) 1997 AD71,0.6423,4.14,0.250385,37457023.3,17.15,0.3759,1.578,4.34,724.0,0.9848,2.1711,0.284985,Apollo,0,1997,2034-09-18
NEO-102297,(NEO-102297) 1991 MM13,0.0415,19.91,0.038878,5816052.5,24.27,0.3108,1.1572,5.89,454.7,0.7976,1.5168,0.040096,Apollo,0,1991,2026-04-12
NEO-102242,(NEO-102242) 1995 MF22,0.894,17.13,0.057759,8640599.7,15.35,0.2006,2.3201,22.44,1290.8,1.8548,2.7855,0.052,Atira,0,1995,2044-04-14
NEO-101657,(NEO-101657) 2017 KF18,0.018,18.68,0.172405,25791365.2,27.6,0.2868,1.6671,0.62,786.2,1.1889,2.1452,0.171566,Amor,0,2017,2042-10-10
NEO-101490,(NEO-101490) 2001 ZD42,0.2963,15.88,0.109963,16450233.3,18.51,0.49,2.0557,34.96,1076.6,1.0485,3.063,0.096871,Amor,0,2001,2043-08-27
PHA-300217,(PHA-300217) 2000 MJ16,0.232,18.86,0.044001,6582523.8,19.17,0.1737,0.75,1.16,237.2,0.6197,0.8803,0.047115,Apollo,1,2000,2041-03-12
PHA-300286,(PHA-300286) 2011 VS94,0.3785,17.69,0.014241,2130381.0,17.99,0.6335,1.5129,3.77,679.7,0.5545,2.4714,0.011194,Apollo,1,2011,2041-04-18
NEO-103503,(NEO-103503) 1997 OV71,0.6877,16.73,0.224956,33652906.6,16.1,0.02,1.2075,2.07,484.7,1.1834,1.2317,0.17235,Amor,0,1997,2034-03-01
NEO-100196,(NEO-100196) 2009 RQ57,0.13,12.56,0.400239,59874854.3,22.82,0.4169,1.5584,8.46,710.6,0.9086,2.2081,0.454968,Apollo,0,2009,2025-08-26
NEO-101696,(NEO-101696) 1992 JP79,0.0666,17.94,0.017687,2645930.2,27.47,0.235,1.8789,2.76,940.7,1.4375,2.3204,0.02086,Atira,0,1992,2027-01-24
NEO-103033,(NEO-103033) 2020 ZK35,0.0247,17.49,0.004563,682559.1,26.49,0.3628,1.9788,6.46,1016.7,1.2609,2.6967,0.005117,Amor,0,2020,2044-09-18
NEO-100656,(NEO-100656) 2003 OO69,0.0105,26.05,0.055361,8281814.5,22.28,0.5643,1.7371,12.95,836.2,0.7568,2.7174,0.066562,Apollo,0,2003,2040-07-03
PHA-300524,(PHA-300524) 2013 MS17,0.2721,19.07,0.020499,3066634.1,19.29,0.4483,2.374,0.4,1336.0,1.3097,3.4384,0.01487,Apollo,1,2013,2041-09-15
NEO-103531,(NEO-103531) 2017 OX44,0.1008,12.91,0.080565,12052354.9,23.3,0.4216,1.9359,6.77,983.8,1.1198,2.752,0.091674,Amor,0,2017,2026-07-23
NEO-102513,(NEO-102513) 1995 EW4,0.0107,10.19,0.011332,1695303.9,23.68,0.5174,2.1661,1.53,1164.4,1.0454,3.2868,0.014182,Amor,0,1995,2030-10-15
NEO-101050,(NEO-101050) 1995 ZE59,0.6175,8.94,0.097678,14612370.6,16.19,0.3727,2.1258,2.5,1132.1,1.3334,2.9182,0.103032,Atira,0,1995,2041-07-20
NEO-101985,(NEO-101985) 2009 EP24,1.1566,13.67,0.219498,32836379.7,14.94,0.2403,2.067,2.16,1085.4,1.5704,2.5637,0.268372,Atira,0,2009,2036-02-12
NEO-102771,(NEO-102771) 2024 UW3,0.0159,18.03,0.042043,6289516.7,22.34,0.3151,1.4728,0.33,652.8,1.0087,1.9368,0.045379,Apollo,0,2024,2039-10-15
PHA-300749,(PHA-300749) 2016 YV26,0.2577,11.0,0.027172,4064833.0,18.78,0.2399,0.986,4.41,357.6,0.7494,1.2226,0.017327,Aten,1,2016,2036-11-21
NEO-102905,(NEO-102905) 1996 XX24,0.0041,25.15,0.008236,1232030.6,25.73,0.1904,0.8188,8.98,270.6,0.6629,0.9747,0.009948,Atira,0,1996,2026-05-02
PHA-300795,(PHA-300795) 2004 MB26,0.2342,21.28,0.035592,5324530.2,19.0,0.6835,1.3336,5.73,562.5,0.4221,2.245,0.026965,Apollo,1,2004,2035-01-02
NEO-103436,(NEO-103436) 2013 YN12,0.0156,21.9,0.426582,63815687.9,23.58,0.7,1.7247,9.6,827.3,0.5174,2.9319,0.302514,Apollo,0,2013,2039-03-23
NEO-102461,(NEO-102461) 2020 XM1,0.0322,5.58,0.011963,1789670.1,23.07,0.1938,1.5926,4.07,734.1,1.284,1.9012,0.0114,Amor,0,2020,2032-04-14
NEO-100004,(NEO-100004) 2006 YS7,0.7264,15.18,0.170536,25511832.5,16.32,0.3284,2.1146,17.63,1123.1,1.4202,2.8089,0.137778,Atira,0,2006,2026-05-24
NEO-103896,(NEO-103896) 1992 JF5,0.0916,25.71,0.018126,2711629.6,23.97,0.4385,1.1123,3.19,428.5,0.6245,1.6001,0.013065,Apollo,0,1992,2025-02-27
NEO-103426,(NEO-103426) 2025 ZS59,0.002,34.43,0.006738,1007934.8,26.84,0.1898,1.6195,5.28,752.8,1.3121,1.9269,0.005287,Atira,0,2025,2033-02-03
NEO-102075,(NEO-102075) 2016 RL29,0.0169,17.95,0.027266,4078884.6,25.18,0.4005,0.7,4.42,213.9,0.4196,0.9804,0.021267,Atira,0,2016,2044-01-21
PHA-300013,(PHA-300013) 2006 TW22,0.7954,32.21,0.012572,1880719.9,16.02,0.1723,1.6921,3.13,803.9,1.4006,1.9836,0.007696,Apollo,1,2006,2041-01-12
PHA-300576,(PHA-300576) 2008 EH77,0.8427,28.26,0.015606,2334561.1,15.68,0.4581,1.037,14.32,385.7,0.5619,1.512,0.015094,Apollo,1,2008,2041-08-02
NEO-100803,(NEO-100803) 2020 UL72,0.1006,11.86,0.00673,1006851.6,26.06,0.5112,1.8664,6.67,931.3,0.9123,2.8205,0.006424,Apollo,0,2020,2037-10-22
NEO-102389,(NEO-102389) 2014 WU51,0.0157,17.26,0.051956,7772458.9,23.04,0.5195,1.5618,6.18,712.9,0.7504,2.3732,0.058566,Apollo,0,2014,2036-05-01
PHA-300023,(PHA-300023) 2017 NX89,0.299,21.15,0.008886,1329336.8,17.7,0.3879,2.9143,17.84,1817.1,1.784,4.0446,0.006908,Apollo,1,2017,2038-04-19
NEO-100087,(NEO-100087) 2001 HT9,0.0242,11.35,0.072596,10860156.7,22.93,0.75,1.425,5.61,621.3,0.3563,2.4938,0.051372,Apollo,0,2001,2036-11-02
NEO-102194,(NEO-102194) 2023 EE20,0.0315,18.44,0.045369,6787044.4,25.04,0.2469,1.4508,14.17,638.3,1.0926,1.809,0.039416,Amor,0,2023,2028-11-18
PHA-300069,(PHA-300069) 2006 WR10,0.2859,38.05,0.016243,2429887.9,18.32,0.3651,1.1171,16.23,431.2,0.7093,1.5249,0.011796,Apollo,1,2006,2026-02-04
NEO-103629,(NEO-103629) 1995 VA2,0.2684,24.51,0.232953,34849340.5,18.39,0.55,2.6125,2.52,1542.3,1.1756,4.0493,0.222867,Amor,0,1995,2042-03-05
PHA-300244,(PHA-300244) 2007 UJ39,0.9411,31.3,0.023585,3528208.9,15.75,0.5642,0.9182,18.02,321.3,0.4001,1.4362,0.016465,Aten,1,2007,2044-08-10
NEO-102166,(NEO-102166) 2014 MD32,1.7308,13.95,0.589481,88185059.3,14.06,0.1682,2.4401,12.96,1392.2,2.0296,2.8505,0.7,Atira,0,2014,2034-05-04
NEO-103668,(NEO-103668) 2009 AC19,0.012,18.37,0.001643,245753.8,22.47,0.2384,1.346,30.34,570.4,1.0251,1.667,0.001567,Amor,0,2009,2032-10-28
PHA-300476,(PHA-300476) 2003 RP94,0.3266,18.97,0.0039,583405.4,17.99,0.4439,2.2732,9.66,1251.8,1.2641,3.2823,0.002902,Apollo,1,2003,2032-01-19
NEO-101025,(NEO-101025) 1993 PM48,0.0131,14.42,0.051756,7742590.3,23.27,0.6801,2.0341,7.46,1059.6,0.6508,3.4174,0.058518,Apollo,0,1993,2040-07-23
NEO-103620,(NEO-103620) 2022 FT58,0.3645,4.47,0.095318,14259330.3,17.81,0.0846,2.6037,5.44,1534.5,2.3835,2.8239,0.107308,Atira,0,2022,2030-02-28
NEO-102279,(NEO-102279) 1996 JD87,0.003,9.55,0.036701,5490373.1,23.18,0.2585,1.5435,7.71,700.4,1.1445,1.9424,0.046528,Amor,0,1996,2034-11-01
NEO-101776,(NEO-101776) 1997 EY97,0.0115,18.67,0.08539,12774186.6,26.23,0.2678,2.2264,4.02,1213.4,1.6302,2.8227,0.085397,Atira,0,1997,2043-05-28
PHA-300461,(PHA-300461) 2023 FJ76,0.6303,13.23,0.005643,844196.0,16.49,0.2434,1.6272,5.06,758.2,1.2311,2.0233,0.004902,Apollo,1,2023,2025-07-01
NEO-100320,(NEO-100320) 2016 EO85,0.0052,18.18,0.239346,35805586.5,25.24,0.4571,0.9146,6.09,319.5,0.4965,1.3327,0.195693,Aten,0,2016,2042-05-26
NEO-103127,(NEO-103127) 2010 OS16,0.4014,16.92,0.53349,79808980.0,17.9,0.1824,1.9272,1.37,977.2,1.5758,2.2786,0.381243,Atira,0,2010,2034-08-04
NEO-100407,(NEO-100407) 2021 NO37,0.0275,15.96,0.340447,50930094.7,24.25,0.1739,2.0773,13.57,1093.6,1.716,2.4387,0.299458,Atira,0,2021,2038-09-23
NEO-100893,(NEO-100893) 1991 ZG21,0.0022,17.05,0.020215,3024128.8,24.09,0.2954,1.3469,5.99,570.9,0.949,1.7448,0.024402,Apollo,0,1991,2030-11-03
NEO-103280,(NEO-103280) 2003 HQ32,0.0045,22.04,0.017258,2581700.4,28.81,0.5461,1.6268,6.23,757.8,0.7383,2.5152,0.014512,Apollo,0,2003,2042-10-28
NEO-101545,(NEO-101545) 1997 RQ15,0.13,20.98,0.124864,18679379.8,23.4,0.3313,2.1271,10.36,1133.1,1.4225,2.8317,0.112971,Atira,0,1997,2033-06-26
NEO-103721,(NEO-103721) 2011 JD70,0.815,13.42,0.071489,10694596.1,16.63,0.2134,3.1699,0.5,2061.4,2.4933,3.8465,0.062718,Atira,0,2011,2028-06-17
NEO-101706,(NEO-101706) 2017 VP74,0.0327,20.43,0.069417,10384568.7,30.68,0.4335,1.6904,7.46,802.8,0.9577,2.4231,0.068378,Apollo,0,2017,2034-04-04
NEO-102852,(NEO-102852) 2000 VZ50,0.0252,27.99,0.041827,6257178.5,22.72,0.2374,1.2906,10.01,535.5,0.9842,1.5969,0.038929,Apollo,0,2000,2036-07-14
NEO-100251,(NEO-100251) 1995 FW8,0.0074,18.24,0.039355,5887477.7,22.9,0.4211,1.3375,2.47,565.0,0.7743,1.9007,0.045035,Apollo,0,1995,2044-05-20
PHA-300134,(PHA-300134) 2015 VR64,0.14,22.35,0.00164,245367.2,19.93,0.2772,1.7521,19.7,847.1,1.2664,2.2378,0.001389,Apollo,1,2015,2035-03-11
NEO-102838,(NEO-102838) 2004 PE56,0.0275,20.97,0.324391,48528193.7,25.36,0.2104,1.3959,1.51,602.4,1.1022,1.6895,0.300384,Amor,0,2004,2036-07-25
NEO-102611,(NEO-102611) 1998 LA30,0.0372,20.47,0.24656,36884909.9,22.55,0.5268,0.9881,37.01,358.8,0.4676,1.5086,0.304019,Aten,0,1998,2025-02-04
NEO-101311,(NEO-101311) 2022 FY34,0.13,11.4,0.390775,58459101.3,26.26,0.23,1.3715,5.28,586.7,1.056,1.687,0.339276,Amor,0,2022,2041-11-20
NEO-102672,(NEO-102672) 2015 XY85,1.4808,17.85,0.254477,38069218.5,14.73,0.55,1.9634,2.69,1004.8,0.8835,3.0432,0.277696,Apollo,0,2015,2025-11-08
NEO-103137,(NEO-103137) 2018 WS78,0.0047,22.73,0.014304,2139835.4,26.47,0.5365,0.9576,3.01,342.3,0.4439,1.4714,0.017676,Aten,0,2018,2030-04-06
NEO-102640,(NEO-102640) 2002 CZ34,0.0613,13.1,0.020013,2993862.1,28.37,0.1851,1.2937,14.11,537.5,1.0542,1.5332,0.025844,Amor,0,2002,2039-12-10
NEO-103058,(NEO-103058) 2005 WH55,0.0434,24.8,0.176774,26444947.4,22.32,0.3922,1.6795,22.04,795.0,1.0207,2.3383,0.225688,Amor,0,2005,2025-10-27
NEO-100688,(NEO-100688) 2018 SX94,0.0111,9.4,0.001467,219452.2,24.95,0.268,0.8604,2.7,291.5,0.6299,1.091,0.001697,Aten,0,2018,2030-05-08
NEO-100538,(NEO-100538) 2017 ME30,0.0619,17.53,0.384601,57535448.5,22.1,0.3757,1.1963,0.56,477.9,0.7469,1.6458,0.323686,Apollo,0,2017,2034-07-26
NEO-101641,(NEO-101641) 2024 EP67,0.0099,6.51,0.005045,754743.0,24.76,0.6414,1.7937,7.01,877.5,0.6433,2.9442,0.006296,Apollo,0,2024,2025-11-02
NEO-101504,(NEO-101504) 2002 NO15,0.0627,10.79,0.017765,2657550.3,24.37,0.2779,1.2337,4.95,500.5,0.8909,1.5765,0.018367,Apollo,0,2002,2041-08-16
NEO-103460,(NEO-103460) 2005 VD64,0.0204,15.25,0.041783,6250628.0,31.5,0.2387,0.8749,3.95,298.9,0.6661,1.0837,0.050865,Aten,0,2005,2026-09-25
NEO-101256,(NEO-101256) 1998 GR92,0.0203,11.06,0.074273,11111150.3,24.27,0.3239,1.5576,1.81,710.0,1.0531,2.062,0.070156,Amor,0,1998,2038-06-01
NEO-102257,(NEO-102257) 2002 NB97,0.1198,25.79,0.060418,9038370.0,24.85,0.05,1.2291,6.29,497.7,1.1677,1.2906,0.077662,Amor,0,2002,2030-10-13
NEO-100520,(NEO-100520) 1999 KX11,0.3599,15.25,0.067011,10024634.5,17.72,0.3105,1.4375,20.55,629.5,0.9911,1.8839,0.067744,Apollo,0,1999,2042-08-16
NEO-102344,(NEO-102344) 1991 XT98,0.0156,18.15,0.076065,11379220.6,22.62,0.2918,1.6827,21.02,797.3,1.1917,2.1737,0.09874,Amor,0,1991,2043-10-06
NEO-102862,(NEO-102862) 2022 KC39,0.1086,18.06,0.337711,50520823.1,22.89,0.289,1.6138,13.4,748.8,1.1474,2.0803,0.343239,Amor,0,2022,2035-05-16
PHA-300520,(PHA-300520) 2013 MQ89,0.5552,20.4,0.031689,4740640.6,16.94,0.275,1.5897,1.79,732.1,1.1526,2.0268,0.029591,Apollo,1,2013,2042-04-08
PHA-300754,(PHA-300754) 2004 HF92,1.1343,28.17,0.020604,3082362.4,15.72,0.3338,1.3364,8.78,564.3,0.8903,1.7825,0.012685,Apollo,1,2004,2036-12-17
NEO-101113,(NEO-101113) 2019 LB33,0.5714,17.2,0.245446,36718191.9,16.69,0.2958,2.1963,4.26,1188.9,1.5466,2.846,0.223161,Atira,0,2019,2034-02-19
NEO-101290,(NEO-101290) 2021 LL39,0.0664,20.25,0.153654,22986268.8,24.09,0.5801,1.236,5.79,501.9,0.519,1.9529,0.130457,Apollo,0,2021,2042-06-05
NEO-103258,(NEO-103258) 2017 MW88,0.0537,11.48,0.056823,8500643.4,26.53,0.3037,1.166,10.69,459.9,0.8118,1.5201,0.066281,Apollo,0,2017,2034-07-25
NEO-100610,(NEO-100610) 2018 BT22,0.0508,25.75,0.431176,64502983.8,23.3,0.5196,1.2593,4.13,516.2,0.605,1.9137,0.550573,Apollo,0,2018,2042-06-07
PHA-300363,(PHA-300363) 1999 BG40,0.3254,25.43,0.002329,348426.1,17.59,0.82,1.0794,1.82,409.6,0.1943,1.9645,0.001838,Apollo,1,1999,2044-03-16
NEO-100551,(NEO-100551) 1997 FD50,0.0084,16.03,0.066237,9908923.2,28.19,0.4251,0.9073,7.5,315.6,0.5216,1.293,0.082092,Aten,0,1997,2036-05-23
PHA-300741,(PHA-300741) 1996 TB15,0.3472,24.63,0.024816,3712459.0,18.21,0.6989,1.8485,1.83,918.0,0.5566,3.1404,0.019504,Apollo,1,1996,2039-01-20
NEO-101212,(NEO-101212) 2012 BT56,0.4453,12.9,0.229835,34382776.0,16.95,0.4046,1.9443,11.95,990.2,1.1576,2.731,0.202488,Amor,0,2012,2044-02-10
NEO-102450,(NEO-102450) 2016 AR48,0.9779,12.01,0.343041,51318232.1,15.69,0.2258,2.0846,30.14,1099.3,1.6139,2.5553,0.3935,Atira,0,2016,2033-01-03
PHA-300055,(PHA-300055) 2019 FM87,0.2505,16.97,0.018048,2699926.2,18.26,0.7633,1.83,14.0,904.2,0.4332,3.2268,0.014637,Apollo,1,2019,2026-12-22
NEO-101688,(NEO-101688) 1998 MN78,0.1249,20.09,0.31211,46690970.8,23.68,0.05,0.9113,7.13,317.7,0.8657,0.9568,0.375395,Atira,0,1998,2042-10-25
PHA-300189,(PHA-300189) 2009 KA29,0.4606,23.52,0.036797,5504766.0,16.25,0.7971,1.697,1.46,807.4,0.3443,3.0497,0.034811,Apollo,1,2009,2031-05-26
PHA-300551,(PHA-300551) 2007 PM32,0.2397,19.62,0.017715,2650093.0,19.19,0.439,0.75,4.54,237.2,0.4207,1.0793,0.018346,Aten,1,2007,2041-01-18
NEO-102203,(NEO-102203) 2017 TZ27,0.1962,8.76,0.342227,51196413.1,18.86,0.55,1.8341,16.41,907.2,0.8253,2.8429,0.420577,Apollo,0,2017,2040-04-14
NEO-102318,(NEO-102318) 1995 PE96,0.0313,19.54,0.020164,3016530.0,23.25,0.0508,1.1141,2.37,429.5,1.0575,1.1706,0.014425,Amor,0,1995,2036-11-25
PHA-300645,(PHA-300645) 2002 EB24,0.3714,30.25,0.000896,134015.0,17.58,0.2037,1.0139,2.42,372.9,0.8073,1.2204,0.000785,Apollo,1,2002,2028-12-19
NEO-102016,(NEO-102016) 2016 ZV17,0.0247,14.71,0.088753,13277281.0,23.31,0.4053,1.4298,1.9,624.4,0.8503,2.0092,0.070971,Apollo,0,2016,2044-05-24
NEO-100055,(NEO-100055) 2001 KW98,0.0242,16.35,0.024812,3711791.8,25.63,0.357,0.7842,1.82,253.7,0.5043,1.0642,0.03028,Aten,0,2001,2025-08-27
NEO-102986,(NEO-102986) 2012 BS16,0.0214,16.44,0.016581,2480410.7,27.19,0.1195,0.7858,0.74,254.4,0.6919,0.8797,0.012225,Atira,0,2012,2037-01-16
NEO-100125,(NEO-100125) 2021 ZT13,0.0475,19.77,0.022231,3325647.2,22.42,0.4878,1.4039,7.06,607.6,0.7192,2.0887,0.024004,Apollo,0,2021,2041-10-02
NEO-100210,(NEO-100210) 1994 TE32,0.0209,13.09,0.050688,7582865.2,24.83,0.6522,0.9752,2.56,351.8,0.3392,1.6112,0.063005,Aten,0,1994,2031-02-12
PHA-300777,(PHA-300777) 1997 NT98,0.2638,13.8,0.012538,1875667.3,18.39,0.6471,1.3297,4.18,560.0,0.4692,2.1902,0.009857,Apollo,1,1997,2028-08-16
NEO-103590,(NEO-103590) 2009 LB89,0.002,7.94,0.010817,1618193.8,23.3,0.4979,2.4768,1.06,1423.7,1.2437,3.7099,0.012696,Amor,0,2009,2036-10-19
NEO-100896,(NEO-100896) 2017 DR96,0.0458,21.35,0.022762,3405110.3,22.69,0.2982,1.2579,0.76,515.3,0.8828,1.633,0.016084,Apollo,0,2017,2042-05-12
NEO-102260,(NEO-102260) 1991 TO55,0.0845,19.15,0.052692,7882580.8,24.14,0.1383,1.33,0.11,560.3,1.146,1.514,0.05918,Amor,0,1991,2029-05-21
NEO-103606,(NEO-103606) 1999 DE92,0.0051,17.43,0.204058,30526647.7,22.1,0.3569,1.8274,8.41,902.3,1.1752,2.4796,0.203712,Amor,0,1999,2044-04-02
NEO-103505,(NEO-103505) 2002 PX60,0.13,20.5,0.123439,18466234.9,24.97,0.7,1.7909,5.51,875.4,0.5373,3.0446,0.143596,Apollo,0,2002,2026-04-05
NEO-102861,(NEO-102861) 1999 UU51,0.0894,23.84,0.009112,1363167.5,24.34,0.7064,1.4787,0.19,656.8,0.4341,2.5232,0.010958,Apollo,0,1999,2036-07-06
NEO-103134,(NEO-103134) 2013 CL6,0.1174,15.91,0.003326,497496.2,22.73,0.185,1.6182,3.75,751.8,1.3188,1.9175,0.003683,Atira,0,2013,2032-11-01
NEO-101778,(NEO-101778) 2018 RW71,0.0125,26.92,0.003685,551227.5,22.22,0.7084,1.0639,10.5,400.8,0.3103,1.8175,0.0033,Apollo,0,2018,2033-08-11
NEO-101585,(NEO-101585) 1999 KB85,0.0333,13.05,0.002629,393235.5,25.04,0.1213,0.901,4.29,312.4,0.7917,1.0103,0.00258,Aten,0,1999,2034-11-26
NEO-101703,(NEO-101703) 2019 UK86,0.5374,16.37,0.530853,79414539.2,16.43,0.316,2.7156,4.59,1634.5,1.8575,3.5738,0.459413,Atira,0,2019,2043-08-13
NEO-102238,(NEO-102238) 2016 MN14,0.0637,11.99,0.084032,12571014.7,23.9,0.132,1.6645,13.35,784.4,1.4448,1.8843,0.082894,Atira,0,2016,2044-03-01
NEO-102909,(NEO-102909) 1996 QB72,0.0399,19.34,0.027115,4056368.8,23.76,0.75,1.1854,5.98,471.4,0.2963,2.0744,0.023164,Apollo,0,1996,2041-12-18
NEO-102082,(NEO-102082) 2009 AC43,0.0195,12.44,0.029382,4395472.3,23.0,0.2491,0.7297,2.79,227.7,0.5479,0.9115,0.037275,Atira,0,2009,2036-08-25
NEO-100284,(NEO-100284) 2019 PR87,0.0217,30.59,0.161574,24171112.2,23.99,0.391,1.3702,1.17,585.8,0.8344,1.906,0.190862,Apollo,0,2019,2043-09-04
NEO-103704,(NEO-103704) 1998 LB95,0.0093,21.58,0.023503,3515955.0,22.41,0.4654,1.0397,12.04,387.2,0.5559,1.5235,0.027808,Apollo,0,1998,2031-06-27
PHA-300468,(PHA-300468) 2014 TO34,0.3211,33.52,0.007851,1174440.6,18.33,0.1866,1.5,0.99,671.0,1.2201,1.7799,0.005776,Apollo,1,2014,2039-06-10
NEO-103587,(NEO-103587) 1995 TR25,0.0096,17.63,0.020026,2995909.5,22.46,0.3142,1.0518,7.6,394.0,0.7213,1.3823,0.020048,Apollo,0,1995,2043-05-21
NEO-100266,(NEO-100266) 2025 WJ90,0.1212,16.72,0.018298,2737291.2,23.96,0.5936,1.8184,2.46,895.6,0.7389,2.8978,0.016244,Apollo,0,2025,2038-03-25
NEO-102365,(NEO-102365) 2017 KU80,0.0939,13.02,0.00228,341147.1,23.95,0.5912,1.3482,4.53,571.8,0.5512,2.1452,0.002802,Apollo,0,2017,2041-01-04
NEO-101831,(NEO-101831) 2001 OG95,0.0999,11.73,0.138135,20664718.8,23.87,0.2589,1.5185,12.14,683.4,1.1254,1.9115,0.120894,Amor,0,2001,2041-01-02
NEO-103516,(NEO-103516) 2020 KM77,0.0078,6.07,0.003762,562773.5,25.99,0.1841,1.2939,17.72,537.6,1.0557,1.532,0.003499,Amor,0,2020,2028-11-23
PHA-300277,(PHA-300277) 2011 EL39,0.3514,24.7,0.026705,3995018.8,17.97,0.3668,1.4073,14.49,609.8,0.8911,1.9235,0.02786,Apollo,1,2011,2041-04-18
PHA-300623,(PHA-300623) 2003 WX71,0.4308,19.54,0.000253,37915.1,17.48,0.4607,1.2205,3.19,492.5,0.6582,1.7827,0.000212,Apollo,1,2003,2037-07-08
NEO-102105,(NEO-102105) 1998 SF36,0.1164,9.24,0.310319,46423094.1,22.73,0.05,1.0766,15.05,408.0,1.0228,1.1304,0.234969,Amor,0,1998,2039-09-25
NEO-103147,(NEO-103147) 2008 FT59,0.0367,19.68,0.007108,1063374.6,24.99,0.4981,1.14,0.7,444.6,0.5722,1.7079,0.006351,Apollo,0,2008,2025-08-04
NEO-101088,(NEO-101088) 2006 RX75,0.0184,21.43,0.001132,169381.2,22.29,0.5178,1.3151,0.28,550.8,0.6341,1.9961,0.000886,Apollo,0,2006,2032-06-25
NEO-101533,(NEO-101533) 2008 PW84,0.0749,23.56,0.130315,19494826.9,22.98,0.1789,1.6312,3.42,760.9,1.3394,1.923,0.159677,Atira,0,2008,2026-03-23
PHA-300340,(PHA-300340) 2025 FW55,0.4411,26.11,0.00761,1138415.1,17.78,0.541,1.8452,1.59,915.5,0.847,2.8433,0.006951,Apollo,1,2025,2044-12-22
NEO-102702,(NEO-102702) 2013 KU47,0.0211,18.01,0.011745,1757094.6,24.35,0.223,1.1226,3.47,434.5,0.8723,1.373,0.013616,Apollo,0,2013,2025-01-12
NEO-103335,(NEO-103335) 2013 GJ75,0.0923,22.19,0.042349,6335331.1,25.07,0.6123,1.2212,1.37,492.9,0.4735,1.9688,0.04427,Apollo,0,2013,2030-04-23
NEO-103174,(NEO-103174) 1994 RE50,1.5776,10.45,0.206643,30913371.3,14.79,0.4613,1.4666,7.38,648.7,0.79,2.1432,0.164495,Apollo,0,1994,2043-11-15
PHA-300495,(PHA-300495) 1995 UB68,0.222,38.83,0.047108,7047328.8,18.8,0.4741,1.9272,4.24,977.2,1.0134,2.8409,0.049,Apollo,1,1995,2041-05-19
NEO-100194,(NEO-100194) 2015 SU34,0.3803,20.87,0.291674,43633833.2,17.88,0.2901,2.1906,7.47,1184.2,1.555,2.8262,0.32563,Atira,0,2015,2043-09-15
NEO-103958,(NEO-103958) 2016 FC71,0.0098,22.08,0.006013,899576.9,22.53,0.4472,1.4053,3.18,608.5,0.7768,2.0338,0.007626,Apollo,0,2016,2038-02-18
NEO-101710,(NEO-101710) 2019 QW59,0.0601,4.0,0.028513,4265451.2,22.96,0.1748,1.4833,7.82,659.9,1.2241,1.7426,0.024827,Amor,0,2019,2032-04-24
NEO-102370,(NEO-102370) 2013 GK90,0.0063,11.3,0.005589,836160.1,22.96,0.3966,1.1591,4.44,455.8,0.6994,1.6188,0.006663,Apollo,0,2013,2039-11-14
PHA-300746,(PHA-300746) 1998 XE46,0.328,27.21,0.012939,1935671.3,18.01,0.2082,1.5248,13.74,687.7,1.2074,1.8422,0.007916,Apollo,1,1998,2030-04-26
NEO-102357,(NEO-102357) 2015 JZ72,0.0322,14.42,0.004593,687101.1,22.74,0.3825,1.3188,1.49,553.2,0.8143,1.8233,0.005624,Apollo,0,2015,2039-09-03
NEO-103661,(NEO-103661) 2018 SN46,0.3946,17.12,0.095941,14352569.4,17.82,0.2124,2.0505,12.2,1072.5,1.615,2.4861,0.117151,Atira,0,2018,2034-07-04
PHA-300122,(PHA-300122) 2006 KH24,1.0262,16.71,0.018524,2771144.2,15.28,0.15,0.9442,9.03,335.1,0.8026,1.0859,0.014477,Aten,1,2006,2042-11-08
NEO-103952,(NEO-103952) 2017 PT41,0.5659,11.42,0.146701,21946173.9,16.89,0.2658,1.7992,28.28,881.5,1.3209,2.2775,0.175703,Atira,0,2017,2038-04-20
NEO-102704,(NEO-102704) 1994 UL46,0.4953,9.63,0.561917,84061525.0,17.57,0.4824,1.9048,14.4,960.2,0.9859,2.8236,0.409347,Apollo,0,1994,2044-05-24
NEO-101656,(NEO-101656) 1991 ML16,0.002,25.3,0.04229,6326538.2,22.32,0.5444,1.8241,13.5,899.8,0.831,2.8172,0.030921,Apollo,0,1991,2042-11-01
PHA-300344,(PHA-300344) 2000 GM14,1.1658,24.4,0.008484,1269148.2,14.85,0.4068,1.5607,4.95,712.2,0.9258,2.1957,0.009021,Apollo,1,2000,2043-10-02
NEO-103972,(NEO-103972) 2015 HU2,0.3649,20.65,0.635811,95115991.5,18.12,0.3162,2.2925,2.41,1267.8,1.5676,3.0173,0.505694,Atira,0,2015,2037-10-18
PHA-300724,(PHA-300724) 2017 YS20,0.5444,17.69,0.004619,690992.1,17.1,0.1593,1.2434,13.65,506.4,1.0453,1.4414,0.005058,Apollo,1,2017,2027-06-07
NEO-102438,(NEO-102438) 2009 ME90,0.135,31.68,0.04193,6272631.3,22.84,0.4809,1.0691,2.94,403.8,0.5549,1.5833,0.030061,Apollo,0,2009,2044-09-03
NEO-103938,(NEO-103938) 2011 XM30,0.0464,19.35,0.002265,338857.1,25.48,0.2642,1.3249,4.61,557.0,0.9749,1.675,0.001876,Apollo,0,2011,2029-02-17
NEO-101187,(NEO-101187) 2013 HM14,0.3325,11.6,0.055488,8300905.6,17.84,0.2704,2.2418,7.78,1226.0,1.6356,2.848,0.052,Atira,0,2013,2034-01-05
NEO-100969,(NEO-100969) 2008 YF24,0.0328,18.09,0.041315,6180705.3,26.65,0.402,0.9409,12.67,333.4,0.5627,1.3192,0.03385,Aten,0,2008,2044-03-15
PHA-300404,(PHA-300404) 2009 MQ91,0.6635,13.37,0.017207,2574141.1,16.64,0.2658,1.4043,0.93,607.8,1.0311,1.7775,0.013999,Apollo,1,2009,2043-08-19
PHA-300416,(PHA-300416) 2004 XN61,1.1926,17.85,0.026117,3907061.3,15.22,0.5409,1.521,23.04,685.2,0.6984,2.3437,0.022906,Apollo,1,2004,2031-07-22
NEO-100838,(NEO-100838) 2013 KS73,0.0769,15.43,0.245152,36674280.9,23.59,0.7,2.0407,11.24,1064.8,0.6122,3.4692,0.245612,Apollo,0,2013,2027-04-12
PHA-300287,(PHA-300287) 2021 UY47,0.34,11.48,0.004634,693247.4,17.86,0.4266,1.5858,6.38,729.4,0.9092,2.2623,0.003595,Apollo,1,2021,2034-03-17
NEO-103860,(NEO-103860) 1991 WH43,0.0917,20.21,0.014605,2184895.6,24.57,0.6342,0.8793,3.78,301.1,0.3217,1.4369,0.011647,Aten,0,1991,2041-06-05
NEO-101475,(NEO-101475) 2023 KS32,0.0045,9.5,0.120138,17972314.7,23.93,0.1023,1.4675,6.15,649.3,1.3174,1.6176,0.152976,Atira,0,2023,2038-04-18
NEO-103428,(NEO-103428) 2011 QT72,0.0568,18.76,0.370044,55357785.5,24.26,0.05,2.0226,4.17,1050.6,1.9214,2.1237,0.463144,Atira,0,2011,2032-11-21
NEO-103907,(NEO-103907) 2010 WE83,0.0121,17.85,0.003104,464312.0,27.55,0.1525,0.7,3.93,213.9,0.5932,0.8068,0.002316,Atira,0,2010,2035-01-18
NEO-103859,(NEO-103859) 2002 EL3,0.2788,17.89,0.297871,44560905.2,18.79,0.1989,2.7334,5.35,1650.6,2.1896,3.2772,0.298665,Atira,0,2002,2043-07-25
NEO-100208,(NEO-100208) 2002 ZA49,0.002,4.0,0.010055,1504274.8,22.87,0.5348,0.7438,18.28,234.3,0.346,1.1417,0.011406,Aten,0,2002,2043-09-03
NEO-100170,(NEO-100170) 1993 OR28,0.005,12.23,0.158857,23764691.6,23.91,0.5469,1.7206,6.24,824.3,0.7796,2.6615,0.114885,Apollo,0,1993,2037-12-11
NEO-101763,(NEO-101763) 2017 NG68,0.0811,23.35,0.112706,16860530.4,24.91,0.5732,2.0243,20.8,1051.9,0.864,3.1846,0.12294,Apollo,0,2017,2030-08-15
NEO-100200,(NEO-100200) 2009 EQ95,0.0327,7.62,0.021416,3203830.7,23.2,0.1767,1.2944,2.44,537.9,1.0657,1.5232,0.019635,Amor,0,2009,2026-12-01
PHA-300238,(PHA-300238) 2021 JQ34,1.0536,14.61,0.009539,1427070.1,15.65,0.3353,1.9878,12.24,1023.7,1.3213,2.6544,0.008073,Apollo,1,2021,2026-09-14
NEO-103123,(NEO-103123) 2013 KR40,0.0243,16.33,0.1324,19806762.8,25.43,0.3791,1.6818,25.94,796.6,1.0443,2.3193,0.142983,Amor,0,2013,2042-05-26
NEO-102976,(NEO-102976) 1995 KK45,0.052,8.93,0.099532,14889778.0,22.85,0.6911,1.0284,6.41,380.9,0.3176,1.7392,0.100693,Apollo,0,1995,2027-02-02
NEO-100233,(NEO-100233) 2025 KS30,0.0064,11.18,0.007767,1161856.8,22.25,0.2174,1.4495,9.12,637.4,1.1344,1.7646,0.007135,Amor,0,2025,2029-06-04
NEO-101864,(NEO-101864) 2019 ZT3,1.0654,6.06,0.238114,35621344.3,15.0,0.3197,1.3591,8.03,578.7,0.9246,1.7937,0.179176,Apollo,0,2019,2037-12-07
NEO-101743,(NEO-101743) 2012 UN86,0.2331,13.13,0.280563,41971638.2,18.83,0.4362,1.4209,8.0,618.6,0.801,2.0407,0.352342,Apollo,0,2012,2029-05-21
PHA-300169,(PHA-300169) 2004 HG38,0.6928,21.92,0.03858,5771432.9,16.4,0.1787,1.9481,21.51,993.2,1.6,2.2963,0.038927,Apollo,1,2004,2040-11-19
PHA-300377,(PHA-300377) 2001 RW62,2.3304,24.41,0.004714,705175.0,13.77,0.4914,1.3374,11.51,564.9,0.6802,1.9946,0.004836,Apollo,1,2001,2041-04-23
PHA-300147,(PHA-300147) 2012 WW43,0.473,33.77,0.030846,4614520.4,17.68,0.7086,2.0387,44.28,1063.2,0.5942,3.4832,0.021602,Apollo,1,2012,2041-08-07
NEO-102056,(NEO-102056) 1993 XL31,1.2064,3.5,0.389896,58327663.5,15.5,0.3854,1.9592,0.66,1001.7,1.2041,2.7144,0.344338,Amor,0,1993,2044-03-19
NEO-103228,(NEO-103228) 2014 XR90,0.3962,11.79,0.059022,8829625.2,17.74,0.4585,2.3672,5.43,1330.3,1.2819,3.4525,0.070263,Amor,0,2014,2040-12-17
PHA-300721,(PHA-300721) 2023 RC65,0.5779,19.87,0.015468,2314032.3,16.06,0.2892,1.2251,2.99,495.3,0.8708,1.5794,0.012316,Apollo,1,2023,2036-02-17
PHA-300588,(PHA-300588) 2013 XG34,0.2918,23.93,0.014653,2192116.3,18.26,0.2266,1.5959,11.96,736.4,1.2343,1.9574,0.011845,Apollo,1,2013,2043-01-16
NEO-103657,(NEO-103657) 2003 WR51,0.6445,5.21,0.514663,76992559.5,16.35,0.2939,1.1,16.5,421.4,0.7767,1.4233,0.422704,Apollo,0,2003,2039-02-18
NEO-102433,(NEO-102433) 1992 VJ4,0.005,16.53,0.184108,27542197.7,22.44,0.2189,1.5013,2.44,671.9,1.1726,1.8301,0.129998,Amor,0,1992,2038-05-07
NEO-101786,(NEO-101786) 1993 KV71,0.0108,6.99,0.007666,1146803.0,22.46,0.484,1.4932,1.03,666.4,0.7705,2.2159,0.005461,Apollo,0,1993,2042-07-20
PHA-300280,(PHA-300280) 2015 FE65,0.5999,25.09,0.034628,5180220.5,16.65,0.4773,1.4535,4.5,640.1,0.7598,2.1473,0.027586,Apollo,1,2015,2038-07-19
NEO-102302,(NEO-102302) 1995 DN64,0.0199,16.88,0.000532,79583.3,23.8,0.2628,1.3515,12.25,573.9,0.9963,1.7067,0.000586,Apollo,0,1995,2033-01-15
NEO-101048,(NEO-101048) 1999 EY32,0.0214,23.94,0.088918,13301898.3,23.33,0.2796,0.8,0.74,261.4,0.5763,1.0237,0.113203,Aten,0,1999,2034-07-10
NEO-101207,(NEO-101207) 1995 AX87,0.056,18.8,0.05398,8075219.2,22.79,0.1466,1.2085,27.0,485.2,1.0314,1.3856,0.063939,Amor,0,1995,2029-06-26
NEO-100172,(NEO-100172) 2018 FU1,0.0544,8.48,0.011664,1744922.6,25.25,0.75,1.048,0.51,391.9,0.262,1.834,0.014738,Apollo,0,2018,2044-06-22
NEO-100498,(NEO-100498) 2014 XM45,0.0251,19.25,0.07971,11924502.3,23.48,0.6054,1.0101,18.88,370.8,0.3986,1.6216,0.082923,Apollo,0,2014,2040-12-20
NEO-103000,(NEO-103000) 2000 RN88,0.002,12.28,0.011078,1657258.0,24.1,0.3587,1.4002,5.81,605.2,0.898,1.9024,0.01121,Apollo,0,2000,2031-11-07
NEO-100873,(NEO-100873) 2025 FJ97,0.324,12.62,0.386939,57885280.2,17.99,0.2291,1.7761,4.34,864.5,1.3692,2.1829,0.494401,Atira,0,2025,2025-02-21
NEO-100904,(NEO-100904) 2000 RA41,0.0791,16.41,0.003768,563713.5,23.2,0.5722,1.0266,14.2,379.9,0.4392,1.6141,0.004354,Apollo,0,2000,2032-11-21
NEO-100683,(NEO-100683) 2015 MB43,0.3153,12.64,0.126464,18918699.4,18.2,0.2672,2.6491,36.64,1574.9,1.9414,3.3569,0.144661,Atira,0,2015,2025-02-15
PHA-300016,(PHA-300016) 2007 UA8,0.8354,21.23,0.008477,1268120.5,16.27,0.5827,1.7915,7.43,875.8,0.7476,2.8354,0.006301,Apollo,1,2007,2041-04-10
NEO-100457,(NEO-100457) 2015 AQ48,1.9505,8.09,0.078572,11754133.6,14.76,0.3396,1.3308,6.28,560.7,0.8788,1.7827,0.077179,Apollo,0,2015,2025-12-03
NEO-102211,(NEO-102211) 2020 ZW54,0.0183,10.01,0.053936,8068764.3,22.2,0.5082,1.5119,3.39,679.0,0.7436,2.2802,0.047455,Apollo,0,2020,2026-10-23
NEO-100759,(NEO-100759) 2014 UG75,0.8176,12.38,0.523662,78338749.5,16.46,0.3474,1.6328,32.1,762.1,1.0656,2.2,0.530659,Amor,0,2014,2025-08-05
NEO-102647,(NEO-102647) 2017 JQ95,0.0492,32.23,0.01411,2110886.3,24.58,0.6136,1.5979,0.18,737.8,0.6174,2.5785,0.017632,Apollo,0,2017,2039-02-04
NEO-100689,(NEO-100689) 2007 JO52,0.0028,11.81,0.060653,9073605.2,24.47,0.4202,0.9605,5.58,343.8,0.5569,1.3642,0.072898,Aten,0,2007,2037-04-17
NEO-101365,(NEO-101365) 2016 MD80,0.0072,12.72,0.42287,63260497.8,24.94,0.1755,0.973,11.09,350.6,0.8022,1.1438,0.421007,Aten,0,2016,2032-04-17
NEO-100769,(NEO-100769) 2012 LQ49,1.6582,20.68,0.120356,18004943.6,14.37,0.1139,1.9379,4.1,985.3,1.7171,2.1586,0.125798,Atira,0,2012,2032-06-20
NEO-102887,(NEO-102887) 1990 AN27,0.0071,14.28,0.408558,61119412.3,25.01,0.5411,2.1473,6.85,1149.3,0.9854,3.3092,0.359554,Apollo,0,1990,2033-02-12
NEO-100665,(NEO-100665) 1990 GP87,0.863,14.3,0.405795,60706132.0,15.98,0.0914,2.1409,6.36,1144.2,1.9452,2.3367,0.522022,Atira,0,1990,2030-01-28
NEO-103384,(NEO-103384) 2013 UH42,0.0397,21.83,0.02103,3146113.4,25.62,0.0663,1.4095,2.63,611.2,1.316,1.5029,0.026388,Atira,0,2013,2038-01-26
NEO-100734,(NEO-100734) 2010 NO95,0.2659,20.5,0.407684,60988625.4,18.37,0.242,1.9147,4.01,967.7,1.4512,2.3781,0.514522,Atira,0,2010,2035-10-27
NEO-101636,(NEO-101636) 2008 UL53,0.0283,24.96,0.074124,11088783.3,23.75,0.2323,1.4625,10.34,646.0,1.1228,1.8022,0.069592,Amor,0,2008,2033-09-02
NEO-100614,(NEO-100614) 1991 CP24,0.0268,17.87,0.055746,8339484.6,24.08,0.3085,2.0077,2.46,1039.1,1.3884,2.627,0.052873,Atira,0,1991,2026-09-21
NEO-101540,(NEO-101540) 1997 TE97,0.0172,16.28,0.004293,642298.2,22.4,0.5886,1.6023,19.85,740.8,0.6591,2.5454,0.003006,Apollo,0,1997,2026-04-27
NEO-103647,(NEO-103647) 2009 CJ58,0.0944,12.38,0.134399,20105745.8,26.48,0.3173,2.0125,8.15,1042.8,1.3739,2.6511,0.164738,Atira,0,2009,2026-11-01
NEO-101070,(NEO-101070) 1999 JX14,0.0034,18.59,0.028202,4218888.9,23.62,0.5421,1.3257,2.01,557.5,0.607,2.0443,0.021524,Apollo,0,1999,2041-12-16
NEO-102584,(NEO-102584) 1993 ZJ94,0.0528,4.0,0.033028,4940988.0,22.52,0.4562,0.7,5.99,213.9,0.3807,1.0193,0.026537,Aten,0,1993,2043-12-05
PHA-300673,(PHA-300673) 2017 ZD71,0.2402,33.42,0.010781,1612886.5,18.68,0.5146,1.5981,15.89,737.9,0.7758,2.4204,0.01013,Apollo,1,2017,2033-05-18
NEO-102564,(NEO-102564) 2012 YE18,0.0093,29.54,0.010119,1513811.3,24.02,0.2281,0.936,2.79,330.7,0.7225,1.1495,0.008428,Aten,0,2012,2035-12-01
NEO-100113,(NEO-100113) 2014 QS1,0.0452,29.76,0.005755,860935.3,22.26,0.2,1.6919,4.58,803.8,1.3535,2.0302,0.007256,Atira,0,2014,2036-06-19
PHA-300305,(PHA-300305) 2010 MU69,0.2711,13.25,0.019618,2934783.7,18.1,0.5014,1.5504,25.82,705.1,0.7731,2.3277,0.013056,Apollo,1,2010,2039-08-16
NEO-102799,(NEO-102799) 2024 OD73,0.0559,14.82,0.015376,2300272.7,25.24,0.5693,1.2955,15.73,538.6,0.558,2.0331,0.015156,Apollo,0,2024,2038-11-08
NEO-102514,(NEO-102514) 2022 HV30,0.0501,13.67,0.047272,7071760.2,23.97,0.3107,1.1948,6.71,477.0,0.8236,1.5659,0.049137,Apollo,0,2022,2040-07-03
NEO-100573,(NEO-100573) 2016 DS95,0.13,11.44,0.377913,56535049.8,23.6,0.5704,1.8993,20.87,956.0,0.816,2.9826,0.44723,Apollo,0,2016,2040-11-24
NEO-102183,(NEO-102183) 2017 RX47,0.8719,17.09,0.65,97238616.0,15.73,0.391,2.1279,7.8,1133.7,1.2958,2.9599,0.7,Amor,0,2017,2026-03-12
NEO-100017,(NEO-100017) 2016 TW57,0.007,27.18,0.031802,4757483.8,23.81,0.3644,1.5825,2.06,727.1,1.0058,2.1591,0.030619,Apollo,0,2016,2032-07-11
NEO-100232,(NEO-100232) 2018 ZX13,0.1234,13.36,0.003551,531207.2,22.55,0.2392,2.168,1.73,1165.9,1.6493,2.6866,0.003263,Atira,0,2018,2036-09-18
NEO-102013,(NEO-102013) 1995 OF65,0.0071,26.97,0.087394,13073904.3,23.22,0.6755,0.9353,5.09,330.4,0.3035,1.5671,0.080711,Aten,0,1995,2039-03-21
PHA-300419,(PHA-300419) 2018 NL76,0.915,18.0,0.05,7479893.5,15.59,0.177,1.3263,37.88,557.9,1.0916,1.5611,0.033369,Apollo,1,2018,2028-10-25
NEO-101670,(NEO-101670) 2000 YH4,0.0135,23.72,0.005377,804390.1,25.37,0.4239,1.9229,0.42,973.9,1.1078,2.738,0.004093,Amor,0,2000,2025-05-24
PHA-300666,(PHA-300666) 2015 CP85,0.8471,24.33,0.008176,1223058.4,16.49,0.5379,1.5829,36.89,727.4,0.7314,2.4343,0.006804,Apollo,1,2015,2025-06-15
NEO-101343,(NEO-101343) 2003 QE18,0.13,12.44,0.166387,24891149.7,24.7,0.6255,1.6619,23.73,782.5,0.6224,2.7013,0.198788,Apollo,0,2003,2035-03-12
NEO-102935,(NEO-102935) 2005 JW17,0.0622,19.39,0.06839,10231044.9,25.23,0.6224,1.6518,13.62,775.4,0.6236,2.6799,0.07984,Apollo,0,2005,2041-04-21
NEO-103268,(NEO-103268) 2015 NE98,0.0102,15.95,0.160883,24067792.1,23.95,0.3202,1.9619,3.63,1003.7,1.3337,2.59,0.138008,Atira,0,2015,2027-05-10
NEO-101542,(NEO-101542) 2024 DC89,0.0061,18.85,0.305246,45664197.9,24.93,0.3511,1.8091,1.32,888.8,1.174,2.4443,0.272614,Amor,0,2024,2029-02-16
NEO-101067,(NEO-101067) 2018 TS15,0.008,5.0,0.096626,14455000.0,24.23,0.0664,1.6756,2.78,792.2,1.5644,1.7869,0.075402,Atira,0,2018,2033-07-23
NEO-102420,(NEO-102420) 1994 RL74,0.052,4.0,0.044523,6660501.0,22.48,0.2668,1.7337,1.6,833.8,1.2712,2.1962,0.035675,Amor,0,1994,2028-07-06
PHA-300090,(PHA-300090) 2001 WA44,0.4874,24.38,0.030785,4605436.3,17.01,0.3495,1.6945,5.03,805.7,1.1023,2.2867,0.031399,Apollo,1,2001,2032-08-16
PHA-300695,(PHA-300695) 2006 EQ63,0.6798,19.66,0.001865,279040.0,16.27,0.4885,1.738,7.92,836.9,0.8889,2.587,0.001191,Apollo,1,2006,2031-11-16
NEO-100516,(NEO-100516) 2002 AT92,0.0604,11.68,0.149152,22312748.2,23.83,0.1244,1.2111,6.46,486.8,1.0605,1.3617,0.183828,Amor,0,2002,2034-11-06
PHA-300059,(PHA-300059) 2000 HZ82,0.1666,29.39,0.000622,92995.9,19.49,0.1871,1.5102,27.43,677.9,1.2277,1.7928,0.00052,Apollo,1,2000,2044-07-03
NEO-100340,(NEO-100340) 2000 WV91,0.0125,5.34,0.087418,13077571.6,24.58,0.521,1.7847,4.87,870.8,0.8548,2.7146,0.105604,Apollo,0,2000,2039-01-14
NEO-100411,(NEO-100411) 2005 RA21,0.8955,19.77,0.393221,58825065.8,15.91,0.0554,2.0692,4.28,1087.2,1.9546,2.1838,0.447309,Atira,0,2005,2025-04-08
NEO-102253,(NEO-102253) 1992 ZH71,1.5934,9.06,0.086181,12892504.6,14.41,0.3903,1.871,12.03,934.7,1.1407,2.6012,0.071483,Amor,0,1992,2040-09-14
NEO-100270,(NEO-100270) 1990 OD95,0.3134,20.67,0.17166,25680005.8,17.85,0.55,1.9464,0.5,991.8,0.8759,3.0169,0.200505,Apollo,0,1990,2034-06-13
NEO-103261,(NEO-103261) 2024 PS36,0.0577,19.56,0.006714,1004463.7,27.71,0.2784,1.3532,10.62,574.9,0.9765,1.7299,0.006472,Apollo,0,2024,2026-12-25
NEO-103143,(NEO-103143) 2004 ZX75,0.0037,12.31,0.042447,6349961.4,25.51,0.4176,1.4495,0.96,637.4,0.8442,2.0548,0.037443,Apollo,0,2004,2033-07-07
NEO-100932,(NEO-100932) 2025 WK80,0.0415,11.95,0.026271,3930092.6,26.73,0.4362,1.8025,18.28,883.9,1.0163,2.5888,0.028458,Apollo,0,2025,2031-06-01
PHA-300220,(PHA-300220) 1997 WH23,0.2775,28.29,0.001554,232541.0,19.07,0.6454,1.4909,4.26,664.9,0.5287,2.4532,0.001004,Apollo,1,1997,2030-05-09
NEO-102858,(NEO-102858) 2009 TC29,0.2636,12.0,0.2511,37564017.2,18.69,0.1186,2.2235,12.7,1211.0,1.9598,2.4873,0.192401,Atira,0,2009,2029-08-21
PHA-300660,(PHA-300660) 2002 ST64,0.2372,33.63,0.024019,3593241.6,18.32,0.4111,1.3944,12.48,601.4,0.8212,1.9676,0.02239,Apollo,1,2002,2041-08-02
NEO-100091,(NEO-100091) 2014 SF83,0.018,23.93,0.043929,6571622.4,22.3,0.516,1.1804,2.76,468.4,0.5712,1.7895,0.046492,Apollo,0,2014,2042-09-16
NEO-101072,(NEO-101072) 2015 JZ57,0.0289,16.15,0.023866,3570327.2,24.5,0.6004,1.0472,10.76,391.4,0.4185,1.676,0.021392,Apollo,0,2015,2044-02-10
NEO-103685,(NEO-103685) 2020 QH46,0.0228,12.64,0.023563,3524957.4,24.46,0.3454,1.2267,2.43,496.2,0.8029,1.6504,0.026194,Apollo,0,2020,2031-10-01
PHA-300002,(PHA-300002) 2020 VB84,0.7456,31.64,0.003427,512679.2,15.81,0.3041,1.6179,2.21,751.7,1.1259,2.1099,0.003029,Apollo,1,2020,2042-10-12
PHA-300491,(PHA-300491) 2020 DH51,0.4433,14.14,0.007311,1093766.8,16.69,0.4181,1.298,0.52,540.1,0.7552,1.8407,0.006372,Apollo,1,2020,2034-12-14
NEO-100945,(NEO-100945) 2011 NF54,0.13,9.91,0.275521,41217325.5,24.56,0.4515,1.3067,2.15,545.6,0.7167,1.8967,0.304087,Apollo,0,2011,2025-07-03
NEO-101646,(NEO-101646) 2006 KF58,0.0395,23.0,0.005189,776312.1,22.36,0.2521,1.1452,1.96,447.6,0.8565,1.4339,0.004979,Apollo,0,2006,2043-03-06
NEO-100624,(NEO-100624) 2024 XJ18,0.0292,15.7,0.001451,217127.8,25.26,0.4549,1.1361,7.48,442.3,0.6192,1.6529,0.00172,Apollo,0,2024,2035-03-08
NEO-103417,(NEO-103417) 2012 VH34,0.0335,17.38,0.002582,386229.1,31.5,0.3051,1.0256,6.11,379.3,0.7127,1.3385,0.002864,Apollo,0,2012,2035-05-12
NEO-101523,(NEO-101523) 2000 PD95,0.6921,25.32,0.063374,9480673.0,16.44,0.3404,1.6157,8.05,750.1,1.0657,2.1657,0.052,Amor,0,2000,2032-01-24
NEO-101798,(NEO-101798) 2009 AM93,0.002,23.48,0.041915,6270409.1,28.17,0.5366,1.6258,14.9,757.2,0.7534,2.4983,0.049133,Apollo,0,2009,2038-10-17
PHA-300784,(PHA-300784) 2005 HU97,1.0825,15.51,0.025161,3764046.0,15.25,0.7149,1.8689,1.61,933.2,0.5329,3.2049,0.022594,Apollo,1,2005,2031-10-24
NEO-103646,(NEO-103646) 1993 MO92,0.5146,6.45,0.220955,33054346.5,16.87,0.1762,1.5967,6.48,736.9,1.3154,1.8781,0.269512,Atira,0,1993,2028-06-24
NEO-101639,(NEO-101639) 2008 HF67,0.857,20.92,0.278412,41649824.8,16.42,0.0403,2.1456,2.78,1147.9,2.0592,2.232,0.273069,Atira,0,2008,2031-01-15
NEO-102903,(NEO-102903) 1994 BS54,0.15,18.52,0.072571,10856465.9,19.93,0.5343,1.8562,4.37,923.7,0.8644,2.848,0.082821,Apollo,0,1994,2026-11-01
NEO-103324,(NEO-103324) 2025 SQ84,0.007,17.44,0.019654,2940267.7,22.59,0.5847,1.1718,7.75,463.3,0.4866,1.857,0.021888,Apollo,0,2025,2033-07-09
NEO-100989,(NEO-100989) 1992 WQ35,0.135,16.0,0.003479,520423.9,22.2,0.2521,1.6178,4.3,751.6,1.2099,2.0257,0.004111,Amor,0,1992,2029-12-26
NEO-101719,(NEO-101719) 2001 UB36,0.0247,22.41,0.063707,9530367.9,23.24,0.1609,2.3993,7.54,1357.4,2.0131,2.7854,0.045938,Atira,0,2001,2029-10-01
NEO-101870,(NEO-101870) 2020 MJ98,0.035,23.11,0.186832,27949672.1,23.23,0.446,1.258,9.4,515.3,0.6969,1.819,0.21622,Apollo,0,2020,2035-11-24
PHA-300167,(PHA-300167) 2022 GP71,0.657,31.44,0.025923,3877987.4,16.4,0.3802,0.8116,9.6,267.0,0.503,1.1201,0.020276,Aten,1,2022,2039-03-05
NEO-101874,(NEO-101874) 2016 LH89,0.023,20.99,0.329829,49341693.2,23.85,0.3086,0.8,1.83,261.4,0.5531,1.0469,0.254884,Aten,0,2016,2034-01-15
NEO-103364,(NEO-103364) 2004 MG31,0.6595,13.53,0.344325,51510278.3,16.57,0.3074,1.7225,9.77,825.7,1.1931,2.2519,0.277916,Amor,0,2004,2031-10-09
NEO-102837,(NEO-102837) 1994 YY33,0.0672,11.82,0.003244,485291.6,26.19,0.2638,1.1408,1.09,445.1,0.8399,1.4417,0.003898,Apollo,0,1994,2039-02-03
NEO-100398,(NEO-100398) 1998 HJ71,0.13,22.65,0.230348,34459546.8,22.88,0.7,1.2216,1.53,493.2,0.3665,2.0768,0.181306,Apollo,0,1998,2035-02-26
NEO-100726,(NEO-100726) 2000 XE92,0.0064,11.78,0.008865,1326148.7,30.96,0.1971,0.9334,5.44,329.4,0.7495,1.1174,0.01012,Aten,0,2000,2031-05-17
NEO-102471,(NEO-102471) 1991 WA40,0.046,14.68,0.001406,210284.2,27.33,0.3608,0.7,0.37,213.9,0.4474,0.9526,0.001327,Atira,0,1991,2032-05-24
NEO-100976,(NEO-100976) 2023 ZX30,0.0021,17.98,0.042319,6330825.6,25.19,0.5627,0.8673,7.2,295.0,0.3793,1.3553,0.053178,Aten,0,2023,2029-05-14
NEO-101444,(NEO-101444) 1997 XE42,0.5044,14.7,0.157884,23619148.5,16.18,0.0542,1.9746,14.17,1013.5,1.8676,2.0816,0.137985,Atira,0,1997,2039-01-22
NEO-101618,(NEO-101618) 1992 TH81,0.0072,4.0,0.040318,6031522.1,26.58,0.551,1.2581,13.48,515.4,0.5649,1.9513,0.032654,Apollo,0,1992,2043-12-25
NEO-101735,(NEO-101735) 1995 AE26,0.0089,26.97,0.249167,37274813.9,23.52,0.3779,1.3472,9.32,571.2,0.8382,1.8563,0.288947,Apollo,0,1995,2035-04-01
NEO-100380,(NEO-100380) 2020 QX78,0.5161,8.6,0.076403,11429780.9,16.8,0.55,2.8115,8.98,1721.9,1.2652,4.3578,0.068258,Amor,0,2020,2035-04-02
NEO-100223,(NEO-100223) 2018 OY65,0.1643,8.93,0.65,97238616.0,19.66,0.3709,1.7872,9.35,872.7,1.1244,2.45,0.7,Amor,0,2018,2044-08-06
NEO-100292,(NEO-100292) 2003 EH33,0.021,23.28,0.341537,51093278.8,22.8,0.4072,0.8,7.09,261.4,0.4742,1.1258,0.284154,Aten,0,2003,2038-10-27
NEO-102590,(NEO-102590) 2003 RM27,0.2014,9.95,0.065466,9793539.9,18.94,0.248,1.1,38.98,421.4,0.8272,1.3728,0.067245,Apollo,0,2003,2031-01-23
NEO-102241,(NEO-102241) 1992 UK20,0.1204,12.35,0.019803,2962548.1,22.29,0.4946,1.0152,12.66,373.6,0.5131,1.5173,0.014536,Apollo,0,1992,2041-10-18
NEO-100446,(NEO-100446) 2021 EM8,0.0568,19.06,0.109891,16439529.7,28.75,0.4201,1.2289,24.67,497.6,0.7126,1.7452,0.128227,Apollo,0,2021,2033-11-09
PHA-300383,(PHA-300383) 2022 LA65,2.3591,17.15,0.000979,146455.4,14.01,0.4798,2.0819,1.6,1097.2,1.083,3.0808,0.000762,Apollo,1,2022,2044-05-13
NEO-103048,(NEO-103048) 2010 QK75,0.9565,16.0,0.35751,53482661.2,16.2,0.3947,1.7686,10.48,859.0,1.0706,2.4665,0.463747,Amor,0,2010,2027-06-02
NEO-101159,(NEO-101159) 2011 MM37,0.0723,14.51,0.02812,4206629.3,24.22,0.5219,1.127,2.43,437.0,0.5388,1.7152,0.032203,Apollo,0,2011,2040-03-04
NEO-103216,(NEO-103216) 1990 QR12,0.0074,11.73,0.040549,6065976.4,22.26,0.1742,1.5716,6.02,719.6,1.2978,1.8454,0.044272,Amor,0,1990,2036-11-13
NEO-102369,(NEO-102369) 2024 BZ34,0.0365,10.86,0.047406,7091849.5,28.23,0.6709,1.6752,4.46,792.0,0.5514,2.7991,0.034853,Apollo,0,2024,2028-11-03
NEO-100434,(NEO-100434) 2018 JL3,0.0139,19.46,0.430132,64346873.2,22.82,0.7,1.6613,5.31,782.1,0.4984,2.8242,0.48059,Apollo,0,2018,2042-12-25
NEO-101100,(NEO-101100) 2023 CG92,0.13,22.62,0.366718,54860167.1,23.11,0.1885,1.3248,1.04,556.9,1.0751,1.5745,0.368138,Amor,0,2023,2044-11-12
PHA-300681,(PHA-300681) 2008 WX59,0.6926,19.5,0.004864,727671.9,17.33,0.1766,1.2401,0.58,504.4,1.0211,1.459,0.004692,Apollo,1,2008,2031-12-26
NEO-100988,(NEO-100988) 2022 PE78,0.002,16.87,0.048181,7207842.6,22.84,0.4789,1.2631,0.47,518.5,0.6583,1.8679,0.040901,Apollo,0,2022,2040-02-16
PHA-300534,(PHA-300534) 1996 JF18,0.9189,27.16,0.004449,665494.2,15.72,0.5594,0.75,5.48,237.2,0.3305,1.1695,0.002737,Aten,1,1996,2035-01-05
NEO-100908,(NEO-100908) 2024 NG64,0.5432,3.5,0.097045,14517672.1,16.86,0.4185,2.7348,1.4,1651.9,1.5903,3.8794,0.081295,Atira,0,2024,2031-07-04
NEO-101192,(NEO-101192) 1997 LC5,0.0168,23.55,0.052569,7864245.2,22.28,0.2571,1.1421,13.41,445.8,0.8485,1.4357,0.051462,Apollo,0,1997,2025-06-24
NEO-102816,(NEO-102816) 2006 MK98,0.0404,16.81,0.211441,31631156.9,23.23,0.4854,1.0778,2.04,408.7,0.5546,1.601,0.218571,Apollo,0,2006,2033-10-12
PHA-300033,(PHA-300033) 2021 TB52,0.14,21.6,0.013347,1996688.8,20.67,0.4895,1.6907,13.92,802.9,0.8631,2.5182,0.00845,Apollo,1,2021,2029-02-06
NEO-100620,(NEO-100620) 2007 EG55,0.0153,10.04,0.041307,6179449.4,29.55,0.4754,0.7,12.69,213.9,0.3673,1.0327,0.030917,Aten,0,2007,2039-08-15
NEO-101137,(NEO-101137) 2024 DM32,0.0287,12.33,0.104162,15582439.9,23.31,0.0978,1.681,0.52,796.1,1.5166,1.8454,0.131255,Atira,0,2024,2039-04-20
NEO-102634,(NEO-102634) 2019 ZU41,0.3416,14.53,0.179826,26901586.2,18.09,0.3597,1.9903,0.5,1025.6,1.2743,2.7063,0.136698,Amor,0,2019,2028-10-03
NEO-101640,(NEO-101640) 2008 KJ13,1.0952,6.27,0.086457,12933815.6,14.91,0.3996,1.1,24.41,421.4,0.6604,1.5396,0.102681,Apollo,0,2008,2032-04-25
NEO-102632,(NEO-102632) 2004 CC1,0.1124,29.1,0.011702,1750569.1,22.49,0.4441,1.5825,22.21,727.1,0.8797,2.2854,0.010643,Apollo,0,2004,2036-05-03
PHA-300574,(PHA-300574) 2009 GA5,0.7661,25.97,0.05,7479893.5,15.83,0.7106,1.5835,17.9,727.8,0.4582,2.7088,0.039191,Apollo,1,2009,2043-09-18
NEO-103036,(NEO-103036) 2012 FH62,0.0093,22.69,0.386837,57870037.6,22.42,0.2169,1.5154,20.34,681.4,1.1867,1.8441,0.476399,Amor,0,2012,2028-12-16
NEO-100203,(NEO-100203) 1994 SP82,0.13,10.86,0.114902,17189163.8,24.09,0.259,2.2666,9.58,1246.4,1.6795,2.8538,0.115978,Atira,0,1994,2028-10-06
NEO-101458,(NEO-101458) 2006 KX16,2.5213,3.5,0.353768,52922909.2,13.83,0.148,1.1,4.19,421.4,0.9372,1.2628,0.320484,Apollo,0,2006,2041-03-17
NEO-103667,(NEO-103667) 2021 MK57,0.0587,16.87,0.007947,1188867.6,22.52,0.1846,1.583,1.5,727.4,1.2907,1.8752,0.005656,Amor,0,2021,2028-12-28
NEO-102764,(NEO-102764) 2001 RW55,0.008,12.96,0.009889,1479305.4,23.84,0.1291,1.3811,1.91,592.8,1.2028,1.5595,0.010377,Amor,0,2001,2036-07-03
NEO-100595,(NEO-100595) 2019 HB59,0.8316,24.01,0.389799,58313093.4,16.26,0.4232,2.0304,16.18,1056.7,1.1712,2.8896,0.297201,Amor,0,2019,2028-01-03
NEO-100740,(NEO-100740) 2003 HA16,1.291,14.11,0.118101,17667730.3,15.32,0.307,1.7532,2.04,847.9,1.215,2.2914,0.119002,Amor,0,2003,2025-07-23
NEO-101194,(NEO-101194) 1993 YM28,0.0134,27.31,0.007318,1094824.3,23.54,0.679,1.0324,8.53,383.1,0.3314,1.7334,0.009491,Apollo,0,1993,2038-03-28
PHA-300732,(PHA-300732) 2003 UW3,0.5108,26.07,0.019792,2960872.8,16.83,0.6651,2.3269,9.33,1296.4,0.7794,3.8744,0.016776,Apollo,1,2003,2031-06-16
NEO-103415,(NEO-103415) 2017 ST19,0.1305,23.68,0.0074,1107007.9,29.48,0.3831,0.8181,6.03,270.3,0.5047,1.1315,0.00816,Aten,0,2017,2038-05-05
PHA-300096,(PHA-300096) 2024 VU70,0.7623,25.65,0.012725,1903562.9,15.93,0.4496,1.9009,4.04,957.2,1.0461,2.7556,0.009156,Apollo,1,2024,2025-11-03
NEO-100946,(NEO-100946) 2015 QQ44,0.1991,13.18,0.131587,19685181.5,19.46,0.508,1.954,4.5,997.6,0.9614,2.9466,0.122642,Apollo,0,2015,2033-12-09
NEO-101404,(NEO-101404) 2003 OX86,0.0044,28.67,0.034147,5108264.7,26.98,0.2807,1.0436,3.56,389.4,0.7506,1.3365,0.040691,Apollo,0,2003,2037-08-24
NEO-102694,(NEO-102694) 2000 CL73,0.6383,18.62,0.385219,57627976.9,15.58,0.4329,1.1,12.51,421.4,0.6238,1.5762,0.396956,Apollo,0,2000,2029-03-19
PHA-300462,(PHA-300462) 2011 JX45,0.3903,33.09,0.003538,529298.1,17.29,0.5896,1.868,1.76,932.5,0.7666,2.9695,0.003577,Apollo,1,2011,2029-07-13
NEO-103244,(NEO-103244) 2006 AQ27,0.0684,11.31,0.008307,1242736.1,22.8,0.1879,0.9637,10.38,345.6,0.7827,1.1448,0.006972,Aten,0,2006,2044-08-17
NEO-103256,(NEO-103256) 2011 XM45,0.6532,6.68,0.35817,53581485.3,16.7,0.1385,2.0816,25.57,1096.9,1.7932,2.3699,0.441734,Atira,0,2011,2040-10-11
NEO-102615,(NEO-102615) 2018 KO36,0.0766,13.19,0.017142,2564337.2,23.32,0.3517,1.8066,6.5,886.9,1.1713,2.442,0.015295,Amor,0,2018,2029-10-19
NEO-103869,(NEO-103869) 2009 OE88,0.8736,16.29,0.312106,46690442.7,16.33,0.55,2.1889,37.46,1182.9,0.985,3.3928,0.386525,Apollo,0,2009,2038-05-17
NEO-102841,(NEO-102841) 1991 RX1,0.0084,14.96,0.015157,2267416.6,22.99,0.6075,1.5808,0.93,725.9,0.6205,2.541,0.018057,Apollo,0,1991,2035-04-11
NEO-103974,(NEO-103974) 2019 QD57,0.1235,21.64,0.31188,46656521.3,24.43,0.3739,0.9996,11.69,365.0,0.6259,1.3733,0.269153,Aten,0,2019,2033-05-22
PHA-300312,(PHA-300312) 2013 TY7,1.6005,23.72,0.020985,3139322.1,15.09,0.2508,1.256,2.57,514.1,0.941,1.571,0.021852,Apollo,1,2013,2032-04-06
NEO-102006,(NEO-102006) 2003 ZH27,0.018,15.54,0.044831,6706586.6,22.87,0.0568,1.8224,14.49,898.6,1.7189,1.9259,0.052939,Atira,0,2003,2027-01-21
NEO-100627,(NEO-100627) 2012 PN78,0.07,14.26,0.00919,1374841.5,23.46,0.05,1.6129,9.56,748.2,1.5322,1.6935,0.00825,Atira,0,2012,2034-08-26
PHA-300557,(PHA-300557) 2017 XW90,0.6679,29.22,0.018656,2790832.6,16.48,0.6672,2.0571,0.71,1077.6,0.6847,3.4295,0.017636,Apollo,1,2017,2036-10-01
NEO-100568,(NEO-100568) 2003 KZ39,0.0286,16.86,0.016157,2417002.1,23.26,0.7286,1.1555,6.41,453.7,0.3136,1.9975,0.015937,Apollo,0,2003,2039-05-21
PHA-300647,(PHA-300647) 2001 JM14,0.3558,31.72,0.031504,4713000.8,17.04,0.5749,0.974,12.58,351.1,0.4141,1.534,0.020542,Aten,1,2001,2027-11-03
NEO-101287,(NEO-101287) 2022 EK52,0.13,17.25,0.060287,9018810.1,26.18,0.2816,0.9394,14.31,332.6,0.6749,1.204,0.055652,Aten,0,2022,2031-11-21
NEO-100177,(NEO-100177) 1996 XT3,0.0721,18.64,0.008188,1224927.5,23.67,0.2778,0.9996,0.64,365.0,0.7219,1.2772,0.010397,Aten,0,1996,2039-02-05
NEO-102531,(NEO-102531) 2015 SC74,0.021,26.8,0.005982,894852.5,22.53,0.3155,1.0551,14.28,395.9,0.7223,1.388,0.004598,Apollo,0,2015,2030-09-16
NEO-101009,(NEO-101009) 2008 ZZ88,1.2549,18.32,0.292591,43771014.6,14.98,0.2701,2.0132,18.89,1043.3,1.4694,2.5569,0.315916,Atira,0,2008,2041-04-17
NEO-100363,(NEO-100363) 2003 CS9,0.0211,17.22,0.012703,1900355.0,27.61,0.2132,1.7427,9.15,840.3,1.3712,2.1142,0.009545,Atira,0,2003,2029-06-16
PHA-300667,(PHA-300667) 2025 BQ20,0.4179,18.63,0.05,7479893.5,17.37,0.5216,1.8291,16.63,903.5,0.875,2.7831,0.036682,Apollo,1,2025,2031-09-05
NEO-103780,(NEO-103780) 2008 HP24,0.0057,19.93,0.017937,2683291.5,23.3,0.4101,1.6309,8.72,760.8,0.962,2.2999,0.014223,Apollo,0,2008,2026-06-02
NEO-101200,(NEO-101200) 2023 SB77,0.4894,14.86,0.151832,22713777.7,17.38,0.153,2.9739,5.59,1873.2,2.519,3.4288,0.152242,Atira,0,2023,2033-02-25
NEO-100396,(NEO-100396) 2023 NN51,0.3193,20.34,0.060147,8997885.9,18.26,0.0505,2.642,12.62,1568.5,2.5086,2.7753,0.07762,Atira,0,2023,2028-07-18
PHA-300281,(PHA-300281) 1996 KS81,0.2518,23.62,0.024211,3621856.9,19.19,0.5274,1.0028,0.39,366.8,0.4739,1.5316,0.017843,Apollo,1,1996,2031-12-27
NEO-103945,(NEO-103945) 2024 BV59,0.0521,25.36,0.009701,1451181.3,28.6,0.4768,1.6709,3.49,788.9,0.8743,2.4675,0.008122,Apollo,0,2024,2038-06-10
NEO-100920,(NEO-100920) 1992 TX83,0.0321,13.5,0.050689,7582949.7,22.76,0.1317,0.7014,0.69,214.5,0.609,0.7937,0.052801,Atira,0,1992,2041-06-05
NEO-100186,(NEO-100186) 1993 GO18,0.0311,18.09,0.236782,35422107.3,24.63,0.7,1.8786,8.77,940.5,0.5636,3.1937,0.23337,Apollo,0,1993,2041-03-12
NEO-102867,(NEO-102867) 2023 SO52,0.086,16.15,0.035057,5244435.7,31.5,0.0514,1.9777,6.58,1015.9,1.876,2.0794,0.044606,Atira,0,2023,2033-03-25
NEO-103287,(NEO-103287) 2007 RZ5,0.0272,18.63,0.387564,57978714.6,24.0,0.05,1.8215,2.73,897.9,1.7304,1.9126,0.432765,Atira,0,2007,2027-01-15
PHA-300125,(PHA-300125) 2003 VY98,0.4903,11.81,0.002157,322717.4,17.21,0.536,1.5227,12.79,686.3,0.7065,2.3389,0.001501,Apollo,1,2003,2035-09-23
NEO-103412,(NEO-103412) 2000 US96,0.002,25.81,0.030762,4601895.4,25.45,0.2882,1.3031,3.92,543.3,0.9276,1.6786,0.027948,Apollo,0,2000,2034-02-28
NEO-100593,(NEO-100593) 2017 PT69,0.0355,9.84,0.010017,1498460.2,22.65,0.2039,1.1445,4.98,447.2,0.9111,1.3778,0.012554,Apollo,0,2017,2030-10-19
NEO-103715,(NEO-103715) 2014 ZA85,0.0073,4.0,0.073704,11025931.4,24.04,0.0793,1.4125,6.61,613.2,1.3005,1.5245,0.091638,Atira,0,2014,2042-01-03
NEO-101832,(NEO-101832) 1991 NF15,0.0287,17.23,0.08128,12159354.7,22.5,0.4805,2.0771,1.14,1093.4,1.0791,3.0752,0.057859,Amor,0,1991,2028-08-01
NEO-100919,(NEO-100919) 2012 TU52,0.026,18.41,0.033264,4976253.7,24.34,0.3698,1.1473,4.3,448.8,0.723,1.5716,0.042981,Apollo,0,2012,2039-07-08
NEO-103180,(NEO-103180) 2024 BS75,0.0463,12.08,0.082212,12298694.2,24.21,0.6926,1.4107,1.38,612.0,0.4336,2.3878,0.091823,Apollo,0,2024,2042-03-26
PHA-300019,(PHA-300019) 2023 XC76,0.2082,21.06,0.001733,259285.0,19.12,0.4792,1.0831,0.2,411.7,0.5641,1.6021,0.001701,Apollo,1,2023,2031-04-01
NEO-103204,(NEO-103204) 1991 VT20,0.0052,5.22,0.08178,12234185.9,26.19,0.6649,1.7256,23.46,827.9,0.5783,2.8728,0.067402,Apollo,0,1991,2042-12-12
NEO-100346,(NEO-100346) 1998 LX2,0.8243,7.63,0.071253,10659262.1,15.43,0.1904,2.2196,21.3,1207.8,1.797,2.6422,0.054544,Atira,0,1998,2027-05-26
PHA-300589,(PHA-300589) 2002 GU32,0.8778,20.59,0.01601,2395079.6,15.75,0.2215,1.9598,9.13,1002.1,1.5256,2.3939,0.017462,Apollo,1,2002,2044-06-15
NEO-101068,(NEO-101068) 2015 HS88,0.0118,7.25,0.004434,663306.1,22.58,0.6774,1.2624,15.72,518.1,0.4072,2.1175,0.004785,Apollo,0,2015,2027-09-02
NEO-100018,(NEO-100018) 2009 TD90,0.0166,22.35,0.09554,14292644.6,26.35,0.5815,0.902,14.96,312.9,0.3775,1.4265,0.097774,Aten,0,2009,2042-05-12
NEO-101117,(NEO-101117) 2021 LV26,0.0428,20.52,0.163323,24432836.7,22.85,0.3975,1.9999,6.35,1033.0,1.205,2.7949,0.152112,Amor,0,2021,2037-08-09
NEO-101384,(NEO-101384) 2002 HW38,0.8227,14.97,0.276672,41389470.1,15.67,0.2566,1.1465,7.37,448.4,0.8523,1.4407,0.318732,Apollo,0,2002,2035-06-15
NEO-100293,(NEO-100293) 2013 EK92,0.002,22.17,0.025059,3748723.4,26.95,0.3913,1.2325,3.54,499.8,0.7502,1.7149,0.024978,Apollo,0,2013,2041-08-09
NEO-100677,(NEO-100677) 1997 FZ27,0.865,13.75,0.252201,37728692.3,15.74,0.55,1.7055,6.2,813.5,0.7675,2.6435,0.235573,Apollo,0,1997,2034-11-28
NEO-101094,(NEO-101094) 1990 WX8,0.0416,12.75,0.009119,1364208.7,23.46,0.2075,1.0211,6.29,376.9,0.8092,1.2329,0.010671,Apollo,0,1990,2030-02-08
NEO-102355,(NEO-102355) 1996 GO95,0.13,24.39,0.308867,46205858.2,22.74,0.3105,1.5379,15.76,696.6,1.0603,2.0155,0.226537,Amor,0,1996,2035-09-22
NEO-103745,(NEO-103745) 2003 HM52,0.002,19.03,0.002866,428807.0,25.82,0.1956,1.2067,2.68,484.2,0.9706,1.4428,0.003114,Apollo,0,2003,2025-08-09
NEO-103843,(NEO-103843) 2012 EO96,0.9244,9.49,0.231362,34611220.1,16.21,0.145,1.6493,0.5,773.7,1.4101,1.8886,0.256799,Atira,0,2012,2034-05-25
NEO-102915,(NEO-102915) 2000 YX25,0.0372,22.49,0.042318,6330739.3,22.91,0.3743,1.4781,6.09,656.4,0.9248,2.0314,0.05478,Apollo,0,2000,2041-03-15
NEO-103645,(NEO-103645) 2001 JK42,2.0727,16.27,0.06861,10263904.9,13.92,0.4275,2.4657,1.22,1414.2,1.4117,3.5197,0.081423,Atira,0,2001,2025-06-18
NEO-103236,(NEO-103236) 1992 RZ82,0.0325,9.8,0.170664,25530915.7,24.68,0.0624,1.5056,2.62,674.7,1.4117,1.5995,0.205953,Atira,0,1992,2038-02-16
NEO-103736,(NEO-103736) 2001 OH94,1.8095,7.78,0.541885,81064915.4,15.03,0.0842,1.8736,21.19,936.7,1.7159,2.0314,0.40423,Atira,0,2001,2041-08-11
NEO-101267,(NEO-101267) 2023 EV60,0.2806,14.67,0.126704,18954702.1,18.14,0.4534,2.3819,3.0,1342.7,1.3021,3.4617,0.115916,Atira,0,2023,2034-02-08
NEO-103901,(NEO-103901) 2006 KD5,0.014,13.98,0.027314,4086132.7,26.53,0.4535,1.1679,39.17,461.0,0.6382,1.6976,0.026549,Apollo,0,2006,2040-06-25
NEO-103525,(NEO-103525) 2005 ES13,0.6456,14.51,0.444655,66519502.5,16.43,0.1455,2.1697,5.1,1167.3,1.854,2.4855,0.558595,Atira,0,2005,2029-11-01
NEO-100057,(NEO-100057) 1993 KG97,0.0339,23.32,0.233456,34924463.6,23.79,0.3543,1.4051,1.39,608.3,0.9073,1.9028,0.225808,Apollo,0,1993,2044-11-23
NEO-102254,(NEO-102254) 2022 AD23,0.016,19.31,0.138832,20769021.7,25.24,0.3853,1.655,14.41,777.6,1.0173,2.2927,0.166502,Amor,0,2022,2039-11-10
NEO-100589,(NEO-100589) 2011 HG49,0.0647,18.85,0.019116,2859676.1,26.82,0.3635,1.35,1.8,572.9,0.8593,1.8408,0.017629,Apollo,0,2011,2033-09-07
PHA-300523,(PHA-300523) 1998 PA54,0.7022,17.82,0.014547,2176182.0,16.33,0.1952,1.9926,9.64,1027.4,1.6037,2.3815,0.012753,Apollo,1,1998,2036-12-14
PHA-300242,(PHA-300242) 2002 NU35,0.3632,30.16,0.030108,4504148.1,17.87,0.338,2.1514,1.41,1152.6,1.4243,2.8786,0.019285,Apollo,1,2002,2031-06-24
NEO-102177,(NEO-102177) 1991 RD90,0.0224,16.26,0.006902,1032499.8,28.31,0.2969,0.7,6.21,213.9,0.4922,0.9078,0.008045,Atira,0,1991,2044-11-15
NEO-101495,(NEO-101495) 2024 PH30,0.0067,21.71,0.027909,4175132.3,28.82,0.3399,1.4088,5.03,610.7,0.93,1.8875,0.03436,Apollo,0,2024,2036-12-05
NEO-103423,(NEO-103423) 2007 YH23,0.0593,26.97,0.021506,3217316.0,26.58,0.1897,1.3837,1.93,594.5,1.1212,1.6462,0.024448,Amor,0,2007,2039-08-25
NEO-102810,(NEO-102810) 2004 XL18,0.1195,24.99,0.040713,6090634.8,23.58,0.624,1.3888,1.94,597.8,0.5221,2.2555,0.035592,Apollo,0,2004,2030-08-06
PHA-300051,(PHA-300051) 1995 ZX67,0.7183,19.72,0.019039,2848131.6,15.88,0.4162,1.6702,18.39,788.4,0.9752,2.3653,0.019326,Apollo,1,1995,2028-04-05
PHA-300230,(PHA-300230) 2025 JZ78,0.3606,16.64,0.001439,215198.6,17.65,0.5149,1.7363,3.09,835.7,0.8422,2.6304,0.000889,Apollo,1,2025,2042-06-27
PHA-300755,(PHA-300755) 2021 GP56,1.394,35.41,0.013734,2054620.5,15.1,0.3729,1.6359,8.46,764.2,1.0258,2.246,0.012139,Apollo,1,2021,2038-07-15
NEO-100385,(NEO-100385) 1993 GK87,0.0167,20.4,0.409677,61286742.9,23.85,0.2144,1.3119,11.15,548.8,1.0306,1.5932,0.326031,Amor,0,1993,2030-03-17
NEO-100881,(NEO-100881) 1999 FG38,0.6747,13.34,0.158106,23652250.7,16.45,0.3312,2.7604,4.25,1675.2,1.8461,3.6748,0.127285,Atira,0,1999,2043-04-07
NEO-100582,(NEO-100582) 2014 OU36,0.0058,20.88,0.017191,2571677.9,25.86,0.249,1.5675,1.22,716.8,1.1772,1.9579,0.020211,Amor,0,2014,2035-02-24
PHA-300487,(PHA-300487) 2005 JV29,0.3726,21.56,0.013104,1960300.7,17.86,0.2407,0.7554,1.14,239.8,0.5736,0.9373,0.008887,Apollo,1,2005,2044-09-15
NEO-100231,(NEO-100231) 2022 SM54,0.018,15.39,0.027432,4103722.5,31.5,0.5286,0.8213,1.44,271.9,0.3872,1.2555,0.031228,Aten,0,2022,2039-08-11
NEO-100655,(NEO-100655) 2001 DV55,2.0645,14.67,0.12556,18783551.4,13.74,0.1501,1.4475,0.5,636.1,1.2302,1.6648,0.095789,Amor,0,2001,2044-05-05
NEO-100867,(NEO-100867) 2013 VT28,0.0623,22.17,0.357644,53502820.9,24.83,0.2152,1.2003,10.47,480.3,0.942,1.4587,0.438007,Apollo,0,2013,2030-11-04
PHA-300671,(PHA-300671) 2014 PD47,0.4698,24.62,0.038677,5786029.0,17.74,0.2818,1.2444,4.57,507.0,0.8937,1.5951,0.037518,Apollo,1,2014,2027-07-07
NEO-101977,(NEO-101977) 1996 AE14,0.0498,18.66,0.06556,9807683.4,22.43,0.3575,1.1412,0.69,445.3,0.7332,1.5492,0.049068,Apollo,0,1996,2044-09-26
PHA-300060,(PHA-300060) 2012 KG17,0.1963,17.34,0.038931,5823928.8,19.72,0.15,2.6838,15.48,1605.9,2.2813,3.0864,0.033838,Apollo,1,2012,2037-02-01
NEO-101191,(NEO-101191) 2000 LE56,0.0885,13.59,0.111888,16738135.5,23.38,0.4204,1.5779,40.0,724.0,0.9146,2.2412,0.114998,Apollo,0,2000,2039-03-16
NEO-101926,(NEO-101926) 2025 OV18,0.189,13.36,0.395136,59111503.1,19.02,0.0314,1.3455,5.41,570.1,1.3033,1.3877,0.478534,Atira,0,2025,2028-08-02
NEO-101868,(NEO-101868) 2001 LK78,0.8741,15.31,0.451317,67516128.1,15.68,0.3179,1.5834,4.93,727.8,1.0801,2.0868,0.41327,Amor,0,2001,2028-12-13
NEO-103168,(NEO-103168) 2015 EU78,0.0395,33.98,0.036965,5529866.5,22.32,0.4407,1.3507,16.84,573.3,0.7554,1.9459,0.034991,Apollo,0,2015,2038-03-01
NEO-101599,(NEO-101599) 2021 HO9,0.0055,7.67,0.031122,4655759.9,23.02,0.2472,1.3185,3.97,553.0,0.9926,1.6444,0.030047,Apollo,0,2021,2027-11-02
PHA-300481,(PHA-300481) 1998 AQ40,0.3873,15.73,0.012394,1854057.3,17.6,0.5715,1.1613,8.63,457.1,0.4976,1.825,0.011184,Apollo,1,1998,2029-09-07
NEO-101615,(NEO-101615) 1991 QV77,0.0933,13.09,0.015567,2328859.3,23.87,0.4328,1.5627,6.36,713.5,0.8864,2.2389,0.013954,Apollo,0,1991,2028-12-04
NEO-102447,(NEO-102447) 2024 XY16,0.1754,10.24,0.078611,11760078.5,19.41,0.2402,1.9393,1.41,986.4,1.4735,2.4051,0.058854,Atira,0,2024,2040-09-08
PHA-300037,(PHA-300037) 2022 NS38,0.1582,18.05,0.000365,54596.7,19.7,0.3575,0.81,21.01,266.3,0.5205,1.0995,0.000327,Aten,1,2022,2028-10-03
PHA-300528,(PHA-300528) 2000 XO87,1.0528,24.33,0.030066,4497772.9,15.76,0.6325,1.8433,4.31,914.1,0.6775,3.0091,0.030933,Apollo,1,2000,2041-11-05
PHA-300458,(PHA-300458) 2020 NC43,1.0567,31.59,0.012262,1834421.5,15.44,0.7223,1.6243,6.5,756.1,0.451,2.7976,0.009939,Apollo,1,2020,2040-07-13
NEO-100217,(NEO-100217) 1990 KH26,0.002,19.35,0.033723,5044883.7,22.35,0.3739,1.9277,9.46,977.5,1.2069,2.6484,0.038108,Amor,0,1990,2041-11-01
NEO-101243,(NEO-101243) 1991 GJ79,0.026,11.13,0.37666,56347490.3,23.45,0.582,1.9185,4.41,970.6,0.802,3.035,0.270923,Apollo,0,1991,2036-04-06
NEO-103478,(NEO-103478) 2014 HQ87,0.026,13.21,0.229023,34261408.0,24.18,0.6908,1.5255,5.86,688.2,0.4717,2.5792,0.189008,Apollo,0,2014,2026-08-18
PHA-300455,(PHA-300455) 2008 CN13,0.5068,30.01,0.006084,910195.1,17.34,0.5571,0.8283,10.79,275.3,0.3669,1.2896,0.004843,Aten,1,2008,2025-04-10
NEO-102458,(NEO-102458) 2023 EC45,1.3356,9.46,0.247688,37053645.2,14.19,0.0817,2.0704,13.62,1088.1,1.9012,2.2397,0.289655,Atira,0,2023,2031-06-09
PHA-300406,(PHA-300406) 2005 HU3,0.3565,22.91,0.018453,2760547.4,18.26,0.3242,0.75,19.43,237.2,0.5069,0.9931,0.014964,Aten,1,2005,2038-01-13
NEO-102661,(NEO-102661) 2006 NN47,0.0555,13.77,0.007654,1145021.4,26.05,0.2391,1.5031,5.86,673.1,1.1436,1.8625,0.00689,Amor,0,2006,2043-08-10
NEO-100645,(NEO-100645) 2000 NC38,0.0057,15.73,0.007955,1190069.2,28.59,0.4511,1.6727,11.59,790.1,0.9181,2.4273,0.009343,Apollo,0,2000,2038-07-12
NEO-101662,(NEO-101662) 1994 GR87,0.0228,10.06,0.00539,806263.9,25.38,0.3903,1.1628,1.99,458.0,0.709,1.6167,0.005576,Apollo,0,1994,2039-03-02
NEO-101627,(NEO-101627) 2023 LX43,0.13,20.23,0.256713,38403731.4,22.85,0.3503,1.9105,19.46,964.5,1.2413,2.5798,0.257585,Amor,0,2023,2036-07-21
NEO-102481,(NEO-102481) 1994 KN89,0.2009,11.58,0.192352,28775409.8,19.83,0.2528,2.2644,0.65,1244.6,1.6919,2.8369,0.182693,Atira,0,1994,2026-09-28
NEO-101291,(NEO-101291) 1996 SN22,0.15,7.82,0.118975,17798430.8,19.6,0.455,2.6354,2.98,1562.6,1.4362,3.8346,0.140223,Atira,0,1996,2030-07-27
NEO-101796,(NEO-101796) 2007 JW56,0.0409,9.72,0.275727,41248225.4,25.02,0.1849,1.8567,3.77,924.1,1.5135,2.2,0.3148,Atira,0,2007,2037-01-02
NEO-102247,(NEO-102247) 2005 KL22,0.0034,10.16,0.106946,15998875.0,22.58,0.2724,1.5836,6.42,727.9,1.1522,2.0149,0.088329,Amor,0,2005,2025-12-13
PHA-300141,(PHA-300141) 2018 CL45,0.3384,22.86,0.003139,469572.1,17.93,0.2025,1.2835,29.66,531.1,1.0236,1.5434,0.002376,Apollo,1,2018,2030-04-18
NEO-102936,(NEO-102936) 1993 GP22,0.0087,10.45,0.000729,109068.8,24.09,0.2319,1.3183,10.54,552.8,1.0125,1.624,0.000663,Apollo,0,1993,2043-04-06
NEO-103824,(NEO-103824) 1995 GT34,0.8838,18.69,0.568673,85072241.8,15.38,0.3414,1.4851,17.39,661.0,0.9781,1.992,0.7,Apollo,0,1995,2038-05-03
NEO-100120,(NEO-100120) 2011 TU76,0.8012,13.54,0.111154,16628436.8,16.31,0.1677,1.705,50.6,813.1,1.419,1.9909,0.122937,Atira,0,2011,2026-03-01
NEO-101897,(NEO-101897) 2013 BF40,0.0738,7.99,0.023671,3541117.3,23.13,0.2643,1.5399,21.13,698.0,1.1329,1.9469,0.024424,Amor,0,2013,2044-12-27
NEO-102777,(NEO-102777) 1999 LK60,0.0087,13.3,0.010345,1547601.1,25.04,0.4473,1.6311,1.65,760.9,0.9015,2.3608,0.012559,Apollo,0,1999,2032-09-03
NEO-101674,(NEO-101674) 2001 RC46,0.0179,21.62,0.025276,3781283.2,25.68,0.3134,1.6337,3.49,762.7,1.1217,2.1457,0.031673,Amor,0,2001,2037-01-20
PHA-300611,(PHA-300611) 2008 YZ83,0.2262,13.1,0.043412,6494406.2,18.77,0.4571,1.4432,0.82,633.3,0.7836,2.1029,0.039213,Apollo,1,2008,2032-10-12
NEO-101464,(NEO-101464) 2003 VB10,0.0788,22.37,0.081025,12121122.8,24.21,0.2772,1.4828,37.28,659.5,1.0718,1.8939,0.071932,Amor,0,2003,2043-10-21
NEO-102808,(NEO-102808) 1990 DB26,0.1307,4.0,0.011723,1753765.5,24.82,0.1289,1.461,24.19,645.0,1.2726,1.6494,0.013795,Amor,0,1990,2038-07-23
PHA-300800,(PHA-300800) 2005 SB98,0.5038,17.96,0.003854,576593.6,16.78,0.5663,0.75,6.24,237.2,0.3253,1.1747,0.00242,Aten,1,2005,2041-09-24
NEO-101613,(NEO-101613) 2022 TF75,0.7238,19.35,0.249737,37360179.0,15.97,0.2483,2.5079,19.83,1450.6,1.8851,3.1307,0.260279,Atira,0,2022,2041-07-21
NEO-102527,(NEO-102527) 2012 ZS26,0.3392,11.97,0.202437,30284212.4,17.96,0.3722,1.1,23.23,421.4,0.6906,1.5094,0.253832,Apollo,0,2012,2029-03-28
NEO-102073,(NEO-102073) 2010 AN73,0.0132,11.25,0.094019,14065075.9,24.05,0.4065,1.1296,6.69,438.5,0.6704,1.5887,0.066303,Apollo,0,2010,2043-02-18
PHA-300223,(PHA-300223) 2011 RW90,0.54,28.52,0.015012,2245743.1,16.84,0.4285,1.3424,14.45,568.1,0.7671,1.9176,0.011077,Apollo,1,2011,2027-12-06
NEO-103770,(NEO-103770) 2008 VT26,0.0451,15.44,0.027046,4045955.4,26.78,0.4127,1.8323,0.75,905.9,1.0761,2.5884,0.034503,Amor,0,2008,2032-12-24
NEO-103904,(NEO-103904) 2003 ZP81,0.6455,21.92,0.1646,24623849.9,17.33,0.2967,1.1,44.33,421.4,0.7736,1.4264,0.132182,Apollo,0,2003,2031-02-25
NEO-103407,(NEO-103407) 2016 CU80,0.4804,8.37,0.388075,58055185.3,17.78,0.3414,1.9553,20.9,998.7,1.2879,2.6228,0.293403,Amor,0,2016,2025-01-07
NEO-103564,(NEO-103564) 2022 AA17,0.0053,23.7,0.020596,3081105.7,23.64,0.3766,1.3504,6.88,573.2,0.8418,1.8589,0.020256,Apollo,0,2022,2025-01-11
NEO-101357,(NEO-101357) 2025 UN67,0.002,19.38,0.007341,1098238.3,28.4,0.05,1.5832,13.63,727.6,1.504,1.6623,0.008844,Atira,0,2025,2036-06-16
NEO-101221,(NEO-101221) 2011 WL24,0.1031,18.43,0.368991,55200220.4,23.69,0.4124,1.1827,1.02,469.8,0.6949,1.6705,0.270911,Apollo,0,2011,2044-09-25
NEO-102492,(NEO-102492) 2007 XJ12,0.0104,13.33,0.020594,3080753.3,22.83,0.3557,1.3485,4.32,571.9,0.8688,1.8281,0.017039,Apollo,0,2007,2036-01-15
PHA-300405,(PHA-300405) 2011 NN58,1.1159,31.86,0.025479,3811529.9,14.59,0.15,1.8064,11.79,886.8,1.5354,2.0773,0.027687,Apollo,1,2011,2040-02-17
NEO-100602,(NEO-100602) 2021 RK66,0.0781,18.33,0.166871,24963516.6,25.86,0.1879,1.3167,0.6,551.8,1.0693,1.5641,0.186253,Amor,0,2021,2029-12-26
NEO-100890,(NEO-100890) 2014 RE59,0.0031,24.68,0.033897,5070908.3,23.67,0.6752,1.1163,27.38,430.8,0.3626,1.87,0.041635,Apollo,0,2014,2037-11-14
NEO-102358,(NEO-102358) 1991 MY82,0.1318,26.37,0.034817,5208614.8,24.85,0.5582,0.8308,11.7,276.6,0.3671,1.2946,0.043564,Aten,0,1991,2040-11-28
NEO-101981,(NEO-101981) 2001 NA15,0.0376,19.85,0.043188,6460792.6,28.79,0.0642,1.8716,3.56,935.2,1.7514,1.9919,0.040356,Atira,0,2001,2029-05-03
NEO-101785,(NEO-101785) 1997 XT37,0.0167,22.94,0.002908,435087.1,23.19,0.4269,0.9385,13.28,332.1,0.5379,1.3391,0.002935,Aten,0,1997,2039-11-04
NEO-103329,(NEO-103329) 2014 KG60,0.532,12.07,0.086771,12980756.1,17.55,0.55,1.1,48.7,421.4,0.495,1.705,0.090089,Apollo,0,2014,2044-02-24
NEO-102692,(NEO-102692) 2015 LB81,0.5028,11.84,0.301796,45148042.2,17.35,0.55,1.9013,7.08,957.5,0.8556,2.947,0.2218,Apollo,0,2015,2034-09-22
PHA-300083,(PHA-300083) 2023 ZG95,0.4947,26.58,0.002419,361851.1,16.48,0.4327,0.75,12.47,237.2,0.4255,1.0745,0.00164,Aten,1,2023,2030-05-15
PHA-300007,(PHA-300007) 2024 LX92,0.7194,29.62,0.0001,14959.8,16.23,0.3574,0.8599,6.3,291.2,0.5526,1.1672,9.5e-05,Aten,1,2024,2034-12-24
NEO-101485,(NEO-101485) 2005 DD9,0.4712,18.17,0.65,97238616.0,17.55,0.5498,1.3001,3.59,541.4,0.5853,2.0148,0.524986,Apollo,0,2005,2044-11-24
NEO-103691,(NEO-103691) 2010 BO19,0.0057,4.28,0.036532,5465171.4,23.16,0.3183,1.2677,5.84,521.3,0.8642,1.6713,0.0341,Apollo,0,2010,2028-01-18
NEO-103891,(NEO-103891) 2021 VA39,0.0126,4.24,0.081393,12176258.7,25.87,0.4757,0.8183,15.41,270.3,0.429,1.2075,0.086584,Aten,0,2021,2032-03-13
NEO-102198,(NEO-102198) 2008 JD15,1.0526,5.26,0.057825,8650445.2,15.01,0.3505,1.6625,55.0,782.9,1.0798,2.2451,0.0546,Amor,0,2008,2043-04-05
NEO-102340,(NEO-102340) 2005 QH67,0.0613,16.27,0.06396,9568238.2,23.96,0.5863,1.6645,3.84,784.4,0.6887,2.6404,0.058513,Apollo,0,2005,2034-02-27
NEO-101691,(NEO-101691) 2003 NO51,0.1286,9.06,0.064234,9609262.1,22.9,0.1125,1.5564,2.9,709.2,1.3813,1.7315,0.060259,Atira,0,2003,2036-01-07
NEO-101128,(NEO-101128) 1992 QF7,0.005,26.28,0.298707,44686002.0,24.44,0.2969,1.6475,7.3,772.4,1.1584,2.1366,0.229778,Amor,0,1992,2042-09-26
NEO-100506,(NEO-100506) 2018 LV70,0.048,16.18,0.372556,55733641.8,24.79,0.7,1.3987,22.52,604.2,0.4196,2.3779,0.30951,Apollo,0,2018,2041-10-08
PHA-300802,(PHA-300802) 2016 SS46,0.3678,18.25,0.022227,3325177.4,17.45,0.5039,1.5405,13.64,698.3,0.7643,2.3167,0.023077,Apollo,1,2016,2037-02-28
NEO-100879,(NEO-100879) 1998 PQ71,0.068,14.93,0.005038,753679.9,25.56,0.75,1.991,12.01,1026.1,0.4977,3.4842,0.004005,Apollo,0,1998,2029-01-28
PHA-300361,(PHA-300361) 2006 RO70,0.2769,26.7,0.018531,2772138.6,18.24,0.262,1.0905,2.23,415.9,0.8048,1.3762,0.01179,Apollo,1,2006,2031-07-21
NEO-102071,(NEO-102071) 2019 RM95,0.0406,4.62,0.004798,717797.2,24.01,0.2023,1.1856,20.33,471.5,0.9457,1.4254,0.004545,Apollo,0,2019,2041-06-14
NEO-101979,(NEO-101979) 2009 WO68,0.0065,16.71,0.001395,208644.6,29.06,0.615,1.6881,9.64,801.1,0.65,2.7263,0.001326,Apollo,0,2009,2036-04-14
NEO-101621,(NEO-101621) 2016 GA73,0.0739,21.05,0.200419,29982183.5,22.48,0.0627,1.5038,2.11,673.6,1.4094,1.5981,0.170333,Atira,0,2016,2042-02-09
NEO-101387,(NEO-101387) 1996 XT92,0.0324,13.17,0.002086,312038.0,31.5,0.3757,1.3343,1.3,562.9,0.833,1.8355,0.002309,Apollo,0,1996,2039-03-22
NEO-101876,(NEO-101876) 2007 EU91,0.0264,11.58,0.013111,1961347.5,26.36,0.2164,0.7,0.51,213.9,0.5485,0.8515,0.012269,Atira,0,2007,2031-11-14
PHA-300228,(PHA-300228) 2014 FQ63,0.3528,18.52,0.007638,1142677.4,18.48,0.3655,1.9188,44.07,970.8,1.2175,2.62,0.004681,Apollo,1,2014,2036-07-14
NEO-102343,(NEO-102343) 1991 AZ59,0.117,16.24,0.421573,63066357.2,25.07,0.2799,1.2731,5.45,524.6,0.9167,1.6294,0.460921,Apollo,0,1991,2040-12-20
NEO-103529,(NEO-103529) 2025 SL86,1.0736,17.17,0.099842,14936189.1,15.6,0.4076,1.9929,0.5,1027.6,1.1807,2.8051,0.071598,Amor,0,2025,2025-07-28
NEO-103677,(NEO-103677) 1999 QU6,0.0604,6.24,0.010476,1567166.1,22.45,0.3072,0.9295,10.55,327.3,0.644,1.2151,0.010775,Aten,0,1999,2042-08-18
NEO-101764,(NEO-101764) 1994 MN67,0.002,16.22,0.033789,5054751.9,30.34,0.1149,0.9663,1.43,347.0,0.8553,1.0774,0.043484,Aten,0,1994,2032-08-10
NEO-102523,(NEO-102523) 2019 XW79,0.15,9.97,0.095948,14353548.1,19.55,0.5154,1.1298,3.94,438.6,0.5475,1.7122,0.123032,Apollo,0,2019,2028-08-07
NEO-102018,(NEO-102018) 2023 EF27,0.13,9.6,0.239757,35867073.1,24.18,0.219,1.4994,23.54,670.6,1.171,1.8278,0.260006,Amor,0,2023,2043-12-12
NEO-102374,(NEO-102374) 2021 HT78,0.0115,21.63,0.280504,41962758.7,23.23,0.05,1.5473,1.76,703.0,1.4699,1.6247,0.291645,Atira,0,2021,2026-03-24
PHA-300723,(PHA-300723) 2001 SV20,0.3753,15.93,0.008477,1268146.1,17.73,0.3962,0.7985,9.1,260.6,0.4822,1.1149,0.005744,Aten,1,2001,2025-12-05
NEO-100588,(NEO-100588) 2015 ZJ40,0.0036,29.03,0.026304,3935087.7,22.52,0.3388,1.1498,4.58,450.3,0.7602,1.5393,0.024215,Apollo,0,2015,2038-08-24
NEO-103716,(NEO-103716) 1999 EE15,0.6898,13.43,0.649388,97147053.1,16.54,0.3607,1.1,6.48,421.4,0.7033,1.4967,0.545117,Apollo,0,1999,2035-01-01
NEO-100338,(NEO-100338) 2015 UY22,0.0348,20.55,0.292551,43765075.7,25.22,0.2332,2.5286,21.23,1468.6,1.9389,3.1182,0.377481,Atira,0,2015,2031-07-05
NEO-103015,(NEO-103015) 1994 KE82,0.0106,12.42,0.011435,1710579.7,22.79,0.4835,1.8615,17.19,927.7,0.9615,2.7616,0.00959,Apollo,0,1994,2040-06-17
NEO-102402,(NEO-102402) 2004 NA69,0.0323,15.59,0.001351,202042.3,22.65,0.6299,1.535,12.44,694.7,0.5681,2.5019,0.001755,Apollo,0,2004,2044-09-18
NEO-102070,(NEO-102070) 1997 AE64,0.002,20.51,0.002105,314891.1,23.35,0.3504,1.6201,6.33,753.2,1.0524,2.1878,0.001761,Amor,0,1997,2030-02-07
NEO-100521,(NEO-100521) 2010 KJ83,0.1318,12.66,0.011947,1787274.1,25.46,0.439,1.7915,13.05,875.8,1.005,2.5779,0.008831,Apollo,0,2010,2033-01-21
NEO-103889,(NEO-103889) 1995 JU89,0.0022,4.92,0.036141,5406653.0,26.72,0.7234,1.0978,17.0,420.1,0.3037,1.892,0.032956,Apollo,0,1995,2026-01-03
PHA-300139,(PHA-300139) 2006 BC67,0.14,11.0,0.016542,2474593.5,19.61,0.4432,1.9771,5.35,1015.4,1.1009,2.8533,0.011104,Apollo,1,2006,2025-01-15
PHA-300579,(PHA-300579) 2011 PS48,0.6892,34.97,0.013664,2044065.1,16.27,0.5444,2.1093,21.27,1119.0,0.961,3.2577,0.013822,Apollo,1,2011,2025-07-18
NEO-102140,(NEO-102140) 1999 RO3,1.9086,6.31,0.16176,24198987.4,13.69,0.2665,2.4961,13.0,1440.4,1.831,3.1613,0.143161,Atira,0,1999,2031-01-23
NEO-102962,(NEO-102962) 2022 CE60,0.1614,21.59,0.114533,17133928.8,19.57,0.0634,1.9748,2.7,1013.6,1.8495,2.1001,0.117029,Atira,0,2022,2042-04-13
NEO-103254,(NEO-103254) 2015 CS53,1.0068,8.2,0.193424,28935765.7,15.78,0.0902,2.4391,1.79,1391.4,2.2191,2.6592,0.196952,Atira,0,2015,2041-05-26
NEO-101668,(NEO-101668) 1998 UZ75,0.0223,14.1,0.029391,4396801.2,24.13,0.2042,2.1631,8.66,1162.0,1.7215,2.6047,0.025987,Atira,0,1998,2034-03-08
NEO-100237,(NEO-100237) 2013 HV30,0.0387,11.83,0.02982,4461031.6,22.24,0.5889,1.8845,6.12,944.9,0.7747,2.9943,0.036768,Apollo,0,2013,2029-06-04
NEO-100905,(NEO-100905) 1992 BE40,0.016,15.46,0.022634,3385963.6,28.95,0.637,1.4841,9.78,660.4,0.5387,2.4295,0.023008,Apollo,0,1992,2041-07-20
NEO-103524,(NEO-103524) 2004 QH22,0.0463,13.53,0.13975,20906341.9,22.75,0.7,1.1929,9.34,475.9,0.3579,2.0279,0.171847,Apollo,0,2004,2025-04-12
NEO-102497,(NEO-102497) 2012 EU83,0.0068,6.16,0.017659,2641706.7,23.99,0.505,1.8956,11.39,953.2,0.9384,2.8528,0.016006,Apollo,0,2012,2039-04-22
NEO-102766,(NEO-102766) 2004 WX95,0.4725,10.8,0.128342,19199671.5,17.87,0.5229,1.8502,8.79,919.2,0.8827,2.8177,0.162876,Apollo,0,2004,2042-03-10
PHA-300545,(PHA-300545) 2008 LD56,0.9835,26.2,0.034919,5223753.0,15.71,0.5027,1.8555,0.77,923.2,0.9228,2.7883,0.034711,Apollo,1,2008,2036-06-08
NEO-101164,(NEO-101164) 2010 YB12,0.7055,16.48,0.425106,63594947.8,16.07,0.55,1.7473,20.26,843.6,0.7863,2.7084,0.500812,Apollo,0,2010,2026-05-03
NEO-100225,(NEO-100225) 2023 DA43,0.002,7.5,0.011934,1785288.5,25.03,0.6828,2.0274,4.79,1054.4,0.6432,3.4116,0.01102,Apollo,0,2023,2029-05-24
NEO-102441,(NEO-102441) 2004 HV58,0.0635,22.71,0.03514,5256928.4,23.9,0.0638,1.699,2.24,808.9,1.5905,1.8074,0.039295,Atira,0,2004,2027-11-13
NEO-100083,(NEO-100083) 2008 CO94,0.8736,15.14,0.140797,21062892.7,16.09,0.2429,1.1709,6.88,462.8,0.8865,1.4553,0.105866,Apollo,0,2008,2032-10-25
PHA-300099,(PHA-300099) 2015 BH21,0.4662,22.99,0.006727,1006283.0,17.49,0.15,1.6689,2.31,787.5,1.4186,1.9193,0.00612,Apollo,1,2015,2043-03-05
NEO-101795,(NEO-101795) 2007 CU62,0.0133,20.35,0.000354,53031.4,23.24,0.2815,1.3408,7.4,567.1,0.9634,1.7182,0.000421,Apollo,0,2007,2037-09-24
NEO-102555,(NEO-102555) 2008 OC29,0.0022,17.62,0.014557,2177686.7,25.07,0.197,0.9582,12.43,342.6,0.7695,1.147,0.015237,Aten,0,2008,2029-09-05
NEO-100875,(NEO-100875) 2004 HL58,0.0379,14.56,0.112019,16757779.1,23.05,0.326,0.9993,7.81,364.9,0.6735,1.325,0.121996,Aten,0,2004,2029-01-27
NEO-101583,(NEO-101583) 2008 VK89,0.0772,24.63,0.017443,2609447.5,24.71,0.4415,1.0252,3.15,379.1,0.5725,1.4778,0.014143,Apollo,0,2008,2042-06-11
NEO-103711,(NEO-103711) 2012 PX35,0.9997,18.22,0.088732,13274063.3,15.72,0.2312,2.2669,13.61,1246.7,1.7429,2.791,0.090622,Atira,0,2012,2044-06-08
NEO-100311,(NEO-100311) 1991 ON24,0.0231,17.91,0.090816,13585808.5,25.12,0.1799,0.9449,9.4,335.5,0.7749,1.1149,0.100878,Aten,0,1991,2027-03-10
NEO-103259,(NEO-103259) 2016 PG36,3.3672,27.75,0.275292,41183038.8,12.24,0.55,2.604,4.1,1534.8,1.1718,4.0363,0.296368,Amor,0,2016,2034-07-03
NEO-100205,(NEO-100205) 2010 FY33,0.0334,4.0,0.027411,4100675.0,23.84,0.5516,1.4406,9.1,631.6,0.646,2.2353,0.024181,Apollo,0,2010,2030-01-28
NEO-102880,(NEO-102880) 1995 LT18,0.0972,23.79,0.415243,62119427.6,22.1,0.0907,1.7889,1.22,873.9,1.6266,1.9512,0.299747,Atira,0,1995,2031-05-03
NEO-103572,(NEO-103572) 1992 YC68,0.0171,22.37,0.014671,2194752.1,29.65,0.3986,1.5365,10.09,695.6,0.924,2.1489,0.014799,Apollo,0,1992,2026-06-26
PHA-300041,(PHA-300041) 2002 BU65,0.4289,32.78,0.002031,303829.6,17.05,0.4233,1.659,44.68,780.5,0.9568,2.3613,0.001427,Apollo,1,2002,2027-03-01
NEO-100279,(NEO-100279) 1990 GR3,0.0867,14.13,0.05558,8314708.4,24.69,0.2575,0.8248,0.55,273.6,0.6124,1.0372,0.042848,Aten,0,1990,2031-02-08
NEO-100431,(NEO-100431) 2006 UD20,0.0129,19.89,0.239273,35794734.8,23.33,0.6513,1.0288,2.8,381.1,0.3587,1.6988,0.22785,Apollo,0,2006,2031-12-21
NEO-100833,(NEO-100833) 2006 FT49,0.0358,16.77,0.032406,4847829.9,27.39,0.2356,1.0504,1.33,393.2,0.803,1.2979,0.03519,Apollo,0,2006,2044-11-27
NEO-102734,(NEO-102734) 2004 TN35,0.0156,23.31,0.029086,4351276.6,28.31,0.1486,1.3475,5.07,571.3,1.1472,1.5478,0.029414,Amor,0,2004,2026-06-21
NEO-101886,(NEO-101886) 2020 KL1,0.13,20.32,0.155885,23320092.6,23.33,0.3995,1.2142,4.43,488.7,0.7291,1.6992,0.177788,Apollo,0,2020,2038-08-23
PHA-300433,(PHA-300433) 2015 US43,0.2469,25.25,0.003932,588226.9,18.43,0.1734,1.2384,4.35,503.4,1.0237,1.4531,0.002557,Apollo,1,2015,2027-10-15
NEO-100899,(NEO-100899) 2023 WT64,0.0774,28.94,0.077027,11523007.8,24.25,0.1709,0.7,2.03,213.9,0.5804,0.8196,0.084368,Atira,0,2023,2038-07-10
NEO-101154,(NEO-101154) 1995 TO62,0.0235,16.01,0.035399,5295675.3,22.63,0.3555,1.2664,1.19,520.5,0.8162,1.7165,0.026082,Apollo,0,1995,2033-02-12
NEO-100546,(NEO-100546) 2024 QM61,0.0293,26.97,0.194155,29045104.9,24.26,0.1888,1.1109,2.12,427.7,0.9012,1.3206,0.212438,Apollo,0,2024,2039-07-19
NEO-103352,(NEO-103352) 2011 SH61,0.0083,21.78,0.050919,7617420.7,28.98,0.2966,1.05,1.84,393.0,0.7386,1.3615,0.055473,Apollo,0,2011,2034-06-21
NEO-101783,(NEO-101783) 1992 TL87,1.0056,19.96,0.059905,8961693.0,15.76,0.55,1.3307,11.69,560.7,0.5988,2.0626,0.057994,Apollo,0,1992,2025-11-22
NEO-101940,(NEO-101940) 2024 YF3,0.0461,26.32,0.08341,12478026.4,22.6,0.05,1.1448,3.85,447.4,1.0875,1.202,0.104272,Amor,0,2024,2033-03-18
NEO-102439,(NEO-102439) 1991 FQ47,0.0225,16.39,0.280092,41901231.4,23.76,0.588,1.2504,26.8,510.7,0.5152,1.9856,0.207706,Apollo,0,1991,2038-04-26
NEO-101903,(NEO-101903) 2020 CD17,0.011,21.87,0.009809,1467342.6,29.93,0.2249,1.9941,14.28,1028.5,1.5456,2.4426,0.00782,Atira,0,2020,2040-05-02
NEO-100796,(NEO-100796) 2002 AM71,0.0084,9.46,0.005751,860398.5,23.27,0.3759,1.7587,2.12,851.9,1.0977,2.4197,0.006902,Amor,0,2002,2028-04-16
NEO-100053,(NEO-100053) 1994 EF87,0.0779,25.69,0.385405,57655819.9,22.4,0.4134,1.6901,9.14,802.5,0.9915,2.3887,0.466766,Apollo,0,1994,2037-06-25
NEO-103405,(NEO-103405) 2015 XH13,0.0041,11.88,0.010129,1515260.2,30.49,0.6494,1.0145,2.36,373.2,0.3557,1.6733,0.007762,Apollo,0,2015,2026-11-13
PHA-300110,(PHA-300110) 2020 QH1,0.6379,17.34,0.038137,5705249.5,16.73,0.1619,1.1706,9.07,462.6,0.981,1.3602,0.035999,Apollo,1,2020,2040-09-20
NEO-103475,(NEO-103475) 1995 XO31,0.9494,16.52,0.65,97238616.0,15.98,0.55,2.4151,19.02,1370.9,1.0868,3.7434,0.7,Amor,0,1995,2040-02-21
NEO-101148,(NEO-101148) 1997 LA68,0.8849,17.97,0.65,97238616.0,15.74,0.55,2.0209,39.78,1049.3,0.9094,3.1323,0.466269,Apollo,0,1997,2033-02-04
NEO-103870,(NEO-103870) 1999 QS50,0.0711,17.88,0.251912,37685512.6,24.12,0.547,1.4321,10.24,626.0,0.6487,2.2155,0.271388,Apollo,0,1999,2031-09-09
NEO-102219,(NEO-102219) 2004 DS23,0.0418,16.27,0.266617,39885260.7,24.68,0.5254,1.7478,14.21,844.0,0.8295,2.6661,0.199631,Apollo,0,2004,2043-03-22
PHA-300124,(PHA-300124) 2022 FX27,0.3035,19.73,0.05,7479893.5,18.32,0.3726,0.8843,13.54,303.7,0.5547,1.2138,0.049,Aten,1,2022,2026-12-12
NEO-103349,(NEO-103349) 1995 SV89,0.0198,15.01,0.010937,1636212.6,28.74,0.1731,1.9324,3.42,981.1,1.5978,2.2669,0.008946,Atira,0,1995,2044-12-25
NEO-101924,(NEO-101924) 2009 UW68,0.0386,16.6,0.02195,3283716.2,24.8,0.3517,2.2361,3.04,1221.3,1.4498,3.0224,0.021991,Atira,0,2009,2029-04-06
NEO-101314,(NEO-101314) 2006 MN81,0.3556,17.0,0.448332,67069515.7,17.62,0.2004,1.9826,31.32,1019.6,1.5852,2.3799,0.367455,Atira,0,2006,2035-05-03
NEO-102488,(NEO-102488) 1992 AX45,0.0804,14.15,0.029392,4396939.1,22.26,0.2457,0.7694,3.31,246.5,0.5804,0.9584,0.021587,Atira,0,1992,2033-09-24
NEO-100686,(NEO-100686) 2003 NH91,0.5747,8.02,0.219712,32868430.9,16.85,0.3438,2.5264,13.58,1466.7,1.6579,3.3949,0.169513,Atira,0,2003,2033-07-06
PHA-300501,(PHA-300501) 2018 NN75,0.14,38.88,0.009754,1459231.3,20.05,0.4841,1.5769,4.98,723.3,0.8136,2.3402,0.009206,Apollo,1,2018,2033-08-25
NEO-103067,(NEO-103067) 2012 DD61,0.0728,12.26,0.025341,3790944.9,23.32,0.5267,0.8386,3.52,280.5,0.3969,1.2802,0.02131,Aten,0,2012,2035-11-01
NEO-102101,(NEO-102101) 1996 MA24,0.0373,13.54,0.024975,3736229.3,27.6,0.1749,1.292,3.63,536.4,1.066,1.518,0.031215,Amor,0,1996,2037-10-08
NEO-101671,(NEO-101671) 2002 RB38,0.0067,21.12,0.067042,10029360.2,22.36,0.5505,1.2323,45.0,499.6,0.5539,1.9107,0.085075,Apollo,0,2002,2026-03-24
NEO-102630,(NEO-102630) 1997 QR36,0.1276,17.87,0.089277,13355697.9,24.29,0.2878,1.3621,3.64,580.7,0.9701,1.7541,0.10021,Apollo,0,1997,2027-02-10
PHA-300241,(PHA-300241) 2023 GO32,1.3877,11.0,0.006896,1031623.7,14.87,0.4673,1.5796,3.7,725.1,0.8414,2.3178,0.006049,Apollo,1,2023,2038-06-23
NEO-102309,(NEO-102309) 1991 HN19,0.0106,16.7,0.080425,12031371.5,23.94,0.3555,1.2994,1.7,541.0,0.8375,1.7613,0.071512,Apollo,0,1991,2037-08-26
NEO-102979,(NEO-102979) 2015 PC7,0.0276,20.25,0.254478,38069431.9,24.46,0.5399,2.3675,1.4,1330.5,1.0893,3.6457,0.306437,Amor,0,2015,2037-03-06
PHA-300112,(PHA-300112) 1997 EF85,0.3428,30.56,0.012844,1921484.2,17.47,0.3238,1.3349,0.52,563.3,0.9026,1.7671,0.010832,Apollo,1,1997,2042-03-28
NEO-101731,(NEO-101731) 2003 CA46,0.0057,8.55,0.001925,288030.0,23.57,0.4613,0.9357,7.03,330.6,0.5041,1.3673,0.002402,Aten,0,2003,2035-09-20
NEO-103759,(NEO-103759) 2018 GS36,0.0349,16.51,0.023828,3564571.1,23.4,0.1217,1.0806,1.27,410.3,0.9491,1.2122,0.030413,Apollo,0,2018,2030-12-03
NEO-100601,(NEO-100601) 2017 GZ81,0.1209,9.97,0.038178,5711380.3,24.44,0.4691,0.9765,6.55,352.5,0.5184,1.4346,0.029452,Aten,0,2017,2030-08-18
NEO-102146,(NEO-102146) 1994 TB43,0.0508,9.12,0.006601,987427.2,22.44,0.5836,0.8979,12.78,310.8,0.3739,1.422,0.006464,Aten,0,1994,2036-01-16
NEO-102396,(NEO-102396) 2022 TV57,1.3225,15.6,0.215731,32272963.7,14.99,0.1493,1.9278,2.78,977.6,1.6399,2.2156,0.267095,Atira,0,2022,2034-11-25
NEO-103786,(NEO-103786) 2025 HQ40,0.74,13.35,0.089179,13341035.8,16.32,0.55,1.5122,5.16,679.2,0.6805,2.3439,0.113982,Apollo,0,2025,2036-07-22
NEO-103758,(NEO-103758) 1996 KF65,0.044,6.0,0.039278,5875849.0,23.65,0.2185,1.1458,18.54,448.0,0.8954,1.3962,0.045417,Apollo,0,1996,2025-03-10
NEO-100717,(NEO-100717) 2000 VT53,0.0203,18.76,0.081395,12176543.0,24.88,0.4135,1.3945,1.84,601.5,0.8179,1.9711,0.072031,Apollo,0,2000,2040-08-24
NEO-103231,(NEO-103231) 1999 XS51,0.0089,22.85,0.028562,4272851.2,24.18,0.5037,1.1611,24.21,457.0,0.5762,1.746,0.036383,Apollo,0,1999,2043-09-17
NEO-101709,(NEO-101709) 1995 NQ89,1.0769,11.66,0.618535,92531532.0,15.09,0.55,2.7878,3.79,1700.1,1.2545,4.3211,0.7,Amor,0,1995,2030-05-15
NEO-100107,(NEO-100107) 2002 OV77,0.0143,25.73,0.004917,735624.6,23.16,0.3783,1.0947,0.49,418.3,0.6806,1.5087,0.005135,Apollo,0,2002,2036-05-12
NEO-102796,(NEO-102796) 2019 GU46,0.0141,17.95,0.018762,2806733.5,29.73,0.3713,1.3884,6.29,597.6,0.8729,1.904,0.013794,Apollo,0,2019,2043-12-21
NEO-100848,(NEO-100848) 2010 CW42,0.025,5.31,0.115775,17319669.4,30.2,0.6213,0.8913,3.44,307.3,0.3375,1.445,0.086005,Aten,0,2010,2030-09-02
PHA-300308,(PHA-300308) 2007 MG44,0.3955,11.0,0.00097,145164.2,17.36,0.2262,1.2242,7.0,494.7,0.9473,1.5012,0.000643,Apollo,1,2007,2041-07-14
NEO-101728,(NEO-101728) 2020 CM48,0.8292,20.62,0.444282,66463611.5,16.44,0.1573,1.5092,12.43,677.2,1.2718,1.7466,0.527873,Amor,0,2020,2043-02-06
NEO-103563,(NEO-103563) 1999 FN63,0.3254,10.7,0.079386,11875984.2,17.69,0.2377,2.1951,22.49,1187.9,1.6733,2.7169,0.10009,Atira,0,1999,2032-07-25
PHA-300264,(PHA-300264) 2012 BZ45,0.5097,36.91,0.017201,2573217.8,16.46,0.3259,1.4821,0.2,659.0,0.999,1.9651,0.015905,Apollo,1,2012,2033-09-26
NEO-102739,(NEO-102739) 2015 EJ69,0.0436,17.59,0.295958,44274690.0,24.24,0.4092,1.4399,19.52,631.1,0.8507,2.029,0.297236,Apollo,0,2015,2033-01-08
NEO-101575,(NEO-101575) 1996 HQ45,0.0593,22.87,0.013018,1947427.5,27.79,0.3794,1.798,1.04,880.6,1.1159,2.4801,0.015478,Amor,0,1996,2038-08-20
NEO-103118,(NEO-103118) 2022 DN52,0.0045,22.37,0.006895,1031524.8,23.71,0.2798,0.9138,5.77,319.1,0.6582,1.1695,0.007833,Aten,0,2022,2026-06-07
NEO-102017,(NEO-102017) 2011 YM76,0.0166,19.4,0.048091,7194251.7,26.89,0.3103,1.062,18.81,399.7,0.7324,1.3915,0.040826,Apollo,0,2011,2031-04-04
NEO-103002,(NEO-103002) 2022 GF64,0.5561,11.54,0.270227,40425389.9,17.31,0.2262,2.0507,11.79,1072.6,1.5867,2.5146,0.273427,Atira,0,2022,2025-12-28
NEO-100032,(NEO-100032) 2024 GJ89,0.0071,18.69,0.022801,3410999.9,29.29,0.5095,1.1837,1.98,470.4,0.5805,1.7868,0.022554,Apollo,0,2024,2038-11-07
NEO-101477,(NEO-101477) 2016 JD47,0.8962,10.57,0.30334,45378972.7,15.69,0.1739,1.4839,23.38,660.2,1.2258,1.742,0.225991,Amor,0,2016,2043-02-10
NEO-103751,(NEO-103751) 2010 OA51,0.281,12.21,0.19019,28452039.1,18.54,0.3779,2.1556,4.76,1156.0,1.3411,2.9701,0.200359,Atira,0,2010,2035-06-05
NEO-102918,(NEO-102918) 2015 VW24,0.0219,10.9,0.045155,6755045.9,24.0,0.1223,1.2157,7.05,489.6,1.067,1.3644,0.037085,Amor,0,2015,2043-10-01
NEO-102681,(NEO-102681) 2011 FE67,0.0434,9.04,0.20157,30154457.8,23.65,0.4008,1.4464,4.1,635.4,0.8667,2.0261,0.21463,Apollo,0,2011,2028-05-12
NEO-103861,(NEO-103861) 2003 OE92,0.0223,7.52,0.034009,5087687.5,23.52,0.3304,0.8776,12.73,300.3,0.5876,1.1675,0.027784,Aten,0,2003,2043-07-05
NEO-101358,(NEO-101358) 2007 KD2,0.0733,17.51,0.286882,42916935.7,23.52,0.6021,1.5235,11.51,686.9,0.6062,2.4408,0.288735,Apollo,0,2007,2026-01-13
PHA-300288,(PHA-300288) 2006 AM49,0.4206,16.76,0.02864,4284480.6,17.95,0.6803,1.6556,5.61,778.1,0.5293,2.7819,0.017471,Apollo,1,2006,2040-10-08
PHA-300710,(PHA-300710) 2013 AX33,0.7596,23.52,0.003476,520051.7,16.2,0.4278,1.6759,7.0,792.4,0.959,2.3927,0.003584,Apollo,1,2013,2034-02-26
NEO-101303,(NEO-101303) 2013 KF49,0.0198,14.92,0.007488,1120200.9,22.48,0.5499,1.3394,5.85,566.2,0.6029,2.0759,0.009381,Apollo,0,2013,2042-04-25
NEO-102805,(NEO-102805) 2020 YT57,0.0478,4.54,0.002817,421459.0,22.32,0.3022,2.406,5.09,1363.2,1.6789,3.1332,0.003107,Atira,0,2020,2040-09-12
NEO-100035,(NEO-100035) 2021 FP87,0.6781,6.66,0.105882,15839712.1,15.86,0.5108,1.6452,33.05,770.8,0.8048,2.4857,0.119635,Apollo,0,2021,2031-10-13
NEO-102078,(NEO-102078) 2007 OU87,0.0089,20.82,0.0044,658195.0,22.58,0.6117,0.8168,8.07,269.6,0.3172,1.3165,0.005319,Aten,0,2007,2038-07-14
NEO-100014,(NEO-100014) 2024 HG68,0.049,15.65,0.162441,24300764.7,23.59,0.5716,1.2824,2.83,530.5,0.5494,2.0155,0.19444,Apollo,0,2024,2035-10-04
NEO-100007,(NEO-100007) 2017 VD24,0.0116,25.25,0.012994,1943889.0,23.18,0.5352,1.3739,10.45,588.2,0.6386,2.1093,0.01448,Apollo,0,2017,2041-05-13
NEO-102914,(NEO-102914) 2010 LZ85,1.3333,15.61,0.097264,14550551.1,15.04,0.1501,2.8761,26.67,1781.5,2.4443,3.3078,0.088949,Atira,0,2010,2026-11-09
NEO-100841,(NEO-100841) 2014 WW73,0.0109,11.86,0.000387,57849.7,27.17,0.6071,1.3369,8.48,564.6,0.5252,2.1486,0.000415,Apollo,0,2014,2044-03-06
NEO-101494,(NEO-101494) 2005 BS94,0.0302,18.89,0.266026,39796951.9,23.0,0.6073,0.9818,24.15,355.3,0.3856,1.578,0.278419,Aten,0,2005,2036-05-26
NEO-101409,(NEO-101409) 2010 TP59,1.5267,9.12,0.179843,26904104.8,14.93,0.3183,2.1589,2.56,1158.6,1.4717,2.8462,0.220657,Atira,0,2010,2040-10-12
NEO-102517,(NEO-102517) 2023 TR23,0.0617,23.46,0.023364,3495234.4,26.73,0.2295,1.3513,23.21,573.8,1.0413,1.6614,0.022269,Amor,0,2023,2025-08-02
NEO-101654,(NEO-101654) 2014 EX68,0.0782,28.97,0.004431,662934.4,24.23,0.1905,1.971,15.52,1010.7,1.5956,2.3464,0.003641,Atira,0,2014,2043-02-15
NEO-102601,(NEO-102601) 1991 EO77,0.0208,24.8,0.004103,613858.5,28.38,0.0907,1.342,4.47,567.8,1.2202,1.4638,0.004939,Amor,0,1991,2042-12-12
PHA-300366,(PHA-300366) 2000 LH93,0.5021,19.38,0.032492,4860675.2,17.29,0.4372,2.3458,15.47,1312.3,1.3201,3.3715,0.027762,Apollo,1,2000,2025-11-20
NEO-102639,(NEO-102639) 2005 FH69,0.075,5.0,0.2599,38880538.8,23.18,0.3062,1.1977,5.68,478.7,0.8309,1.5644,0.319664,Apollo,0,2005,2035-04-14
PHA-300616,(PHA-300616) 2021 OB33,0.4049,23.91,0.034184,5113860.2,17.48,0.5562,1.3938,17.74,601.0,0.6186,2.169,0.025583,Apollo,1,2021,2032-04-21
NEO-100349,(NEO-100349) 2020 AL6,0.15,21.52,0.467092,69875967.4,19.74,0.1154,1.4421,2.71,632.6,1.2757,1.6086,0.509458,Amor,0,2020,2026-11-02
NEO-100175,(NEO-100175) 2002 BT51,0.0502,12.22,0.111028,16609552.5,26.67,0.7381,1.1186,38.42,432.1,0.293,1.9443,0.077776,Apollo,0,2002,2043-08-21
NEO-100102,(NEO-100102) 2019 TJ74,0.0202,8.47,0.00295,441239.8,26.19,0.2738,1.2361,16.53,501.9,0.8976,1.5745,0.003534,Apollo,0,2019,2036-08-10
NEO-103281,(NEO-103281) 1991 JW45,0.7545,6.12,0.190499,28498293.7,16.38,0.1169,1.6016,32.25,740.3,1.4144,1.7888,0.145011,Atira,0,1991,2040-02-03
NEO-100344,(NEO-100344) 2021 VR23,0.0326,22.02,0.166025,24837012.4,22.9,0.4249,1.6694,1.78,787.8,0.9601,2.3786,0.182943,Apollo,0,2021,2026-05-07
NEO-101998,(NEO-101998) 2025 JD45,0.0333,15.61,0.003276,490148.5,22.41,0.5515,1.9877,8.12,1023.6,0.8914,3.0841,0.003598,Apollo,0,2025,2026-08-21
NEO-101660,(NEO-101660) 2011 BU45,1.8495,15.61,0.177655,26576806.7,14.16,0.5408,2.1446,13.45,1147.1,0.9847,3.3045,0.160121,Apollo,0,2011,2033-02-27
NEO-102267,(NEO-102267) 1994 EG56,0.005,11.54,0.144921,21679819.3,24.19,0.199,0.8,8.12,261.4,0.6408,0.9592,0.168802,Atira,0,1994,2027-03-15
PHA-300766,(PHA-300766) 2009 CD44,0.3885,22.44,0.044346,6634087.5,17.6,0.3828,1.5033,0.5,673.2,0.9279,2.0788,0.035381,Apollo,1,2009,2026-12-10
NEO-100902,(NEO-100902) 2024 JL24,0.13,21.68,0.312342,46725759.7,24.3,0.4708,1.2315,13.02,499.1,0.6517,1.8112,0.393949,Apollo,0,2024,2028-07-20
NEO-101524,(NEO-101524) 1990 CD83,0.028,15.08,0.013849,2071750.5,24.22,0.1119,0.9544,21.46,340.5,0.8476,1.0611,0.015424,Aten,0,1990,2042-05-09
NEO-100596,(NEO-100596) 2009 LQ85,0.0422,12.15,0.230033,34412432.6,24.95,0.2634,1.7003,0.9,809.8,1.2525,2.1481,0.262295,Amor,0,2009,2038-07-13
PHA-300165,(PHA-300165) 2003 WY27,0.7368,27.93,0.012941,1935871.8,16.28,0.6508,2.4655,46.41,1414.0,0.8609,4.0702,0.010264,Apollo,1,2003,2042-04-01
NEO-103840,(NEO-103840) 2000 QD29,1.6682,18.95,0.187087,27987758.9,14.49,0.3456,2.3601,6.19,1324.3,1.5445,3.1757,0.140969,Atira,0,2000,2044-02-10
PHA-300035,(PHA-300035) 2004 WV70,0.4191,19.51,0.0126,1884947.1,17.09,0.4185,0.911,0.81,317.6,0.5297,1.2922,0.013064,Aten,1,2004,2040-01-26
NEO-102783,(NEO-102783) 1991 AH10,1.0381,20.81,0.094957,14205371.0,15.82,0.2978,2.4678,10.32,1416.0,1.7329,3.2027,0.084454,Atira,0,1991,2044-03-18
NEO-101768,(NEO-101768) 1999 FF34,0.0291,13.03,0.230293,34451319.9,23.9,0.2338,1.6705,28.85,788.6,1.2799,2.0611,0.251148,Amor,0,1999,2027-03-19
NEO-103372,(NEO-103372) 2001 BN97,0.6049,9.76,0.166097,24847729.1,16.23,0.5384,2.305,5.32,1278.2,1.064,3.546,0.15215,Amor,0,2001,2041-08-26
NEO-103371,(NEO-103371) 2002 SG84,0.0059,29.63,0.12352,18478326.0,23.26,0.3558,1.4532,0.74,639.8,0.9362,1.9701,0.110457,Apollo,0,2002,2031-09-02
NEO-102599,(NEO-102599) 1994 NO41,0.15,17.01,0.155213,23219572.7,19.78,0.5289,1.1332,3.6,440.6,0.5339,1.7326,0.189665,Apollo,0,1994,2029-06-20
NEO-101052,(NEO-101052) 2013 XN43,0.1781,17.11,0.078827,11792414.9,19.48,0.55,2.1152,0.5,1123.6,0.9518,3.2785,0.092844,Apollo,0,2013,2027-09-10
NEO-102390,(NEO-102390) 2019 NB15,0.0127,18.07,0.271777,40657284.4,22.59,0.2835,1.1377,5.75,443.3,0.8152,1.4603,0.311375,Apollo,0,2019,2042-10-28
NEO-100658,(NEO-100658) 2001 NS19,0.0066,27.13,0.017138,2563861.2,23.5,0.4139,1.1982,0.45,479.0,0.7022,1.6941,0.017995,Apollo,0,2001,2043-10-13
NEO-102065,(NEO-102065) 1995 OX67,0.002,31.57,0.003507,524704.8,23.91,0.3304,1.6113,6.93,747.1,1.0789,2.1438,0.004407,Amor,0,1995,2030-08-23
NEO-101450,(NEO-101450) 2012 JK94,0.7698,24.64,0.14423,21576480.1,16.2,0.3034,2.1864,9.59,1180.9,1.5231,2.8498,0.115857,Atira,0,2012,2039-11-23
NEO-101011,(NEO-101011) 2003 UX38,0.0085,18.45,0.093507,13988460.3,24.86,0.2683,1.9149,16.11,967.9,1.4012,2.4286,0.10367,Atira,0,2003,2043-02-24
NEO-103442,(NEO-103442) 2016 JO22,0.15,17.34,0.068161,10196766.4,19.39,0.2868,2.1623,3.38,1161.4,1.5423,2.7824,0.085431,Atira,0,2016,2031-07-06
NEO-103022,(NEO-103022) 2008 QT9,0.0475,11.93,0.102716,15366044.1,22.94,0.1422,0.7,2.29,213.9,0.6005,0.7995,0.116096,Atira,0,2008,2040-08-13
NEO-100305,(NEO-100305) 2016 MU30,0.0725,7.38,0.333302,49861257.7,24.88,0.0713,1.3989,1.09,604.3,1.2991,1.4986,0.308343,Amor,0,2016,2034-02-12
NEO-100632,(NEO-100632) 2023 UJ19,0.0769,18.23,0.0275,4113870.7,22.76,0.1449,1.4972,3.07,669.1,1.2803,1.7142,0.022948,Amor,0,2023,2033-04-01
PHA-300632,(PHA-300632) 1998 ST68,0.4796,15.88,0.002026,303071.1,18.08,0.5911,1.2132,4.82,488.1,0.496,1.9304,0.001998,Apollo,1,1998,2032-02-08
NEO-101537,(NEO-101537) 1993 TZ63,0.7736,22.65,0.221782,33178071.5,17.13,0.0471,1.1,0.5,421.4,1.0482,1.1518,0.187982,Amor,0,1993,2030-08-09
NEO-101565,(NEO-101565) 1996 TW61,0.089,14.24,0.028025,4192415.1,24.67,0.75,0.7974,4.93,260.1,0.1994,1.3955,0.026782,Aten,0,1996,2039-08-04
NEO-101329,(NEO-101329) 2015 XO86,0.0416,10.98,0.012253,1833073.3,27.89,0.0743,1.7303,8.08,831.4,1.6017,1.859,0.009699,Atira,0,2015,2029-05-14
NEO-101401,(NEO-101401) 2024 HF37,0.0383,24.42,0.009726,1455021.2,23.93,0.5766,1.1052,14.64,424.4,0.468,1.7424,0.012245,Apollo,0,2024,2042-03-17
NEO-102849,(NEO-102849) 2007 VT86,0.0206,4.0,0.031961,4781247.6,27.02,0.3119,1.3484,1.17,571.9,0.9277,1.769,0.036468,Apollo,0,2007,2025-11-03
NEO-103671,(NEO-103671) 1998 TY47,0.016,10.84,0.010063,1505329.6,23.06,0.2282,2.2621,0.18,1242.6,1.746,2.7782,0.012416,Atira,0,1998,2040-08-22
NEO-100145,(NEO-100145) 2006 FD36,0.0055,13.29,0.020152,3014716.9,24.53,0.1611,1.2649,2.74,519.6,1.0612,1.4687,0.024328,Amor,0,2006,2034-09-17
NEO-103557,(NEO-103557) 1990 LL17,0.0318,27.57,0.043908,6568554.3,24.01,0.275,1.2712,4.99,523.5,0.9216,1.6208,0.037632,Apollo,0,1990,2044-11-18
NEO-101679,(NEO-101679) 2020 ZY1,0.0255,17.12,0.010703,1601177.1,22.77,0.2289,1.0438,10.5,389.5,0.8049,1.2827,0.010614,Apollo,0,2020,2041-08-03
NEO-103288,(NEO-103288) 2023 RV55,0.0064,14.05,0.015932,2383449.9,23.12,0.75,0.8604,5.01,291.5,0.2151,1.5056,0.018633,Aten,0,2023,2031-01-24
PHA-300708,(PHA-300708) 2002 VG7,0.2915,34.33,0.032822,4910160.2,17.86,0.15,1.4965,15.44,668.7,1.272,1.721,0.029738,Apollo,1,2002,2040-06-05
NEO-102153,(NEO-102153) 2000 XX44,0.0225,9.94,0.021283,3183839.0,31.27,0.1477,1.5034,21.5,673.3,1.2813,1.7255,0.018178,Amor,0,2000,2037-07-23
NEO-103595,(NEO-103595) 2007 BO87,0.0312,8.39,0.235585,35242982.7,23.64,0.1409,2.2663,5.69,1246.1,1.9468,2.5857,0.192616,Atira,0,2007,2040-04-16
NEO-100069,(NEO-100069) 1998 CD47,0.0371,5.38,0.08269,12370322.2,26.75,0.281,1.3875,12.68,596.9,0.9976,1.7773,0.105227,Apollo,0,1998,2035-06-02
NEO-100009,(NEO-100009) 2005 TL53,0.0438,24.27,0.355543,53188420.8,23.58,0.5614,1.3923,9.86,600.1,0.6107,2.174,0.331417,Apollo,0,2005,2043-01-18
PHA-300341,(PHA-300341) 2015 SL30,0.7738,23.66,0.05,7479893.5,15.67,0.5297,2.0989,0.2,1110.6,0.9871,3.2106,0.040567,Apollo,1,2015,2033-01-19
NEO-101730,(NEO-101730) 2005 RS27,0.005,23.01,0.046403,6941812.5,25.3,0.6024,0.8815,8.87,302.3,0.3505,1.4126,0.057545,Aten,0,2005,2044-01-09
NEO-100514,(NEO-100514) 1990 CG56,0.0177,21.79,0.040413,6045676.1,25.13,0.4481,1.0676,13.75,402.9,0.5892,1.546,0.029622,Apollo,0,1990,2043-08-15
NEO-101271,(NEO-101271) 2018 UC24,0.0519,13.88,0.015404,2304443.5,24.37,0.4726,0.9366,0.79,331.1,0.494,1.3792,0.018211,Aten,0,2018,2038-08-10
NEO-101701,(NEO-101701) 2023 EH34,0.13,19.5,0.132662,19845879.7,23.02,0.6966,1.3098,13.93,547.5,0.3974,2.2222,0.151036,Apollo,0,2023,2041-04-27
PHA-300298,(PHA-300298) 1996 UC51,0.2691,36.78,0.007274,1088161.3,19.14,0.3655,1.1446,33.34,447.3,0.7263,1.5629,0.007511,Apollo,1,1996,2039-08-25
NEO-100511,(NEO-100511) 2021 QF10,0.8362,15.2,0.096183,14388716.1,16.09,0.4666,1.8616,39.52,927.8,0.993,2.7303,0.101191,Apollo,0,2021,2044-07-09
NEO-101442,(NEO-101442) 1995 HS15,0.0032,9.26,0.045204,6762438.8,23.13,0.3218,1.7502,7.61,845.7,1.1871,2.3134,0.056076,Amor,0,1995,2036-03-04
NEO-103409,(NEO-103409) 2001 TO12,0.0066,17.01,0.045894,6865679.9,25.66,0.4623,0.7,3.42,213.9,0.3764,1.0236,0.037304,Aten,0,2001,2035-08-19
NEO-101333,(NEO-101333) 2015 OE90,0.0228,15.72,0.02495,3732488.4,26.33,0.2721,2.0664,16.22,1084.9,1.5041,2.6286,0.025438,Atira,0,2015,2030-12-24
NEO-103533,(NEO-103533) 1994 WR22,0.0107,19.35,0.010588,1584000.7,23.94,0.4171,1.2813,1.64,529.7,0.7469,1.8157,0.012609,Apollo,0,1994,2038-05-05
NEO-102673,(NEO-102673) 2002 HQ27,0.6679,9.29,0.348258,52098619.9,17.02,0.55,2.001,30.66,1033.9,0.9005,3.1016,0.274318,Apollo,0,2002,2040-01-16
NEO-101554,(NEO-101554) 2003 YK5,0.0174,18.02,0.011523,1723766.0,23.21,0.3473,1.455,13.87,641.0,0.9497,1.9602,0.009698,Apollo,0,2003,2042-03-25
NEO-103615,(NEO-103615) 1994 OE81,0.0171,4.0,0.061232,9160210.8,28.42,0.1177,0.7,6.58,213.9,0.6176,0.7824,0.046178,Atira,0,1994,2039-08-21
PHA-300009,(PHA-300009) 2006 FX68,0.3909,28.74,0.011438,1711103.7,17.38,0.4051,1.1714,1.55,463.1,0.6969,1.646,0.009769,Apollo,1,2006,2040-03-20
NEO-102910,(NEO-102910) 2000 BO79,1.0088,11.33,0.148161,22164615.6,15.37,0.3771,1.1,55.0,421.4,0.6852,1.5148,0.134439,Apollo,0,2000,2040-10-28
NEO-103728,(NEO-103728) 2012 AN31,0.0107,6.93,0.002788,417067.9,23.87,0.4083,1.9415,11.13,988.1,1.1487,2.7344,0.003436,Amor,0,2012,2026-07-27
NEO-101762,(NEO-101762) 1997 HG84,0.13,12.77,0.263382,39401328.9,23.8,0.2627,1.3069,1.24,545.7,0.9636,1.6502,0.291746,Apollo,0,1997,2028-05-03
NEO-103359,(NEO-103359) 2007 GJ71,0.0658,9.75,0.067229,10057266.5,22.24,0.75,1.3996,0.78,604.8,0.3499,2.4493,0.080325,Apollo,0,2007,2032-02-17
PHA-300428,(PHA-300428) 2007 CV61,0.2017,26.79,0.05,7479893.5,18.82,0.7424,2.3942,2.96,1353.1,0.6169,4.1715,0.041374,Apollo,1,2007,2035-03-27
NEO-103511,(NEO-103511) 2003 FE45,0.017,20.18,0.005058,756664.5,22.23,0.495,0.7754,7.33,249.4,0.3916,1.1593,0.006227,Aten,0,2003,2041-11-12
NEO-100334,(NEO-100334) 2011 HG41,0.0369,10.63,0.046623,6974643.9,25.57,0.3454,1.6487,3.06,773.2,1.0792,2.2182,0.035875,Amor,0,2011,2038-08-16
NEO-102240,(NEO-102240) 2019 SG13,0.0332,11.35,0.021899,3275997.1,22.57,0.4754,1.1855,3.17,471.5,0.622,1.7491,0.026382,Apollo,0,2019,2028-09-22
NEO-102373,(NEO-102373) 2010 UC16,0.0315,16.42,0.059967,8970885.4,22.37,0.7124,1.837,17.37,909.4,0.5282,3.1458,0.062299,Apollo,0,2010,2040-10-15
NEO-103644,(NEO-103644) 2004 LD78,0.0582,18.36,0.315152,47146110.0,25.55,0.1417,0.8,9.44,261.4,0.6866,0.9134,0.291809,Atira,0,2004,2040-01-10
PHA-300736,(PHA-300736) 2002 MZ53,0.3262,20.72,0.004788,716338.6,17.33,0.2912,2.0951,5.61,1107.7,1.485,2.7053,0.003703,Apollo,1,2002,2035-01-10
NEO-102403,(NEO-102403) 1995 FL20,0.0058,20.14,0.010547,1577801.7,23.35,0.284,0.9773,0.1,352.9,0.6998,1.2548,0.012092,Aten,0,1995,2033-10-05
NEO-101970,(NEO-101970) 1993 OS75,0.0077,19.22,0.032426,4850818.6,26.58,0.2966,1.3505,0.75,573.2,0.9499,1.751,0.040804,Apollo,0,1993,2025-06-18
NEO-102432,(NEO-102432) 2007 TN38,0.0486,24.92,0.11828,17694365.2,24.13,0.6034,0.9251,2.31,325.0,0.3669,1.4834,0.118262,Aten,0,2007,2038-07-07
NEO-100351,(NEO-100351) 1997 WK73,0.0613,16.52,0.008723,1304925.8,23.58,0.3018,1.5016,0.95,672.1,1.0484,1.9549,0.008284,Amor,0,1997,2042-07-23
PHA-300572,(PHA-300572) 1999 CD65,0.2981,26.28,0.014773,2209990.0,18.49,0.4325,1.0855,7.25,413.1,0.6161,1.555,0.009699,Apollo,1,1999,2038-02-08
PHA-300193,(PHA-300193) 2014 LL96,0.4228,38.69,0.0001,14959.8,17.4,0.3709,1.7195,15.43,823.5,1.0816,2.3573,8.6e-05,Apollo,1,2014,2041-03-05
NEO-101283,(NEO-101283) 1999 WF91,0.002,9.19,0.023045,3447465.3,25.19,0.7229,1.3074,14.59,546.0,0.3623,2.2525,0.026948,Apollo,0,1999,2033-08-18
NEO-103202,(NEO-103202) 2002 BU14,0.0032,18.33,0.070908,10607656.2,25.0,0.1539,1.1816,3.73,469.1,0.9997,1.3634,0.066272,Apollo,0,2002,2028-08-18
NEO-100715,(NEO-100715) 2009 FL53,0.0058,33.18,0.022833,3415731.0,26.29,0.2626,1.2816,3.33,530.0,0.9451,1.6182,0.028169,Apollo,0,2009,2028-05-03
NEO-103658,(NEO-103658) 1993 BN85,0.0414,15.38,0.055867,8357571.3,24.83,0.2331,1.9519,0.53,996.0,1.497,2.4068,0.069236,Atira,0,1993,2040-04-26
NEO-103810,(NEO-103810) 1992 GO37,0.0475,17.65,0.016892,2526949.4,26.06,0.2233,1.0776,4.87,408.6,0.837,1.3183,0.020339,Apollo,0,1992,2036-01-03
NEO-100304,(NEO-100304) 2020 AU94,0.675,18.62,0.390872,58473630.1,16.82,0.3666,2.4247,4.94,1379.1,1.5357,3.3137,0.41598,Atira,0,2020,2039-11-17
NEO-100437,(NEO-100437) 2009 OS6,1.0174,20.04,0.404787,60555266.9,15.79,0.3871,2.8082,26.93,1718.8,1.7213,3.8951,0.522697,Atira,0,2009,2042-04-20
NEO-102299,(NEO-102299) 2006 OG84,0.0845,19.71,0.055042,8234231.5,23.79,0.6567,2.076,6.69,1092.5,0.7127,3.4393,0.04793,Apollo,0,2006,2042-04-28
PHA-300507,(PHA-300507) 2002 UM81,0.2169,23.73,0.02453,3669617.6,18.63,0.3235,0.75,3.25,237.2,0.5074,0.9926,0.022863,Aten,1,2002,2027-10-19
NEO-100469,(NEO-100469) 1998 SN87,0.0083,23.95,0.006342,948813.2,22.62,0.2529,1.4078,37.96,610.1,1.0518,1.7638,0.006464,Amor,0,1998,2039-08-04
NEO-103521,(NEO-103521) 1994 TR98,0.0271,10.59,0.008449,1264023.0,30.45,0.3532,1.5763,3.25,722.9,1.0196,2.1331,0.009721,Amor,0,1994,2043-12-21
NEO-101452,(NEO-101452) 2024 KS53,0.0322,14.21,0.014097,2108855.3,30.22,0.3337,0.7,8.2,213.9,0.4664,0.9336,0.012601,Atira,0,2024,2032-06-17
PHA-300658,(PHA-300658) 2006 GQ27,0.2245,32.21,0.02579,3858069.9,18.47,0.4123,1.6291,20.12,759.4,0.9574,2.3008,0.018049,Apollo,1,2006,2031-04-18
NEO-100762,(NEO-100762) 2000 BF64,0.0855,13.41,0.03209,4800528.6,24.43,0.75,1.5505,4.14,705.2,0.3876,2.7134,0.038377,Apollo,0,2000,2026-07-05
NEO-101596,(NEO-101596) 2012 XA29,0.005,30.37,0.430341,64378160.1,24.04,0.2124,1.7515,2.76,846.7,1.3796,2.1235,0.413966,Atira,0,2012,2027-12-07
NEO-103892,(NEO-103892) 2016 TM61,0.0486,7.17,0.003851,576046.4,25.01,0.1783,1.4435,2.07,633.4,1.1861,1.7008,0.004364,Amor,0,2016,2033-10-15
PHA-300711,(PHA-300711) 2009 AZ38,0.4298,22.95,0.007356,1100491.9,16.89,0.5689,2.1236,35.91,1130.3,0.9155,3.3317,0.004823,Apollo,1,2009,2035-12-04
NEO-100271,(NEO-100271) 1990 WL37,0.0292,7.9,0.017178,2569841.0,22.48,0.4006,1.2521,10.86,511.8,0.7505,1.7538,0.018156,Apollo,0,1990,2025-07-18
NEO-101180,(NEO-101180) 2013 WW67,0.0398,13.67,0.04527,6772227.1,24.18,0.5656,1.0398,1.13,387.2,0.4517,1.6278,0.042605,Apollo,0,2013,2039-05-13
NEO-102335,(NEO-102335) 2002 MK93,0.0139,20.82,0.33296,49810103.6,24.09,0.481,1.885,0.64,945.3,0.9783,2.7918,0.250679,Apollo,0,2002,2027-07-25
NEO-101434,(NEO-101434) 2014 RM42,0.0644,21.17,0.373923,55938011.1,25.05,0.3202,1.4826,2.27,659.3,1.0079,1.9572,0.333742,Apollo,0,2014,2039-04-02
PHA-300792,(PHA-300792) 2003 QY45,0.1797,18.51,0.002183,326636.7,18.8,0.356,1.8997,19.55,956.3,1.2234,2.5759,0.001766,Apollo,1,2003,2033-03-22
NEO-101428,(NEO-101428) 2001 KE66,0.0316,24.42,0.016613,2485232.6,24.36,0.0702,0.7,0.53,213.9,0.6508,0.7492,0.021091,Atira,0,2001,2032-05-14
NEO-101276,(NEO-101276) 2016 FC60,0.0866,27.77,0.091226,13647187.6,22.53,0.4219,1.0363,11.63,385.3,0.5991,1.4735,0.093435,Apollo,0,2016,2038-07-28
NEO-102305,(NEO-102305) 1995 PB46,0.0299,21.46,0.117175,17529138.5,25.68,0.0985,2.2092,15.11,1199.3,1.9916,2.4267,0.138811,Atira,0,1995,2031-05-09
NEO-102607,(NEO-102607) 1992 RX66,0.1098,13.8,0.026407,3950366.3,31.5,0.3941,0.8317,10.8,277.0,0.5039,1.1595,0.023484,Aten,0,1992,2029-10-10
PHA-300204,(PHA-300204) 2017 YJ35,0.223,18.92,0.021152,3164263.4,18.64,0.6746,2.1814,5.43,1176.8,0.7098,3.653,0.016879,Apollo,1,2017,2041-10-19
NEO-102282,(NEO-102282) 1992 TF87,0.0023,11.98,0.058634,8771452.9,30.29,0.5318,1.519,8.45,683.8,0.7112,2.3269,0.046811,Apollo,0,1992,2026-07-16
NEO-103875,(NEO-103875) 2013 BG68,0.0084,14.77,0.004819,720906.0,24.5,0.2819,1.9109,18.14,964.9,1.3722,2.4497,0.004376,Atira,0,2013,2041-08-12
PHA-300683,(PHA-300683) 1995 BB17,2.1223,13.05,0.019003,2842815.5,14.56,0.6072,1.1224,13.29,434.3,0.4408,1.8039,0.018631,Apollo,1,1995,2044-10-20
NEO-102882,(NEO-102882) 2006 HN37,0.0095,12.39,0.036222,5418677.8,22.56,0.4813,1.832,4.64,905.7,0.9503,2.7137,0.034246,Apollo,0,2006,2030-12-04
PHA-300790,(PHA-300790) 2001 YU38,0.1411,24.02,0.000544,81410.9,19.84,0.6347,1.4708,32.9,651.5,0.5372,2.4044,0.000509,Apollo,1,2001,2039-02-20
NEO-103931,(NEO-103931) 2000 FD75,0.0271,22.21,0.050828,7603817.0,23.88,0.3486,1.4095,4.34,611.2,0.9181,1.9008,0.049821,Apollo,0,2000,2025-12-05
NEO-102156,(NEO-102156) 2008 JC97,0.9275,6.53,0.363984,54451261.9,15.83,0.2553,2.1203,16.97,1127.7,1.5789,2.6617,0.448357,Atira,0,2008,2026-10-22
NEO-103198,(NEO-103198) 1993 AH40,0.0569,17.79,0.215891,32296775.3,24.55,0.2637,1.8325,4.91,906.1,1.3493,2.3157,0.24979,Atira,0,1993,2037-06-27
NEO-100277,(NEO-100277) 2013 SY29,0.0045,10.29,0.068027,10176751.3,22.48,0.4592,1.9288,1.83,978.4,1.0431,2.8146,0.047704,Amor,0,2013,2039-11-16
NEO-100228,(NEO-100228) 2007 UE18,1.8409,9.99,0.103845,15534954.4,14.5,0.1348,2.2794,31.42,1256.9,1.9722,2.5865,0.12467,Atira,0,2007,2037-09-13
PHA-300186,(PHA-300186) 2004 RK58,0.1902,17.37,0.014508,2170439.8,19.13,0.3353,0.8197,13.11,271.1,0.5448,1.0946,0.011891,Aten,1,2004,2033-05-23
NEO-103850,(NEO-103850) 2004 CR4,0.0471,20.09,0.335523,50193456.9,25.38,0.1916,1.4295,13.4,624.3,1.1556,1.7035,0.414033,Amor,0,2004,2038-10-10
NEO-100368,(NEO-100368) 1994 GZ72,0.0228,24.7,0.009647,1443191.9,24.16,0.7371,1.8549,23.55,922.7,0.4876,3.2222,0.011645,Apollo,0,1994,2028-12-11
NEO-100250,(NEO-100250) 2010 KA67,0.2771,26.58,0.279452,41805372.9,17.81,0.1094,1.5899,14.45,732.2,1.4159,1.7639,0.251765,Atira,0,2010,2041-05-07
NEO-101574,(NEO-101574) 2018 ES42,0.6372,13.49,0.314597,47063000.4,16.43,0.55,1.4417,21.31,632.3,0.6488,2.2347,0.33854,Apollo,0,2018,2041-01-25
NEO-101483,(NEO-101483) 2007 SA96,0.0658,9.29,0.131392,19656020.6,23.92,0.5495,1.8455,12.81,915.7,0.8314,2.8596,0.120206,Apollo,0,2007,2044-05-15
NEO-100664,(NEO-100664) 2003 AD49,0.035,5.19,0.023892,3574216.2,24.12,0.0592,1.4065,2.37,609.2,1.3231,1.4898,0.019872,Atira,0,2003,2032-11-01
NEO-103378,(NEO-103378) 2024 HL17,0.135,15.93,0.004829,722439.8,24.87,0.5805,1.1852,45.0,471.3,0.4972,1.8733,0.005409,Apollo,0,2024,2039-10-01
PHA-300058,(PHA-300058) 1999 MM51,0.6731,18.26,0.044869,6712246.6,15.85,0.2635,1.3386,12.52,565.7,0.9859,1.6913,0.045016,Apollo,1,1999,2029-06-16
PHA-300558,(PHA-300558) 2020 DH65,0.3557,22.49,0.007404,1107637.8,18.34,0.4638,1.2137,3.05,488.4,0.6507,1.7766,0.00647,Apollo,1,2020,2033-11-21
NEO-103623,(NEO-103623) 2008 RD33,0.0352,24.63,0.366703,54858008.5,25.09,0.2236,1.451,6.76,638.4,1.1266,1.7755,0.304801,Amor,0,2008,2043-07-04
PHA-300086,(PHA-300086) 2001 ZV15,1.0723,11.0,0.014313,2141228.3,16.1,0.3394,1.9321,8.4,980.9,1.2763,2.5879,0.009793,Apollo,1,2001,2038-10-02
NEO-100603,(NEO-100603) 2018 YF54,0.135,18.77,0.003579,535371.2,23.72,0.6748,0.7,11.29,213.9,0.2277,1.1723,0.003077,Aten,0,2018,2038-10-08
PHA-300129,(PHA-300129) 2018 FV61,0.4156,24.12,0.006009,898939.6,17.44,0.6609,1.189,19.93,473.5,0.4032,1.9747,0.006241,Apollo,1,2018,2038-06-09
PHA-300753,(PHA-300753) 2024 XM52,0.14,23.33,0.00241,360494.4,19.84,0.15,1.761,3.2,853.6,1.4969,2.0252,0.001888,Apollo,1,2024,2029-06-12
NEO-100659,(NEO-100659) 2001 RP60,0.0253,11.9,0.040648,6080804.7,27.03,0.1774,1.2336,0.54,500.4,1.0147,1.4524,0.051593,Apollo,0,2001,2026-04-16
NEO-103075,(NEO-103075) 1992 EX12,0.0176,28.17,0.03345,5004020.1,23.83,0.4453,0.9442,5.33,335.1,0.5238,1.3646,0.029123,Aten,0,1992,2041-08-23
NEO-102970,(NEO-102970) 2015 GZ29,0.002,15.44,0.04031,6030294.6,27.8,0.0929,1.187,8.37,472.3,1.0767,1.2972,0.049594,Amor,0,2015,2035-02-21
NEO-102575,(NEO-102575) 2020 RK62,0.5348,13.56,0.144935,21682028.3,17.08,0.4411,1.4315,5.15,625.6,0.8001,2.0629,0.131489,Apollo,0,2020,2027-04-23
NEO-100536,(NEO-100536) 2004 RP5,0.028,11.66,0.103537,15488924.1,25.16,0.4441,1.0797,2.38,409.8,0.6002,1.5592,0.127648,Apollo,0,2004,2044-05-28
NEO-100673,(NEO-100673) 2016 MF44,0.13,11.69,0.101549,15191568.4,24.54,0.7,1.8103,24.5,889.6,0.5431,3.0775,0.09103,Apollo,0,2016,2042-02-19
PHA-300453,(PHA-300453) 2019 UM61,0.8839,26.96,0.002469,369397.2,15.38,0.2537,1.0572,20.28,397.0,0.7889,1.3254,0.002583,Apollo,1,2019,2044-08-13
NEO-101456,(NEO-101456) 1996 PX31,0.3942,12.95,0.074472,11140784.9,17.32,0.1781,1.6578,7.17,779.6,1.3626,1.953,0.061477,Atira,0,1996,2043-02-17
NEO-100260,(NEO-100260) 2022 TB59,0.1098,26.61,0.006772,1013084.4,31.5,0.2529,1.1889,11.05,473.5,0.8882,1.4896,0.00709,Apollo,0,2022,2026-01-06
NEO-100914,(NEO-100914) 2007 SM63,0.0422,13.4,0.003738,559227.6,24.73,0.6854,1.702,0.17,811.0,0.5354,2.8687,0.004126,Apollo,0,2007,2042-06-10
PHA-300584,(PHA-300584) 2011 TM68,0.6004,25.7,0.00728,1089088.9,16.85,0.3885,1.5235,1.01,686.8,0.9317,2.1153,0.005315,Apollo,1,2011,2032-07-08
PHA-300615,(PHA-300615) 2006 LQ84,0.2181,31.93,0.012283,1837499.8,18.46,0.545,2.1291,1.29,1134.7,0.9686,3.2895,0.011359,Apollo,1,2006,2028-12-23
PHA-300440,(PHA-300440) 2003 NB71,0.2772,21.75,0.010964,1640155.4,17.82,0.3576,1.5544,16.88,707.8,0.9986,2.1102,0.008181,Apollo,1,2003,2025-02-19
NEO-102081,(NEO-102081) 1991 TB88,0.5597,10.78,0.284055,42494090.2,16.86,0.4954,1.3543,0.63,575.6,0.6834,2.0251,0.290448,Apollo,0,1991,2029-08-07
NEO-103063,(NEO-103063) 2003 HS10,0.017,23.05,0.200117,29937022.0,24.84,0.4115,1.7322,10.75,832.7,1.0194,2.445,0.147107,Amor,0,2003,2044-04-11
NEO-101772,(NEO-101772) 1995 NM78,0.0192,21.14,0.266836,39918024.0,23.0,0.3143,1.5512,8.71,705.6,1.0636,2.0388,0.218571,Amor,0,1995,2044-11-13
PHA-300797,(PHA-300797) 2009 PU69,0.6251,31.2,0.015671,2344274.8,16.56,0.5601,1.0855,0.2,413.1,0.4775,1.6935,0.016409,Apollo,1,2009,2037-09-01
NEO-100765,(NEO-100765) 1997 DP44,0.0076,7.01,0.073465,10990270.7,25.5,0.3708,1.5699,6.34,718.5,0.9879,2.152,0.052247,Apollo,0,1997,2044-03-17
NEO-102551,(NEO-102551) 2023 DS97,0.782,23.96,0.181559,27160801.2,16.28,0.1037,1.1566,2.18,454.3,1.0367,1.2766,0.225308,Amor,0,2023,2034-02-18
NEO-101580,(NEO-101580) 2008 RH63,0.0185,13.39,0.004946,739979.4,24.33,0.5313,1.1993,20.93,479.7,0.5621,1.8365,0.003823,Apollo,0,2008,2026-05-08
PHA-300140,(PHA-300140) 2014 TK60,1.0283,17.27,0.033808,5057624.3,15.36,0.585,1.5438,1.06,700.6,0.6407,2.4468,0.023114,Apollo,1,2014,2042-05-24
NEO-100429,(NEO-100429) 2010 WS66,0.1998,16.35,0.104228,15592225.0,19.32,0.2817,2.107,0.5,1117.1,1.5135,2.7005,0.12383,Atira,0,2010,2034-12-12
NEO-103269,(NEO-103269) 2025 MT90,0.13,14.17,0.357623,53499692.0,24.13,0.5861,2.4363,4.51,1388.9,1.0083,3.8642,0.413773,Apollo,0,2025,2038-10-02
NEO-101686,(NEO-101686) 2014 TZ63,0.052,13.43,0.006852,1025079.8,26.57,0.1695,1.3023,1.44,542.8,1.0816,1.523,0.00673,Amor,0,2014,2040-06-09
NEO-100468,(NEO-100468) 2014 JX28,0.0937,25.69,0.200928,30058423.9,22.21,0.4195,1.3452,12.74,569.9,0.7809,1.9095,0.16845,Apollo,0,2014,2035-07-02
NEO-100983,(NEO-100983) 2020 DQ14,0.0381,18.91,0.030943,4629014.9,22.43,0.484,0.8275,7.4,274.9,0.4269,1.228,0.03057,Aten,0,2020,2041-11-17
PHA-300447,(PHA-300447) 2014 BY50,0.6588,29.46,0.019922,2980354.0,16.82,0.7362,1.8862,14.29,946.1,0.4976,3.2747,0.016938,Apollo,1,2014,2033-06-25
NEO-100325,(NEO-100325) 2020 SL82,0.0118,7.01,0.297739,44541090.3,23.14,0.252,1.8687,1.26,933.0,1.3978,2.3395,0.334639,Atira,0,2020,2043-08-22
NEO-102223,(NEO-102223) 2008 ZR45,0.13,7.58,0.080062,11977103.1,26.03,0.1844,1.3492,10.34,572.4,1.1004,1.598,0.059186,Amor,0,2008,2042-12-25
NEO-102184,(NEO-102184) 1993 ZS64,0.0302,23.78,0.039446,5901084.6,22.22,0.2941,1.814,11.03,892.4,1.2804,2.3475,0.03345,Amor,0,1993,2027-05-24
NEO-101553,(NEO-101553) 2007 OL14,0.0834,12.58,0.020957,3135172.1,22.41,0.5495,1.5765,6.75,723.0,0.7103,2.4428,0.020805,Apollo,0,2007,2029-07-28
NEO-100695,(NEO-100695) 2011 HY24,0.4878,16.36,0.07022,10504719.6,17.03,0.1992,2.8324,3.62,1741.1,2.2683,3.3966,0.065468,Atira,0,2011,2030-11-09
PHA-300229,(PHA-300229) 1995 SR73,0.3301,15.21,0.004534,678301.6,18.2,0.1905,1.6528,13.45,776.1,1.338,1.9676,0.004756,Apollo,1,1995,2038-10-23
NEO-103674,(NEO-103674) 2015 LQ67,0.1974,12.39,0.20889,31249479.6,20.02,0.3646,2.6694,3.61,1593.0,1.6961,3.6428,0.226325,Atira,0,2015,2031-01-23
NEO-103960,(NEO-103960) 2019 ZW35,0.0126,20.72,0.00398,595406.0,26.02,0.6006,1.1643,0.29,458.9,0.465,1.8635,0.004875,Apollo,0,2019,2031-05-01
NEO-102536,(NEO-102536) 2000 HM11,0.0183,11.69,0.000494,73871.1,23.88,0.5196,1.1323,4.06,440.1,0.544,1.7206,0.000404,Apollo,0,2000,2039-05-24
NEO-101367,(NEO-101367) 2018 RZ78,0.0174,19.89,0.03347,5007004.9,23.64,0.6046,1.0058,2.6,368.4,0.3977,1.6139,0.038433,Apollo,0,2018,2026-09-10
NEO-103920,(NEO-103920) 2019 FG27,0.0418,11.54,0.030301,4533039.6,23.81,0.3431,0.7972,1.37,260.0,0.5237,1.0707,0.039014,Aten,0,2019,2036-02-22
NEO-100153,(NEO-100153) 2008 KY52,0.0358,8.55,0.189159,28297763.3,24.77,0.3496,1.1466,7.16,448.4,0.7457,1.5474,0.229739,Apollo,0,2008,2036-04-20
NEO-102656,(NEO-102656) 2021 RY86,1.5511,14.26,0.38541,57656443.0,14.39,0.3419,3.0317,19.76,1928.0,1.9952,4.0681,0.365676,Atira,0,2021,2026-08-02
NEO-102744,(NEO-102744) 2010 NE22,0.0512,14.63,0.235157,35179021.2,24.95,0.308,1.6328,1.0,762.1,1.1299,2.1357,0.186645,Amor,0,2010,2028-04-24
NEO-101845,(NEO-101845) 2004 DK1,0.0052,21.09,0.075272,11260571.5,23.37,0.7056,1.1739,3.96,464.6,0.3456,2.0023,0.088307,Apollo,0,2004,2029-07-13
NEO-100979,(NEO-100979) 1996 NS32,0.0746,7.87,0.011337,1695951.0,25.53,0.2065,2.0035,2.62,1035.8,1.5898,2.4173,0.012602,Atira,0,1996,2044-05-08
NEO-102917,(NEO-102917) 1995 LH52,0.0312,14.54,0.014101,2109427.9,22.42,0.2764,0.9285,1.86,326.8,0.6718,1.1851,0.011688,Aten,0,1995,2025-02-03
NEO-103761,(NEO-103761) 1993 PH94,0.0486,20.82,0.227968,34103535.8,24.26,0.4852,2.0423,30.09,1066.1,1.0514,3.0333,0.213726,Amor,0,1993,2043-09-11
NEO-103500,(NEO-103500) 2006 OD2,0.5482,16.28,0.182435,27291897.0,17.04,0.359,2.6254,8.17,1553.8,1.6829,3.5679,0.158669,Atira,0,2006,2041-02-13
NEO-103591,(NEO-103591) 1990 VB54,0.002,10.23,0.011833,1770236.1,23.09,0.1297,1.529,9.16,690.5,1.3306,1.7273,0.008543,Atira,0,1990,2025-06-06
NEO-103575,(NEO-103575) 1998 TN62,0.0514,23.97,0.235455,35223603.6,24.81,0.3975,1.7594,11.12,852.4,1.0601,2.4587,0.305223,Amor,0,1998,2030-01-17
NEO-102414,(NEO-102414) 2017 MN59,0.0241,8.27,0.007094,1061265.6,28.11,0.3623,1.0564,2.37,396.6,0.6737,1.4391,0.00728,Apollo,0,2017,2041-02-04
NEO-100768,(NEO-100768) 2019 AX64,0.0578,21.97,0.019992,2990830.5,24.29,0.75,0.8628,9.99,292.7,0.2157,1.5098,0.024696,Aten,0,2019,2039-10-22
NEO-101664,(NEO-101664) 1999 ES91,0.0333,8.59,0.046803,7001652.9,22.94,0.571,0.8576,1.06,290.1,0.3679,1.3473,0.050483,Aten,0,1999,2041-11-25
NEO-100667,(NEO-100667) 1994 HS35,0.0671,6.55,0.01312,1962782.8,23.92,0.3104,0.9131,14.02,318.7,0.6296,1.1965,0.016479,Aten,0,1994,2043-05-20
NEO-102844,(NEO-102844) 2003 KT67,0.3412,12.44,0.184524,27604417.7,17.77,0.5355,1.1,0.5,421.4,0.511,1.689,0.174478,Apollo,0,2003,2034-09-05
NEO-101723,(NEO-101723) 2016 DR88,0.0578,27.35,0.274776,41105921.8,22.59,0.1728,1.0637,7.35,400.7,0.8799,1.2474,0.238872,Apollo,0,2016,2028-03-05
NEO-100471,(NEO-100471) 2009 MF80,0.0555,13.09,0.403105,60303641.8,25.7,0.6273,1.675,37.36,791.8,0.6243,2.7257,0.413333,Apollo,0,2009,2029-05-28
PHA-300089,(PHA-300089) 2002 QK36,0.282,15.88,0.035315,5283060.1,18.99,0.3014,1.4784,1.95,656.6,1.0328,1.9241,0.037394,Apollo,1,2002,2044-04-22
NEO-100823,(NEO-100823) 2007 SD66,0.9487,15.05,0.160575,24021680.7,16.1,0.2917,1.5772,10.47,723.4,1.1171,2.0373,0.174784,Amor,0,2007,2027-02-05
NEO-102348,(NEO-102348) 1993 VQ3,0.0902,16.14,0.309846,46352241.2,25.47,0.7,1.7871,0.2,872.6,0.5361,3.0381,0.221356,Apollo,0,1993,2039-08-10
NEO-103897,(NEO-103897) 2003 HW31,0.0143,16.94,0.440641,65918938.2,25.5,0.4661,1.773,7.79,862.3,0.9466,2.5993,0.479228,Apollo,0,2003,2026-05-13
PHA-300181,(PHA-300181) 2011 LZ41,0.7687,16.49,0.001725,258076.9,16.51,0.5003,1.5824,0.61,727.1,0.7908,2.374,0.001431,Apollo,1,2011,2027-10-01
NEO-102576,(NEO-102576) 1992 PK71,0.0159,11.44,0.071913,10757966.0,23.02,0.2667,0.7173,4.96,221.9,0.526,0.9086,0.06785,Atira,0,1992,2043-01-11
NEO-103285,(NEO-103285) 2012 JR56,0.0526,15.97,0.032805,4907529.7,23.73,0.2876,1.8375,7.64,909.8,1.3091,2.366,0.029207,Atira,0,2012,2040-11-05
NEO-102577,(NEO-102577) 2007 YO51,0.741,16.3,0.405104,60602762.9,16.34,0.3112,2.9127,6.98,1815.7,2.0062,3.8192,0.356197,Atira,0,2007,2044-12-12
NEO-101859,(NEO-101859) 2024 VJ81,0.038,10.78,0.01733,2592469.6,28.98,0.5286,1.0287,0.47,381.1,0.4849,1.5725,0.012864,Apollo,0,2024,2031-09-01
NEO-101707,(NEO-101707) 1992 NV8,0.0098,23.44,0.347335,51960510.4,23.36,0.3652,1.703,0.29,811.8,1.081,2.3251,0.343476,Amor,0,1992,2041-01-26
NEO-103867,(NEO-103867) 2023 VT84,0.0026,13.17,0.055474,8298862.6,24.31,0.3236,1.8054,5.09,886.1,1.2212,2.3897,0.051262,Amor,0,2023,2041-12-06
NEO-101013,(NEO-101013) 1995 CF61,0.0091,10.39,0.045558,6815388.7,22.22,0.4786,1.5269,13.55,689.1,0.7961,2.2577,0.050465,Apollo,0,1995,2035-05-05
NEO-103507,(NEO-103507) 1992 JS56,0.0146,23.68,0.007086,1060029.7,22.58,0.4511,0.9087,16.59,316.4,0.4988,1.3185,0.006775,Aten,0,1992,2043-04-13
NEO-103009,(NEO-103009) 2019 ZN40,0.2478,8.49,0.328316,49115363.2,18.24,0.2099,2.3061,27.47,1279.1,1.8221,2.79,0.382374,Atira,0,2019,2039-03-07
NEO-102188,(NEO-102188) 2025 RM17,0.0662,16.14,0.021288,3184677.9,23.67,0.6563,1.09,4.6,415.6,0.3746,1.8053,0.0162,Apollo,0,2025,2044-04-27
NEO-102556,(NEO-102556) 2023 GP57,0.0582,26.22,0.06352,9502511.1,24.58,0.3874,1.5005,1.51,671.4,0.9191,2.0819,0.0787,Apollo,0,2023,2040-03-26
NEO-102212,(NEO-102212) 2025 WJ85,0.9412,8.85,0.375231,56133704.0,16.02,0.1021,1.7974,1.34,880.2,1.6139,1.9809,0.290601,Atira,0,2025,2041-03-08
NEO-103738,(NEO-103738) 2016 LN39,0.13,18.25,0.140189,20972005.9,24.44,0.558,1.4319,4.54,625.8,0.6328,2.2309,0.101174,Apollo,0,2016,2030-09-08
NEO-102824,(NEO-102824) 2017 QH58,0.0306,23.69,0.004943,739410.4,23.86,0.0841,1.4459,7.84,635.0,1.3243,1.5675,0.005949,Atira,0,2017,2025-05-15
NEO-102187,(NEO-102187) 2009 XS5,0.0088,4.0,0.005468,818049.3,22.68,0.1939,1.4285,5.96,623.6,1.1515,1.7054,0.005763,Amor,0,2009,2029-12-09
NEO-100962,(NEO-100962) 2015 GB36,0.0086,17.11,0.026583,3976781.2,23.13,0.3494,0.9172,6.01,320.8,0.5968,1.2376,0.023901,Aten,0,2015,2043-06-15
NEO-103068,(NEO-103068) 2002 DY25,1.4843,18.31,0.116507,17429156.6,14.38,0.4228,3.1456,6.86,2037.7,1.8157,4.4756,0.1209,Atira,0,2002,2031-12-22
NEO-101421,(NEO-101421) 2011 GC9,0.0497,5.83,0.021697,3245782.4,24.95,0.2051,1.2767,0.97,526.9,1.0148,1.5385,0.025443,Apollo,0,2011,2031-09-22
NEO-102963,(NEO-102963) 2012 DN75,0.0336,8.2,0.015812,2365387.9,22.87,0.2333,1.9202,13.84,971.8,1.4721,2.3682,0.012979,Atira,0,2012,2042-01-13
NEO-100220,(NEO-100220) 2014 UF25,0.0667,18.72,0.001004,150186.7,25.28,0.1693,1.6362,11.43,764.5,1.3592,1.9132,0.00114,Atira,0,2014,2039-02-12
NEO-102869,(NEO-102869) 2017 MC10,0.039,18.5,0.033023,4940187.4,25.74,0.3186,0.7,15.79,213.9,0.477,0.923,0.037389,Atira,0,2017,2036-01-18
NEO-101473,(NEO-101473) 1996 HT64,0.2828,11.4,0.107165,16031600.8,18.15,0.4684,1.8392,7.53,911.0,0.9776,2.7008,0.132572,Apollo,0,1996,2034-09-03
NEO-100386,(NEO-100386) 1995 QF49,0.0785,9.04,0.003399,508501.0,27.9,0.2185,1.7641,12.76,855.8,1.3786,2.1495,0.003965,Atira,0,1995,2039-12-02
PHA-300156,(PHA-300156) 1995 DV13,0.1446,12.52,0.000351,52554.2,19.86,0.5463,0.9398,7.19,332.8,0.4263,1.4532,0.000315,Aten,1,1995,2035-09-04
NEO-101527,(NEO-101527) 2005 JC98,0.0026,27.92,0.020629,3085994.1,24.26,0.3077,1.2576,8.02,515.1,0.8706,1.6445,0.016222,Apollo,0,2005,2032-11-24
NEO-102814,(NEO-102814) 2008 UR56,0.4906,13.03,0.141054,21101450.2,17.67,0.1526,1.309,3.65,547.0,1.1092,1.5089,0.1379,Amor,0,2008,2032-08-26
NEO-102879,(NEO-102879) 2005 FV96,0.471,3.5,0.199574,29855843.6,17.16,0.1504,1.9583,16.33,1000.9,1.6637,2.2528,0.141137,Atira,0,2005,2036-05-20
NEO-102051,(NEO-102051) 2004 LE3,2.7517,15.55,0.221454,33129094.2,13.65,0.1196,2.2489,42.86,1231.8,1.98,2.5179,0.158961,Atira,0,2004,2032-10-24
PHA-300412,(PHA-300412) 2003 CT23,0.3748,22.68,0.014611,2185802.4,17.05,0.6619,1.8947,5.45,952.5,0.6407,3.1486,0.013397,Apollo,1,2003,2039-07-15
PHA-300085,(PHA-300085) 2025 JA41,0.379,25.68,0.026082,3901764.0,17.52,0.3342,1.0966,3.62,419.4,0.7301,1.4631,0.02698,Apollo,1,2025,2025-08-22
NEO-103726,(NEO-103726) 2011 RC30,0.0117,5.73,0.028262,4227891.8,24.0,0.4805,1.2891,4.68,534.6,0.6697,1.9085,0.02449,Apollo,0,2011,2027-12-24
NEO-100444,(NEO-100444) 1992 VO79,0.0289,9.9,0.405835,60712014.9,22.29,0.5981,1.7171,21.72,821.8,0.6902,2.744,0.403799,Apollo,0,1992,2040-07-23
NEO-103689,(NEO-103689) 2004 TD53,0.0317,7.41,0.109612,16397749.8,24.46,0.3809,1.9315,6.72,980.5,1.1958,2.6672,0.118941,Amor,0,2004,2044-07-22
NEO-101471,(NEO-101471) 2012 YN50,0.0153,11.81,0.037691,5638495.6,25.37,0.4524,1.3723,23.28,587.2,0.7514,1.9932,0.040308,Apollo,0,2012,2041-07-10
NEO-101399,(NEO-101399) 2000 CP80,0.0488,17.19,0.013717,2052003.2,22.73,0.4262,1.7194,0.2,823.5,0.9865,2.4522,0.010522,Apollo,0,2000,2027-05-09
PHA-300070,(PHA-300070) 2011 CN39,1.0451,29.51,0.026676,3990739.7,15.57,0.412,1.2274,0.3,496.7,0.7217,1.7331,0.02576,Apollo,1,2011,2039-05-27
PHA-300793,(PHA-300793) 2015 QP88,1.269,32.75,0.021975,3287426.5,16.02,0.3426,1.0634,4.56,400.5,0.699,1.4277,0.015221,Apollo,1,2015,2026-12-16
NEO-100786,(NEO-100786) 2002 SZ7,0.0471,31.55,0.096064,14371005.6,22.1,0.1358,1.8958,19.79,953.4,1.6383,2.1534,0.121893,Atira,0,2002,2036-04-02
NEO-103448,(NEO-103448) 2000 MO71,0.5772,9.23,0.186018,27827866.7,17.19,0.2393,2.4459,2.77,1397.1,1.8607,3.0311,0.14447,Atira,0,2000,2028-01-04
NEO-103438,(NEO-103438) 2019 QS60,0.4318,4.27,0.166494,24907084.1,17.01,0.3913,1.5042,9.07,673.8,0.9156,2.0927,0.155339,Apollo,0,2019,2038-08-12
NEO-102592,(NEO-102592) 1994 KT78,0.0141,23.14,0.005806,868556.3,31.32,0.3395,1.1402,1.17,444.7,0.7531,1.5274,0.007494,Apollo,0,1994,2038-01-17
NEO-102898,(NEO-102898) 1992 UB28,0.0138,15.43,0.012775,1911182.5,24.18,0.4506,0.9713,0.16,349.6,0.5336,1.409,0.013537,Aten,0,1992,2038-02-02
NEO-102191,(NEO-102191) 2005 RA86,0.002,21.24,0.00108,161576.9,22.8,0.2332,1.2789,6.44,528.2,0.9806,1.5771,0.001189,Apollo,0,2005,2025-08-16
PHA-300142,(PHA-300142) 2022 JR29,0.1652,27.31,0.003013,450788.2,18.93,0.4133,0.75,5.52,237.2,0.44,1.06,0.002264,Aten,1,2022,2037-03-26
NEO-100350,(NEO-100350) 1990 VC91,0.029,14.66,0.074257,11108747.6,22.77,0.4418,1.2081,22.62,485.0,0.6744,1.7418,0.088927,Apollo,0,1990,2030-01-14
NEO-101548,(NEO-101548) 1993 MX84,0.1856,15.86,0.250514,37476325.7,19.55,0.2995,1.4467,27.67,635.6,1.0135,1.88,0.235764,Apollo,0,1993,2027-02-04
NEO-101081,(NEO-101081) 2000 SF17,0.012,31.94,0.005298,792593.0,29.45,0.2908,1.6504,12.92,774.4,1.1705,2.1303,0.006136,Amor,0,2000,2028-08-28
NEO-103681,(NEO-103681) 2007 FK73,0.0323,12.94,0.004157,621807.3,31.5,0.7186,1.3741,13.5,588.3,0.3867,2.3615,0.003509,Apollo,0,2007,2033-03-05
NEO-103368,(NEO-103368) 2011 GA77,0.0065,12.89,0.074889,11203229.4,22.89,0.2284,1.2758,13.6,526.4,0.9844,1.5673,0.055728,Apollo,0,2011,2029-04-03
NEO-103290,(NEO-103290) 2022 JP72,1.4284,20.22,0.11733,17552336.1,15.13,0.4418,2.385,4.04,1345.3,1.3313,3.4386,0.11214,Atira,0,2022,2042-08-13
NEO-102036,(NEO-102036) 2002 RO30,0.0101,16.04,0.401979,60135166.1,24.59,0.216,1.3325,10.39,561.8,1.0447,1.6203,0.410874,Amor,0,2002,2027-03-28
NEO-100554,(NEO-100554) 1998 HV51,0.0055,16.38,0.00153,228870.4,23.57,0.338,1.1062,3.53,425.0,0.7323,1.4801,0.001987,Apollo,0,1998,2027-02-27
NEO-101130,(NEO-101130) 2003 CJ37,0.0499,15.8,0.046454,6949415.0,31.5,0.0991,1.2396,3.18,504.1,1.1168,1.3624,0.047742,Amor,0,2003,2025-07-11
NEO-101848,(NEO-101848) 2010 JG37,0.0681,23.29,0.225024,33663038.8,24.26,0.1772,1.0141,10.1,373.0,0.8344,1.1938,0.186643,Apollo,0,2010,2035-02-07
NEO-103559,(NEO-103559) 1994 DJ51,0.13,15.61,0.347263,51949737.2,24.11,0.5332,1.3424,4.65,568.1,0.6266,2.0582,0.289534,Apollo,0,1994,2031-05-17
NEO-103808,(NEO-103808) 2004 DR74,0.002,12.22,0.007289,1090408.0,23.29,0.4701,1.2294,6.43,497.9,0.6514,1.8073,0.006538,Apollo,0,2004,2034-07-10
NEO-102955,(NEO-102955) 2020 MU8,0.008,26.84,0.002765,413627.4,30.62,0.224,1.5315,9.22,692.2,1.1884,1.8745,0.003272,Amor,0,2020,2033-05-10
NEO-101853,(NEO-101853) 2005 PL95,0.1266,9.97,0.177748,26590671.8,24.98,0.1725,1.5055,17.74,674.7,1.2458,1.7652,0.203266,Amor,0,2005,2037-12-10
PHA-300021,(PHA-300021) 2006 CA33,0.2135,17.14,0.008525,1275358.5,19.21,0.5129,1.1353,4.62,441.8,0.553,1.7176,0.008021,Apollo,1,2006,2026-03-09
NEO-100791,(NEO-100791) 2000 JC75,0.0996,22.65,0.0054,807901.7,22.27,0.2638,1.8127,22.94,891.4,1.3346,2.2908,0.006125,Atira,0,2000,2037-02-22
PHA-300788,(PHA-300788) 2019 DZ92,0.8803,21.64,0.00891,1332891.6,16.02,0.3074,0.8092,12.0,265.8,0.5604,1.0579,0.005931,Aten,1,2019,2025-03-14
NEO-103001,(NEO-103001) 2000 SN12,0.0484,21.62,0.005053,755961.6,29.58,0.3411,1.3832,15.17,594.1,0.9114,1.8549,0.004936,Apollo,0,2000,2032-06-06
NEO-100846,(NEO-100846) 2001 NR41,0.0082,19.62,0.067704,10128362.2,24.11,0.2167,1.4644,8.92,647.3,1.147,1.7818,0.049113,Amor,0,2001,2042-08-12
NEO-100359,(NEO-100359) 2012 NW44,0.0069,14.78,0.155712,23294149.5,24.88,0.5319,1.8071,5.49,887.3,0.8459,2.7682,0.136111,Apollo,0,2012,2035-09-07
NEO-100140,(NEO-100140) 1996 ST79,0.005,11.59,0.263919,39481755.3,25.57,0.1927,1.3798,6.08,592.0,1.114,1.6456,0.337345,Amor,0,1996,2029-03-10
PHA-300299,(PHA-300299) 1998 KT82,0.3634,11.0,0.025522,3818052.4,17.36,0.2673,1.0164,8.95,374.3,0.7447,1.2881,0.022286,Apollo,1,1998,2037-03-03
NEO-102646,(NEO-102646) 1995 FM85,0.0211,10.9,0.016526,2472233.1,22.54,0.7302,1.292,16.53,536.4,0.3486,2.2353,0.015203,Apollo,0,1995,2031-10-10
NEO-103105,(NEO-103105) 1998 AG74,0.2711,14.54,0.175158,26203213.4,18.75,0.1552,1.6503,2.86,774.3,1.3941,1.9065,0.129222,Atira,0,1998,2026-12-16
NEO-103876,(NEO-103876) 1997 NX23,0.0712,7.64,0.008758,1310234.1,22.41,0.6972,1.0704,12.58,404.5,0.3241,1.8167,0.010818,Apollo,0,1997,2042-01-01
PHA-300517,(PHA-300517) 2023 XS35,0.5332,28.8,0.001865,279031.5,16.61,0.4991,1.5033,26.47,673.2,0.753,2.2536,0.001972,Apollo,1,2023,2039-12-26
NEO-101054,(NEO-101054) 2013 SS50,0.0215,14.66,0.007227,1081184.3,30.45,0.4193,1.6954,3.64,806.3,0.9845,2.4064,0.009218,Apollo,0,2013,2028-09-23
NEO-100201,(NEO-100201) 2008 QG27,0.0095,22.13,0.054077,8089840.2,24.3,0.2317,1.5949,28.99,735.7,1.2254,1.9644,0.069988,Amor,0,2008,2039-09-21
NEO-103552,(NEO-103552) 2004 WA70,0.107,17.26,0.037141,5556174.3,23.76,0.2657,1.4379,3.34,629.8,1.0558,1.82,0.028279,Amor,0,2004,2037-05-08
PHA-300368,(PHA-300368) 2010 HG35,0.3135,11.0,0.008241,1232808.1,18.66,0.6021,1.0216,10.55,377.2,0.4065,1.6368,0.006055,Apollo,1,2010,2033-01-28
PHA-300485,(PHA-300485) 2024 YH9,0.2823,22.49,0.042013,6285040.5,18.33,0.3012,1.5047,15.44,674.2,1.0515,1.9579,0.034278,Apollo,1,2024,2042-04-08
NEO-101750,(NEO-101750) 2022 DQ89,0.0615,12.49,0.004843,724465.9,25.28,0.5189,1.828,2.09,902.7,0.8795,2.7764,0.004166,Apollo,0,2022,2036-02-06
PHA-300174,(PHA-300174) 2010 LK89,0.4611,17.29,0.006166,922417.5,17.11,0.4652,1.6195,16.99,752.7,0.8662,2.3728,0.006493,Apollo,1,2010,2042-04-16
PHA-300195,(PHA-300195) 2010 HH59,0.5498,14.65,0.035586,5323546.5,17.07,0.3083,1.6295,5.57,759.8,1.1271,2.132,0.029372,Apollo,1,2010,2041-06-25
PHA-300400,(PHA-300400) 2015 SZ50,0.1892,18.46,0.004629,692481.4,18.36,0.7737,1.5228,9.55,686.3,0.3446,2.7009,0.002944,Apollo,1,2015,2043-10-10
NEO-102762,(NEO-102762) 2017 UH90,0.1162,13.76,0.435962,65219002.8,26.17,0.1063,1.3212,32.98,554.7,1.1807,1.4616,0.496857,Amor,0,2017,2031-07-25
NEO-101675,(NEO-101675) 2014 MQ73,0.15,20.45,0.062303,9320429.4,20.15,0.1744,2.4263,11.75,1380.4,2.003,2.8495,0.052,Atira,0,2014,2035-12-17
NEO-103497,(NEO-103497) 2023 YK9,1.0269,5.72,0.36392,54441632.6,15.81,0.2649,1.3165,16.41,551.7,0.9678,1.6652,0.273872,Apollo,0,2023,2039-07-26
NEO-103366,(NEO-103366) 2021 ED92,0.0023,11.96,0.009067,1356478.4,22.54,0.2184,0.8992,4.6,311.4,0.7027,1.0956,0.011516,Aten,0,2021,2035-08-10
PHA-300295,(PHA-300295) 2014 QH36,1.3053,17.55,0.019329,2891605.7,14.99,0.3073,0.75,6.63,237.2,0.5195,0.9805,0.014766,Apollo,1,2014,2030-06-22
NEO-103073,(NEO-103073) 2009 UB68,0.13,17.96,0.235521,35233494.8,23.85,0.1062,1.2107,10.28,486.6,1.0821,1.3393,0.273779,Amor,0,2009,2041-09-06
NEO-100742,(NEO-100742) 2008 NO80,0.012,9.72,0.010474,1566902.5,24.78,0.3238,2.0047,9.15,1036.7,1.3555,2.6538,0.011403,Atira,0,2008,2044-01-07
PHA-300158,(PHA-300158) 2001 UZ12,0.5001,24.75,0.027285,4081792.8,17.14,0.1835,1.5598,2.46,711.5,1.2736,1.846,0.019735,Apollo,1,2001,2037-12-23
NEO-103479,(NEO-103479) 2010 ZB2,0.0289,14.47,0.00474,709159.5,23.45,0.4751,1.7902,0.52,874.9,0.9397,2.6407,0.005553,Apollo,0,2010,2039-10-18
NEO-100782,(NEO-100782) 1999 WP29,0.0084,11.15,0.004551,680873.4,24.03,0.3368,2.1259,7.42,1132.2,1.4098,2.842,0.004793,Atira,0,1999,2044-02-22
NEO-101141,(NEO-101141) 2000 YV19,0.0041,17.79,0.016905,2528936.1,23.62,0.3138,1.2765,2.52,526.8,0.876,1.6771,0.014304,Apollo,0,2000,2040-08-11
NEO-102965,(NEO-102965) 2010 YY23,0.0264,14.6,0.013346,1996470.6,22.31,0.3839,2.0491,28.8,1071.3,1.2624,2.8357,0.012202,Amor,0,2010,2028-11-23
NEO-100019,(NEO-100019) 1990 PC6,0.1562,16.47,0.177,26478847.8,19.49,0.3191,1.8255,6.03,900.9,1.243,2.4081,0.205807,Amor,0,1990,2039-06-11
NEO-103037,(NEO-103037) 2014 XR61,0.0136,14.82,0.008065,1206516.2,23.36,0.3448,1.4864,8.27,661.9,0.9738,1.999,0.008088,Apollo,0,2014,2028-01-04
NEO-101712,(NEO-101712) 2003 PY24,0.0198,29.21,0.379085,56710248.4,24.49,0.5391,1.4247,5.72,621.1,0.6567,2.1927,0.392084,Apollo,0,2003,2027-04-16
NEO-100420,(NEO-100420) 2020 YE53,0.005,21.75,0.428588,64115878.1,22.86,0.5651,1.3319,0.82,561.4,0.5792,2.0846,0.425874,Apollo,0,2020,2026-03-01
NEO-102516,(NEO-102516) 2019 FQ79,0.7157,15.56,0.294698,44086181.7,16.55,0.382,1.8683,26.22,932.7,1.1546,2.582,0.302054,Amor,0,2019,2043-12-26
NEO-103071,(NEO-103071) 2006 PU2,0.5455,10.79,0.305003,45627858.8,16.97,0.1811,2.0917,1.81,1104.9,1.7128,2.4706,0.255493,Atira,0,2006,2042-08-13
PHA-300201,(PHA-300201) 2016 SY87,0.7988,28.2,0.001007,150595.0,16.19,0.2779,1.53,5.07,691.2,1.1048,1.9552,0.000707,Apollo,1,2016,2042-01-14
NEO-102193,(NEO-102193) 2019 TZ22,0.0263,20.64,0.00121,181015.2,22.35,0.3968,1.1453,3.35,447.7,0.6909,1.5997,0.001105,Apollo,0,2019,2025-11-05
PHA-300074,(PHA-300074) 2005 WT88,0.3642,12.9,0.007644,1143543.9,17.83,0.5569,1.4096,16.53,611.3,0.6246,2.1947,0.005954,Apollo,1,2005,2031-02-06
NEO-102617,(NEO-102617) 2018 ON31,1.1331,16.0,0.422129,63149563.1,15.64,0.2115,1.9107,4.77,964.6,1.5065,2.3149,0.351256,Atira,0,2018,2026-05-12
NEO-102631,(NEO-102631) 1991 OT69,0.6025,12.56,0.228796,34227437.2,16.75,0.2859,1.1375,8.92,443.1,0.8123,1.4627,0.295327,Apollo,0,1991,2034-11-19
PHA-300669,(PHA-300669) 2010 FQ75,0.1589,27.63,0.016943,2534621.2,19.25,0.7917,1.032,8.17,382.9,0.215,1.849,0.011568,Apollo,1,2010,2027-02-20
NEO-101818,(NEO-101818) 2009 WL82,0.0325,18.31,0.080236,12003091.9,26.17,0.1389,1.436,7.33,628.5,1.2366,1.6354,0.056528,Amor,0,2009,2041-11-24
NEO-101854,(NEO-101854) 2023 FR26,0.4092,9.18,0.058221,8709689.3,17.68,0.55,1.3068,55.0,545.6,0.5881,2.0255,0.07415,Apollo,0,2023,2025-04-10
NEO-103580,(NEO-103580) 2002 FK84,0.046,29.45,0.20264,30314460.9,23.59,0.3066,0.8861,2.5,304.7,0.6144,1.1578,0.229356,Aten,0,2002,2041-04-23
NEO-100373,(NEO-100373) 1992 XQ26,2.5326,8.21,0.553069,82738003.4,13.48,0.1836,2.1089,2.72,1118.6,1.7216,2.4961,0.676278,Atira,0,1992,2029-07-04
PHA-300555,(PHA-300555) 2014 KQ98,0.14,30.59,0.05,7479893.5,20.16,0.3319,0.75,0.94,237.2,0.501,0.999,0.049,Aten,1,2014,2026-07-26
NEO-103697,(NEO-103697) 2005 TS13,0.0215,12.27,0.042757,6396415.9,24.97,0.7064,1.7693,1.45,859.6,0.5195,3.0192,0.033763,Apollo,0,2005,2044-05-18
NEO-101149,(NEO-101149) 2001 YE75,0.002,12.73,0.028984,4335949.0,23.53,0.4253,1.7848,9.03,870.9,1.0257,2.5439,0.025926,Amor,0,2001,2035-12-12
NEO-103969,(NEO-103969) 1998 UT36,0.053,6.64,0.011169,1670901.5,23.86,0.4191,1.2093,2.47,485.8,0.7025,1.7162,0.009247,Apollo,0,1998,2025-05-02
NEO-102512,(NEO-102512) 1991 XZ41,0.0065,12.19,0.379486,56770326.6,23.92,0.5312,1.2895,12.89,534.8,0.6045,1.9744,0.458099,Apollo,0,1991,2039-09-13
PHA-300670,(PHA-300670) 2021 KN84,1.1836,23.3,0.006258,936224.2,15.54,0.4666,2.069,3.0,1087.0,1.1036,3.0345,0.006882,Apollo,1,2021,2025-01-11
NEO-100005,(NEO-100005) 2006 PU9,0.0138,16.71,0.006217,930097.3,24.27,0.3397,0.7721,2.65,247.8,0.5099,1.0344,0.007921,Aten,0,2006,2041-02-07
NEO-102222,(NEO-102222) 2012 MM61,3.988,9.54,0.513794,76862496.6,12.9,0.02,2.0155,24.81,1045.1,1.9752,2.0558,0.499855,Atira,0,2012,2028-04-17
NEO-101663,(NEO-101663) 1992 BN91,0.8573,3.5,0.304843,45603860.6,16.09,0.1325,1.6219,6.62,754.5,1.407,1.8368,0.230932,Atira,0,1992,2029-10-26
NEO-100249,(NEO-100249) 2003 OZ13,0.0243,31.57,0.020117,3009502.0,26.23,0.2117,1.2222,15.07,493.5,0.9634,1.4809,0.02428,Apollo,0,2003,2036-11-19
NEO-101346,(NEO-101346) 2005 KY81,0.5989,13.88,0.09189,13746494.5,16.85,0.2027,1.4304,12.66,624.9,1.1404,1.7204,0.071383,Amor,0,2005,2035-11-09
NEO-102308,(NEO-102308) 2011 SV71,0.7708,13.57,0.092953,13905609.3,16.3,0.226,2.0675,2.12,1085.8,1.6002,2.5348,0.116419,Atira,0,2011,2033-12-01
NEO-101102,(NEO-101102) 2014 QF27,0.0154,13.66,0.108829,16280641.4,22.97,0.5428,2.0807,12.66,1096.2,0.9512,3.2101,0.107891,Apollo,0,2014,2035-02-02
NEO-101634,(NEO-101634) 1998 RD54,0.0055,18.09,0.011648,1742583.2,22.38,0.4118,0.7,1.03,213.9,0.4118,0.9882,0.011791,Aten,0,1998,2031-05-11
NEO-102289,(NEO-102289) 2014 RV96,0.0168,8.32,0.366837,54877969.0,23.8,0.1379,2.0543,0.2,1075.4,1.771,2.3377,0.452315,Atira,0,2014,2043-12-18
PHA-300170,(PHA-300170) 2008 ZQ47,0.3287,33.74,0.016077,2405053.6,17.8,0.5877,1.1807,8.33,468.6,0.4868,1.8746,0.0173,Apollo,1,2008,2034-06-25
NEO-100302,(NEO-100302) 2020 JE89,0.002,16.8,0.060445,9042428.1,23.06,0.2777,1.2698,2.12,522.6,0.9172,1.6223,0.051003,Apollo,0,2020,2042-09-26
PHA-300422,(PHA-300422) 2005 EZ17,0.3465,22.74,0.000168,25187.8,17.62,0.3595,1.7258,6.09,828.1,1.1054,2.3461,0.000153,Apollo,1,2005,2038-10-25
PHA-300279,(PHA-300279) 2004 BA31,0.6105,16.47,0.05,7479893.5,17.2,0.2363,1.9566,3.75,999.6,1.4943,2.4188,0.030519,Apollo,1,2004,2042-01-20
NEO-103416,(NEO-103416) 2002 RZ10,0.0216,11.76,0.046786,6999076.8,22.29,0.4809,0.8897,3.2,306.5,0.4619,1.3176,0.051973,Aten,0,2002,2037-01-05
NEO-103249,(NEO-103249) 2016 PB37,0.025,17.31,0.016689,2496640.6,22.34,0.2108,1.0303,14.36,382.0,0.813,1.2475,0.019043,Apollo,0,2016,2042-05-25
NEO-103813,(NEO-103813) 2020 MH68,0.044,21.14,0.064837,9699499.9,26.39,0.4596,1.6534,4.73,776.5,0.8935,2.4133,0.068197,Apollo,0,2020,2036-12-22
PHA-300525,(PHA-300525) 1996 FR20,0.14,19.66,0.044257,6620810.8,20.7,0.644,1.5165,15.05,682.1,0.5398,2.4931,0.029052,Apollo,1,1996,2028-04-19
NEO-100612,(NEO-100612) 2018 PW82,0.0041,22.14,0.024363,3644639.9,23.77,0.264,1.5645,1.53,714.7,1.1514,1.9776,0.023456,Amor,0,2018,2037-03-28
PHA-300178,(PHA-300178) 2020 LX39,0.2945,18.29,0.021421,3204552.3,18.23,0.2801,1.0513,7.88,393.7,0.7569,1.3458,0.01768,Apollo,1,2020,2040-06-09
NEO-103895,(NEO-103895) 2016 SA32,1.6291,6.38,0.189392,28332687.8,14.62,0.4587,2.1338,0.58,1138.5,1.155,3.1127,0.137186,Amor,0,2016,2033-12-18
NEO-102182,(NEO-102182) 2002 TN51,0.0429,19.37,0.017419,2605832.4,22.96,0.2004,1.229,7.34,497.6,0.9827,1.4754,0.015989,Apollo,0,2002,2027-12-15
PHA-300269,(PHA-300269) 2025 NN7,0.6072,27.47,0.002855,427175.3,16.86,0.4583,1.5992,6.79,738.6,0.8663,2.332,0.001885,Apollo,1,2025,2026-12-03
PHA-300356,(PHA-300356) 2008 WG46,0.3745,19.17,0.005604,838334.4,18.26,0.1937,1.0639,8.32,400.8,0.8578,1.27,0.005421,Apollo,1,2008,2044-02-14
NEO-103446,(NEO-103446) 2023 NX75,0.1343,19.38,0.066853,10001073.9,24.82,0.5376,1.6582,1.92,779.9,0.7668,2.5496,0.076201,Apollo,0,2023,2043-03-17
NEO-100072,(NEO-100072) 1994 DQ98,0.0143,10.72,0.023463,3509991.4,23.22,0.1066,1.4166,3.84,615.8,1.2656,1.5676,0.022161,Amor,0,1994,2031-01-04
NEO-100214,(NEO-100214) 1997 OY54,0.0372,18.77,0.022875,3422112.7,22.72,0.7171,0.8033,3.5,263.0,0.2272,1.3793,0.0246,Aten,0,1997,2025-02-22
PHA-300260,(PHA-300260) 2003 AF23,0.3142,16.9,0.021715,3248531.9,18.56,0.3696,1.7435,3.59,840.8,1.0991,2.3878,0.015468,Apollo,1,2003,2043-08-19
NEO-101685,(NEO-101685) 2010 JU4,0.0175,19.43,0.389416,58255822.0,23.63,0.1254,1.7686,3.44,859.1,1.5468,1.9905,0.449833,Atira,0,2010,2026-01-06
NEO-102635,(NEO-102635) 1992 OE97,0.1193,4.0,0.00588,879604.5,24.9,0.2761,1.4212,8.39,618.8,1.0288,1.8136,0.004687,Amor,0,1992,2029-06-10
NEO-102964,(NEO-102964) 2019 PJ61,0.0177,24.98,0.429056,64185797.8,24.07,0.4445,0.967,3.25,347.3,0.5372,1.3968,0.362567,Aten,0,2019,2031-01-12
NEO-100916,(NEO-100916) 1998 QL90,0.0181,18.78,0.072482,10843209.8,22.24,0.5727,0.883,8.12,303.1,0.3773,1.3887,0.093359,Aten,0,1998,2031-11-07
NEO-100953,(NEO-100953) 2008 XJ62,0.0773,31.33,0.003736,558853.4,26.9,0.2951,0.9684,8.2,348.1,0.6827,1.2541,0.003206,Aten,0,2008,2026-03-28
NEO-103429,(NEO-103429) 2003 ZX44,0.7879,15.72,0.12174,18212049.4,16.34,0.1378,1.4109,55.0,612.1,1.2164,1.6054,0.107777,Amor,0,2003,2031-04-20
NEO-100357,(NEO-100357) 1995 AY4,0.0575,16.11,0.027968,4184018.3,24.4,0.1206,1.1183,3.31,431.9,0.9835,1.2531,0.032191,Apollo,0,1995,2036-12-21
NEO-102613,(NEO-102613) 2010 VG47,0.1051,9.42,0.141488,21166241.4,23.52,0.5229,1.4971,28.5,669.0,0.7142,2.28,0.15239,Apollo,0,2010,2041-03-12
PHA-300101,(PHA-300101) 2000 GS63,0.3392,14.34,0.013419,2007463.0,18.5,0.2484,2.0554,2.72,1076.3,1.5449,2.566,0.008949,Apollo,1,2000,2030-05-10
NEO-101509,(NEO-101509) 2021 BS28,0.0055,21.77,0.209331,31315447.4,24.91,0.2794,2.099,19.66,1110.7,1.5125,2.6855,0.157406,Atira,0,2021,2041-07-22
PHA-300357,(PHA-300357) 2012 EJ64,0.1778,21.63,0.03267,4887360.3,19.42,0.3615,1.0588,8.43,397.9,0.6761,1.4416,0.030497,Apollo,1,2012,2029-02-11
NEO-101095,(NEO-101095) 2011 HF10,0.3135,9.58,0.219132,32781718.6,17.45,0.1757,1.1,30.38,421.4,0.9067,1.2933,0.182403,Apollo,0,2011,2043-06-11
NEO-101943,(NEO-101943) 2008 RH11,0.0104,13.5,0.067363,10077338.3,24.61,0.2184,2.1245,0.2,1131.0,1.6605,2.5885,0.051078,Atira,0,2008,2037-01-21
PHA-300210,(PHA-300210) 2010 WF72,0.5835,30.21,0.027722,4147157.0,15.97,0.4388,1.3128,2.77,549.4,0.7368,1.8889,0.023842,Apollo,1,2010,2044-07-22
NEO-100793,(NEO-100793) 1992 GU62,0.0737,15.84,0.303505,45403695.5,24.9,0.158,1.4304,6.12,624.8,1.2044,1.6563,0.274374,Amor,0,1992,2032-07-23
NEO-101972,(NEO-101972) 1996 UW97,0.135,9.29,0.001593,238344.4,23.71,0.5826,1.3055,7.33,544.8,0.5449,2.0661,0.001217,Apollo,0,1996,2025-03-08
NEO-102642,(NEO-102642) 2013 PH18,0.0918,20.64,0.016169,2418881.3,23.06,0.6824,1.6472,3.63,772.2,0.5232,2.7712,0.01307,Apollo,0,2013,2025-09-07
NEO-101726,(NEO-101726) 2003 EJ86,0.1041,12.19,0.029545,4419928.2,22.74,0.2305,1.3017,7.07,542.4,1.0017,1.6017,0.021707,Apollo,0,2003,2033-07-13
NEO-102304,(NEO-102304) 2012 TY79,0.15,12.15,0.296227,44314862.5,20.09,0.3482,1.7884,4.82,873.6,1.1657,2.4112,0.362708,Amor,0,2012,2036-11-24
NEO-101445,(NEO-101445) 2022 MW58,0.0133,23.16,0.049396,7389601.1,23.39,0.4991,1.3062,34.09,545.3,0.6543,1.9582,0.036698,Apollo,0,2022,2027-02-19
PHA-300780,(PHA-300780) 2002 GJ10,0.2817,18.84,0.016936,2533622.7,17.73,0.5533,1.2622,4.16,518.0,0.5638,1.9607,0.018219,Apollo,1,2002,2038-04-05
NEO-102142,(NEO-102142) 2023 KZ84,0.0247,15.92,0.024204,3620839.9,24.41,0.6937,1.378,2.21,590.8,0.4221,2.3339,0.028992,Apollo,0,2023,2028-09-13
PHA-300451,(PHA-300451) 2010 EX27,0.2683,19.9,0.009418,1408868.4,18.65,0.5261,1.5207,11.68,685.0,0.7206,2.3208,0.007829,Apollo,1,2010,2032-06-04
NEO-103404,(NEO-103404) 2003 EN72,0.0642,24.17,0.140862,21072644.3,25.28,0.6236,1.4263,20.2,622.2,0.5369,2.3157,0.109038,Apollo,0,2003,2039-11-13
NEO-101147,(NEO-101147) 2007 RA15,0.13,17.11,0.395146,59113059.0,25.5,0.05,1.1529,14.58,452.2,1.0953,1.2106,0.398475,Amor,0,2007,2043-12-15
PHA-300541,(PHA-300541) 2002 EG16,1.165,14.49,0.014024,2097970.6,14.97,0.5423,1.01,17.79,370.7,0.4623,1.5577,0.013549,Apollo,1,2002,2038-04-12
NEO-101264,(NEO-101264) 2021 TA66,0.0561,11.23,0.060294,9019862.1,27.43,0.3193,1.2289,3.98,497.6,0.8366,1.6213,0.071142,Apollo,0,2021,2041-07-14
NEO-103245,(NEO-103245) 2023 LC79,0.0331,12.08,0.355311,53153742.5,22.75,0.1056,1.1096,0.79,426.9,0.9924,1.2267,0.437086,Apollo,0,2023,2028-10-05
NEO-102144,(NEO-102144) 2017 VU38,0.1225,20.03,0.020607,3082717.8,22.3,0.4612,1.9367,8.58,984.4,1.0435,2.8298,0.020336,Amor,0,2017,2033-01-18
PHA-300188,(PHA-300188) 1998 BJ28,0.6428,19.83,0.005028,752239.5,16.22,0.2303,1.06,13.32,398.6,0.8159,1.3041,0.005208,Apollo,1,1998,2027-10-08
NEO-101598,(NEO-101598) 2000 SQ97,0.0129,17.17,0.146076,21852715.2,23.18,0.3774,1.5292,0.58,690.7,0.9521,2.1063,0.148324,Apollo,0,2000,2036-12-07
NEO-100661,(NEO-100661) 2021 HM91,0.0603,21.99,0.237842,35580712.4,25.03,0.7,0.8274,13.05,274.9,0.2482,1.4065,0.222368,Aten,0,2021,2032-07-06
PHA-300392,(PHA-300392) 1995 YK2,0.9132,18.83,0.005048,755128.5,15.7,0.4995,1.8243,2.34,900.0,0.9131,2.7355,0.003358,Apollo,1,1995,2031-09-06
NEO-101934,(NEO-101934) 2025 HH33,0.0306,21.03,0.040846,6110445.2,24.01,0.3386,1.2154,1.52,489.4,0.8039,1.6269,0.051255,Apollo,0,2025,2042-02-17
NEO-102026,(NEO-102026) 2020 AR54,0.031,29.12,0.03922,5867200.9,25.59,0.2674,1.7723,22.02,861.8,1.2984,2.2463,0.03407,Amor,0,2020,2043-03-28
NEO-103616,(NEO-103616) 1996 JQ34,0.0339,15.32,0.131436,19662565.7,25.59,0.5213,1.8739,2.13,937.0,0.8971,2.8508,0.123519,Apollo,0,1996,2036-03-04
NEO-103752,(NEO-103752) 2000 CO9,0.0033,9.99,0.03633,5434884.9,22.43,0.4112,1.4248,22.93,621.2,0.839,2.0106,0.032589,Apollo,0,2000,2037-05-26
NEO-100950,(NEO-100950) 2007 CO33,0.0697,22.4,0.041375,6189542.6,30.73,0.1754,0.7288,3.72,227.2,0.601,0.8566,0.039146,Atira,0,2007,2040-04-09
NEO-101133,(NEO-101133) 1996 EQ38,0.1155,21.95,0.056581,8464380.1,25.85,0.1994,1.8984,3.95,955.4,1.5198,2.277,0.070605,Atira,0,1996,2039-12-24
NEO-103463,(NEO-103463) 2007 OL87,0.0052,8.12,0.319929,47860746.8,22.61,0.3828,1.6442,19.84,770.1,1.0147,2.2737,0.2546,Apollo,0,2007,2033-01-25
PHA-300640,(PHA-300640) 2013 RY36,0.3423,35.36,0.049914,7467040.5,17.8,0.5557,1.3152,4.19,550.9,0.5843,2.0461,0.037433,Apollo,1,2013,2032-08-04
NEO-102507,(NEO-102507) 2024 XU7,0.0235,27.37,0.042772,6398666.3,22.73,0.1705,1.1055,20.37,424.6,0.9171,1.294,0.030144,Apollo,0,2024,2026-04-17
PHA-300698,(PHA-300698) 1998 TL17,0.4044,23.03,0.00579,866097.6,18.03,0.284,1.8291,3.06,903.6,1.3097,2.3486,0.003981,Apollo,1,1998,2031-12-04
NEO-103447,(NEO-103447) 2009 GR58,0.15,12.87,0.438978,65670178.3,19.34,0.1897,2.1291,4.87,1134.7,1.7253,2.533,0.498772,Atira,0,2009,2039-01-24
NEO-102825,(NEO-102825) 2004 AY43,1.1412,19.6,0.165358,24737168.1,14.98,0.55,2.2822,0.5,1259.2,1.027,3.5373,0.204741,Amor,0,2004,2040-03-15
NEO-102510,(NEO-102510) 1991 KJ53,0.1906,12.41,0.099172,14835888.6,19.26,0.1803,1.7538,3.35,848.3,1.4376,2.07,0.101844,Atira,0,1991,2043-03-16
NEO-101112,(NEO-101112) 2011 LV6,0.025,7.04,0.063013,9426671.8,22.87,0.4221,1.1657,0.14,459.7,0.6736,1.6577,0.0686,Apollo,0,2011,2038-09-27
NEO-101045,(NEO-101045) 2012 QR33,0.0491,11.78,0.272242,40726832.5,24.73,0.3478,1.8234,4.29,899.3,1.1892,2.4576,0.219161,Amor,0,2012,2040-11-07
NEO-103178,(NEO-103178) 2010 XQ95,0.015,16.03,0.06202,9278063.4,24.52,0.3176,0.8698,0.29,296.3,0.5935,1.146,0.047907,Aten,0,2010,2040-08-16
NEO-102097,(NEO-102097) 1996 HC33,0.5207,21.24,0.198454,29688234.9,16.63,0.0925,1.1,55.0,421.4,0.9982,1.2018,0.206456,Apollo,0,1996,2036-08-26
PHA-300182,(PHA-300182) 2005 QS94,0.2552,26.9,0.048578,7267093.8,18.78,0.3661,0.8198,0.67,271.1,0.5197,1.1199,0.03816,Aten,1,2005,2033-06-11
NEO-100065,(NEO-100065) 1996 MJ81,0.8253,9.78,0.09837,14715994.9,15.22,0.4087,2.0407,5.24,1064.8,1.2067,2.8746,0.117146,Amor,0,1996,2037-04-23
NEO-102277,(NEO-102277) 2019 VH39,0.0203,19.84,0.031832,4761975.5,23.26,0.2493,1.6397,8.18,766.9,1.2309,2.0485,0.033883,Amor,0,2019,2028-06-28
NEO-100792,(NEO-100792) 2020 GX48,1.5942,20.33,0.65,97238616.0,15.05,0.2058,1.8169,0.5,894.5,1.443,2.1908,0.655151,Atira,0,2020,2033-08-23
NEO-100794,(NEO-100794) 2002 HW7,0.041,5.0,0.023428,3504763.0,24.85,0.3054,1.7362,3.19,835.6,1.206,2.2664,0.030416,Amor,0,2002,2037-10-07
NEO-100583,(NEO-100583) 2013 EW93,0.0177,13.72,0.20307,30378854.9,23.87,0.7,1.4013,17.07,605.9,0.4204,2.3822,0.189971,Apollo,0,2013,2033-03-12
PHA-300304,(PHA-300304) 2025 SQ36,0.7613,25.25,0.029136,4358723.1,16.19,0.2882,1.9247,8.9,975.3,1.3701,2.4793,0.023958,Apollo,1,2025,2039-12-10
NEO-101693,(NEO-101693) 2016 ZT19,0.0322,12.33,0.001774,265328.9,24.14,0.3372,0.9405,15.76,333.1,0.6233,1.2576,0.001755,Aten,0,2016,2032-07-05
NEO-101073,(NEO-101073) 2021 AK9,0.0155,13.14,0.004986,745921.0,24.23,0.5464,0.7,2.06,213.9,0.3175,1.0825,0.006252,Aten,0,2021,2033-11-17
PHA-300617,(PHA-300617) 2018 OL92,0.3606,23.39,0.014527,2173244.1,18.32,0.15,1.5671,15.42,716.5,1.332,1.8021,0.00973,Apollo,1,2018,2030-04-19
NEO-103265,(NEO-103265) 1997 RA78,0.002,12.92,0.017608,2634076.3,31.5,0.3102,1.9169,15.33,969.3,1.3222,2.5115,0.020748,Atira,0,1997,2038-06-04
NEO-103253,(NEO-103253) 2004 QK81,0.002,23.19,0.031065,4647307.0,23.13,0.486,1.2471,0.42,508.7,0.641,1.8532,0.037597,Apollo,0,2004,2028-10-26
NEO-103712,(NEO-103712) 2024 MY1,0.0896,13.14,0.02077,3107139.7,29.97,0.2965,1.5931,1.76,734.4,1.1208,2.0654,0.023926,Amor,0,2024,2035-03-13
NEO-101774,(NEO-101774) 1996 GA51,0.0227,20.42,0.012517,1872495.4,24.07,0.529,1.3026,9.92,543.0,0.6135,1.9916,0.014913,Apollo,0,1996,2035-10-28
NEO-102902,(NEO-102902) 2004 RC81,0.0156,24.6,0.040412,6045522.3,22.38,0.1839,1.5389,2.38,697.3,1.256,1.8218,0.040483,Amor,0,2004,2042-09-18
PHA-300103,(PHA-300103) 2004 VK13,0.6079,25.84,0.005252,785662.5,16.77,0.4571,1.375,5.68,588.9,0.7464,2.0035,0.003747,Apollo,1,2004,2041-12-23
NEO-100136,(NEO-100136) 2019 SY6,0.0138,14.73,0.073703,11025759.8,23.23,0.05,1.1806,5.09,468.5,1.1216,1.2396,0.068496,Amor,0,2019,2040-11-18
NEO-101986,(NEO-101986) 2007 DQ50,0.3458,18.3,0.279498,41812325.8,17.88,0.3033,1.4574,2.08,642.6,1.0153,1.8994,0.274168,Apollo,0,2007,2038-12-15
NEO-101860,(NEO-101860) 2020 CY67,1.7492,11.12,0.15443,23102348.1,14.28,0.3395,1.7434,3.54,840.8,1.1515,2.3353,0.128635,Amor,0,2020,2037-01-26
PHA-300080,(PHA-300080) 1996 GF17,0.5731,29.31,0.00708,1059128.3,16.79,0.3292,0.8894,2.56,306.4,0.5966,1.1822,0.004508,Aten,1,1996,2038-10-10
NEO-103234,(NEO-103234) 2008 AM23,0.0128,16.73,0.067601,10112923.8,23.86,0.17,1.5302,16.67,691.4,1.2701,1.7903,0.049595,Amor,0,2008,2038-11-24
NEO-101198,(NEO-101198) 2010 YG1,0.0855,32.78,0.040868,6113770.2,22.48,0.0658,1.2263,0.21,496.0,1.1455,1.307,0.04657,Amor,0,2010,2031-09-13
NEO-103975,(NEO-103975) 2005 VB70,0.01,22.93,0.003387,506696.2,24.83,0.4702,1.6312,2.89,760.9,0.8642,2.3982,0.004203,Apollo,0,2005,2030-09-01
NEO-100569,(NEO-100569) 2019 XF29,0.0059,7.39,0.011425,1709135.7,31.5,0.5836,0.7127,16.32,219.7,0.2967,1.1286,0.013592,Aten,0,2019,2037-12-02
NEO-102155,(NEO-102155) 2016 WD68,0.005,21.47,0.19412,29039989.8,23.99,0.5291,1.1128,0.2,428.8,0.524,1.7016,0.180071,Apollo,0,2016,2032-01-13
NEO-103139,(NEO-103139) 2009 QL20,0.0967,17.6,0.314966,47118236.3,22.71,0.5283,1.7732,4.62,862.4,0.8365,2.7099,0.271496,Apollo,0,2009,2027-06-09
NEO-103274,(NEO-103274) 2006 WF88,0.9296,6.1,0.097261,14550051.0,15.47,0.55,2.1454,12.64,1147.7,0.9654,3.3253,0.12211,Apollo,0,2006,2036-09-08
NEO-103528,(NEO-103528) 2000 HC6,0.5691,6.72,0.062613,9366811.9,17.0,0.3833,1.8354,6.88,908.2,1.1319,2.5388,0.058653,Amor,0,2000,2034-12-21
NEO-103666,(NEO-103666) 2012 GN51,0.2708,12.59,0.389544,58274903.3,18.56,0.2986,2.8137,1.66,1723.8,1.9734,3.6539,0.478692,Atira,0,2012,2031-06-26
PHA-300592,(PHA-300592) 2017 EM13,1.0311,24.23,0.035129,5255166.4,15.78,0.5919,2.1241,0.52,1130.7,0.8668,3.3815,0.035051,Apollo,1,2017,2040-12-22
NEO-102228,(NEO-102228) 2017 RZ87,0.0111,22.32,0.251729,37658156.2,23.6,0.7,1.8285,12.65,903.1,0.5486,3.1085,0.258826,Apollo,0,2017,2025-09-04
PHA-300614,(PHA-300614) 2002 PF27,0.3978,33.97,0.015725,2352395.8,18.03,0.5386,1.234,0.9,500.7,0.5694,1.8986,0.013859,Apollo,1,2002,2029-12-06
NEO-101007,(NEO-101007) 1995 KU27,0.0323,25.1,0.00145,216944.1,27.97,0.6835,0.7,6.99,213.9,0.2215,1.1785,0.001317,Aten,0,1995,2031-04-28
NEO-102679,(NEO-102679) 2024 BV8,0.0174,6.4,0.047759,7144584.9,22.78,0.3129,0.9911,1.94,360.4,0.681,1.3012,0.047807,Aten,0,2024,2041-05-03
PHA-300595,(PHA-300595) 2010 AD8,0.4264,15.03,0.022693,3394851.8,17.13,0.1997,1.7967,31.06,879.7,1.4379,2.1556,0.021818,Apollo,1,2010,2040-07-15
NEO-100776,(NEO-100776) 1992 GF8,0.7942,23.32,0.233715,34963193.1,16.12,0.55,1.7723,1.71,861.8,0.7975,2.747,0.281433,Apollo,0,1992,2034-04-10
NEO-100894,(NEO-100894) 1998 VF6,0.7729,8.97,0.208574,31202245.5,16.48,0.3898,1.1041,3.66,423.8,0.6738,1.5345,0.189039,Apollo,0,1998,2038-07-19
NEO-103481,(NEO-103481) 2002 VL21,0.012,21.57,0.310224,46408812.3,24.51,0.0957,1.4518,1.45,638.9,1.3129,1.5907,0.248904,Atira,0,2002,2034-05-27
NEO-101908,(NEO-101908) 2020 HG63,0.1563,14.71,0.289113,43250713.2,19.35,0.0895,1.4109,24.07,612.1,1.2846,1.5372,0.205034,Amor,0,2020,2033-02-06
NEO-101274,(NEO-101274) 2015 KV57,0.0151,12.53,0.036907,5521143.1,27.45,0.4503,1.6656,9.21,785.1,0.9156,2.4156,0.029502,Apollo,0,2015,2026-07-07
NEO-102923,(NEO-102923) 1999 GB22,0.7309,10.89,0.203497,30442745.1,16.45,0.55,1.6568,5.21,778.9,0.7456,2.5681,0.223452,Apollo,0,1999,2037-01-02
NEO-100921,(NEO-100921) 1992 DH16,0.0031,9.31,0.000124,18497.7,29.98,0.2084,0.7,1.5,213.9,0.5541,0.8459,0.000111,Atira,0,1992,2043-06-25
NEO-103141,(NEO-103141) 2004 JF65,0.0062,16.01,0.046414,6943485.8,23.44,0.3128,1.6594,7.59,780.8,1.1403,2.1785,0.048178,Amor,0,2004,2041-06-27
NEO-102809,(NEO-102809) 1996 YK66,0.002,4.0,0.012143,1816582.1,22.78,0.3744,0.7148,0.35,220.8,0.4472,0.9825,0.014159,Atira,0,1996,2040-09-27
NEO-101989,(NEO-101989) 2011 DK34,0.135,18.19,0.019603,2932507.3,23.6,0.4174,0.9474,17.22,336.8,0.5519,1.3428,0.021719,Aten,0,2011,2040-11-05
NEO-101427,(NEO-101427) 2010 ZL50,0.0039,20.15,0.004284,640829.7,28.96,0.1478,2.0535,8.34,1074.8,1.75,2.3571,0.005463,Atira,0,2010,2027-07-19
NEO-102069,(NEO-102069) 2020 JN21,0.13,17.44,0.251089,37562367.9,22.16,0.7,2.1857,0.43,1180.3,0.6557,3.7157,0.229408,Apollo,0,2020,2040-02-13
NEO-103743,(NEO-103743) 2005 DE9,0.2158,12.8,0.207349,31019042.0,19.17,0.3642,2.2972,3.27,1271.7,1.4606,3.1339,0.218178,Atira,0,2005,2039-09-28
NEO-103520,(NEO-103520) 1990 SL43,0.5337,11.66,0.093882,14044613.4,17.12,0.1376,2.3773,3.04,1338.8,2.0502,2.7044,0.094553,Atira,0,1990,2028-08-09
NEO-103902,(NEO-103902) 2001 HJ78,0.126,24.17,0.138333,20694360.9,23.42,0.2118,2.274,4.55,1252.5,1.7924,2.7557,0.171672,Atira,0,2001,2029-09-16
NEO-103005,(NEO-103005) 2019 MB85,0.033,4.0,0.04756,7114912.2,25.63,0.1527,1.4464,2.85,635.4,1.2256,1.6673,0.056048,Amor,0,2019,2034-03-09
NEO-102756,(NEO-102756) 1990 XX10,0.0858,19.93,0.076552,11452026.5,25.23,0.1974,1.3212,6.71,554.7,1.0605,1.5819,0.094793,Amor,0,1990,2038-10-08
NEO-100613,(NEO-100613) 1993 UX78,0.4652,21.35,0.082886,12399614.8,17.05,0.3916,2.0138,1.41,1043.8,1.2252,2.8024,0.100784,Amor,0,1993,2035-12-25
PHA-300779,(PHA-300779) 2004 FM17,0.6135,12.1,0.003686,551396.0,17.03,0.6597,0.9491,0.54,337.7,0.323,1.5752,0.002537,Aten,1,2004,2034-01-18
NEO-101297,(NEO-101297) 2011 PQ84,0.13,11.76,0.30935,46278052.5,23.57,0.5348,1.167,9.09,460.5,0.5429,1.7911,0.324905,Apollo,0,2011,2027-07-04
NEO-103182,(NEO-103182) 2000 PA43,0.7334,7.93,0.254805,38118292.3,15.39,0.4733,2.0526,10.63,1074.1,1.0811,3.0241,0.219748,Amor,0,2000,2037-06-25
NEO-100497,(NEO-100497) 2004 JE4,1.3245,7.66,0.296791,44399311.5,15.23,0.3666,1.7293,15.14,830.6,1.0954,2.3633,0.208573,Amor,0,2004,2025-11-09
NEO-100047,(NEO-100047) 2006 EO41,0.0168,8.1,0.101955,15252277.2,22.41,0.2707,1.1184,3.42,432.0,0.8156,1.4211,0.078362,Apollo,0,2006,2031-01-08
NEO-100710,(NEO-100710) 2014 PD75,0.9355,16.32,0.348604,52150469.9,15.37,0.1788,1.9918,1.09,1026.7,1.6357,2.348,0.3527,Atira,0,2014,2038-12-05
NEO-101386,(NEO-101386) 2016 GK42,0.2407,12.93,0.068569,10257815.6,18.6,0.1749,1.3998,27.89,604.9,1.155,1.6446,0.084551,Amor,0,2016,2040-04-06
PHA-300063,(PHA-300063) 2001 YO88,2.0164,31.9,0.012939,1935696.4,13.83,0.4115,2.1795,14.37,1175.2,1.2826,3.0764,0.010029,Apollo,1,2001,2029-06-15
NEO-101819,(NEO-101819) 2003 EL52,1.1514,8.72,0.14154,21174127.2,15.62,0.55,2.1037,14.39,1114.4,0.9467,3.2607,0.124796,Apollo,0,2003,2044-02-10
NEO-102310,(NEO-102310) 2019 YF69,0.848,12.62,0.65,97238616.0,16.06,0.2998,1.2098,18.84,486.0,0.8471,1.5724,0.7,Apollo,0,2019,2026-03-27
NEO-102868,(NEO-102868) 2019 EV7,0.0096,18.72,0.230058,34416147.6,23.92,0.3919,1.4551,5.42,641.1,0.8849,2.0254,0.250697,Apollo,0,2019,2039-07-15
NEO-102053,(NEO-102053) 2005 FU60,0.1585,19.53,0.082868,12396916.5,19.53,0.5239,2.4496,0.96,1400.3,1.1663,3.7329,0.086702,Amor,0,2005,2030-04-21
NEO-103573,(NEO-103573) 1997 YG50,0.3051,5.27,0.37791,56534461.0,18.44,0.4422,1.5965,6.19,736.8,0.8905,2.3024,0.281147,Apollo,0,1997,2037-09-07
NEO-102713,(NEO-102713) 2006 KJ70,0.13,13.39,0.246423,36864381.8,24.1,0.1544,1.6463,26.96,771.5,1.392,1.9005,0.229152,Atira,0,2006,2035-07-06
NEO-101279,(NEO-101279) 2001 XA94,0.0383,17.73,0.031618,4730040.4,23.71,0.1978,1.6822,3.75,796.9,1.3495,2.015,0.036103,Atira,0,2001,2044-03-19
NEO-100698,(NEO-100698) 2024 JL40,0.0127,13.61,0.023808,3561611.2,27.44,0.329,2.0759,0.28,1092.5,1.393,2.7588,0.017275,Atira,0,2024,2026-09-06
PHA-300484,(PHA-300484) 2024 WP5,0.3212,25.52,0.011659,1744110.7,17.68,0.15,0.75,13.05,237.2,0.6375,0.8625,0.011995,Apollo,1,2024,2044-07-25
NEO-103042,(NEO-103042) 2011 DE71,0.0682,33.74,0.022547,3372958.0,22.43,0.0647,1.0112,5.43,371.4,0.9458,1.0766,0.018657,Apollo,0,2011,2025-01-24
NEO-103148,(NEO-103148) 2014 CN70,0.0808,4.0,0.01883,2816902.0,23.34,0.3352,1.8225,0.79,898.6,1.2116,2.4333,0.021767,Amor,0,2014,2025-06-24
NEO-100291,(NEO-100291) 2000 DF27,0.15,13.96,0.319572,47807357.5,20.16,0.0802,2.2933,14.9,1268.5,2.1095,2.4772,0.335021,Atira,0,2000,2034-09-01
NEO-101652,(NEO-101652) 1996 UL77,0.0591,16.9,0.05512,8245809.1,23.38,0.2997,1.6193,6.89,752.7,1.134,2.1047,0.069441,Amor,0,1996,2042-04-04
NEO-100702,(NEO-100702) 2018 KW88,0.0511,27.49,0.286789,42903058.2,25.79,0.3141,1.3404,14.88,566.8,0.9193,1.7615,0.367911,Apollo,0,2018,2044-03-18
NEO-102553,(NEO-102553) 1993 RF7,0.0192,18.98,0.157745,23598263.8,23.44,0.7,1.6952,6.64,806.2,0.5086,2.8818,0.171872,Apollo,0,1993,2029-08-27
NEO-101210,(NEO-101210) 2011 LG18,0.0616,27.76,0.33655,50347129.1,24.09,0.0599,1.4747,23.18,654.1,1.3865,1.563,0.363204,Atira,0,2011,2036-02-26
NEO-100679,(NEO-100679) 2018 OU46,0.0873,10.48,0.313568,46909105.5,24.14,0.3367,0.8,3.79,261.4,0.5306,1.0694,0.331104,Aten,0,2018,2040-07-06
PHA-300608,(PHA-300608) 1996 XP36,0.1904,39.1,0.007138,1067868.0,19.32,0.4585,0.9502,1.04,338.3,0.5146,1.3858,0.007273,Aten,1,1996,2028-11-13
NEO-103331,(NEO-103331) 2014 AP1,0.0082,4.0,0.035927,5374663.9,25.16,0.0983,1.3862,13.18,596.1,1.25,1.5225,0.028079,Amor,0,2014,2029-06-22
NEO-102449,(NEO-102449) 2022 NJ54,0.0536,25.33,0.001111,166130.8,23.54,0.3392,0.966,4.71,346.8,0.6383,1.2936,0.000877,Aten,0,2022,2027-09-21
NEO-102331,(NEO-102331) 2023 TP31,0.0416,18.27,0.027009,4040510.2,23.83,0.2836,1.7025,16.21,811.3,1.2197,2.1852,0.026026,Amor,0,2023,2033-12-17
NEO-103383,(NEO-103383) 2025 OJ90,0.002,19.84,0.049269,7370535.0,31.5,0.6079,1.6261,8.34,757.4,0.6375,2.6147,0.056472,Apollo,0,2025,2035-12-26
NEO-101022,(NEO-101022) 1991 XU51,0.01,26.18,0.053483,8000878.6,23.92,0.6848,0.8,24.85,261.4,0.2521,1.3479,0.05768,Aten,0,1991,2030-01-24
NEO-103680,(NEO-103680) 1995 UE71,0.0968,11.68,0.054043,8084693.0,22.32,0.1222,1.0752,0.35,407.2,0.9438,1.2067,0.054564,Apollo,0,1995,2034-10-06
NEO-100045,(NEO-100045) 2025 UY90,0.0247,13.82,0.421913,63117333.7,24.28,0.1378,2.2835,24.02,1260.4,1.9689,2.5981,0.481941,Atira,0,2025,2026-03-24
NEO-101882,(NEO-101882) 2022 LS58,1.4874,12.18,0.313946,46965629.7,14.48,0.0546,1.9059,1.62,961.1,1.8019,2.01,0.328288,Atira,0,2022,2028-02-21
NEO-100218,(NEO-100218) 1991 SD97,0.0735,13.65,0.273715,40947255.0,24.29,0.5806,1.0864,2.85,413.6,0.4556,1.7172,0.227438,Apollo,0,1991,2025-01-04
NEO-100376,(NEO-100376) 2018 PK84,0.109,15.33,0.087857,13143247.7,24.78,0.4238,1.3081,10.46,546.4,0.7538,1.8624,0.078633,Apollo,0,2018,2026-09-02
PHA-300346,(PHA-300346) 1999 NQ48,0.7231,12.66,0.05,7479893.5,16.39,0.5208,1.6511,11.51,774.9,0.7911,2.5111,0.037486,Apollo,1,1999,2026-06-19
NEO-101760,(NEO-101760) 2022 VY20,1.3391,14.28,0.066488,9946508.9,15.25,0.55,2.0072,2.31,1038.7,0.9032,3.1112,0.06304,Apollo,0,2022,2041-03-18
NEO-102699,(NEO-102699) 2021 JC34,0.0211,15.67,0.020042,2998213.2,27.42,0.4464,1.1332,0.33,440.6,0.6273,1.6391,0.016927,Apollo,0,2021,2027-07-22
NEO-101478,(NEO-101478) 2000 HH47,0.6622,15.88,0.134956,20189203.9,16.28,0.413,1.7057,8.77,813.6,1.0012,2.4102,0.169509,Apollo,0,2000,2038-03-15
NEO-101171,(NEO-101171) 2025 CW10,0.002,11.79,0.053447,7995544.3,23.18,0.1132,1.2723,9.48,524.2,1.1283,1.4163,0.062599,Amor,0,2025,2031-03-28
NEO-102479,(NEO-102479) 2015 CB2,0.0332,25.84,0.043913,6569334.8,24.87,0.339,1.8669,0.75,931.7,1.234,2.4998,0.032824,Amor,0,2015,2026-12-21
NEO-101612,(NEO-101612) 2001 FY30,0.5814,13.39,0.065473,9794620.2,15.93,0.1279,2.4643,20.59,1412.9,2.1491,2.7794,0.069693,Atira,0,2001,2040-09-01
NEO-103120,(NEO-103120) 2011 QV59,0.0038,14.41,0.125241,18735789.1,22.38,0.3301,1.0987,2.46,420.6,0.736,1.4614,0.109177,Apollo,0,2011,2042-02-14
NEO-101834,(NEO-101834) 2023 SR65,0.0281,25.68,0.050186,7507657.6,23.55,0.4494,0.8867,3.98,305.0,0.4882,1.2852,0.036675,Aten,0,2023,2032-01-02
PHA-300322,(PHA-300322) 2023 HE49,0.5525,38.61,0.013541,2025699.9,16.67,0.6548,1.4935,1.36,666.7,0.5155,2.4715,0.012807,Apollo,1,2023,2042-07-01
NEO-100730,(NEO-100730) 2011 WZ97,0.0531,17.13,0.035114,5253050.4,22.28,0.3751,1.6314,1.59,761.0,1.0194,2.2433,0.031874,Amor,0,2011,2043-01-26
NEO-103471,(NEO-103471) 2025 JH58,0.0386,15.28,0.147238,22026545.7,22.39,0.3724,1.0225,5.29,377.7,0.6417,1.4034,0.12033,Apollo,0,2025,2028-04-14
NEO-102589,(NEO-102589) 2021 RQ64,0.0392,26.06,0.004155,621578.5,24.74,0.1417,1.9463,9.87,991.7,1.6704,2.2221,0.003974,Atira,0,2021,2042-05-08
NEO-102110,(NEO-102110) 1991 XS91,0.0431,12.82,0.016574,2479480.3,22.95,0.5811,1.4646,11.21,647.4,0.6135,2.3156,0.017204,Apollo,0,1991,2044-09-16
NEO-103267,(NEO-103267) 2023 XX42,0.0371,28.57,0.016304,2439000.5,23.92,0.1169,1.4428,7.86,633.0,1.2741,1.6115,0.020162,Amor,0,2023,2043-03-02
NEO-102487,(NEO-102487) 2014 WP84,0.0311,16.91,0.364424,54517046.1,23.58,0.3882,1.1888,5.86,473.4,0.7274,1.6503,0.434608,Apollo,0,2014,2030-01-14
NEO-101489,(NEO-101489) 2020 AQ87,0.804,11.41,0.183396,27435677.2,15.6,0.2647,1.6274,5.66,758.3,1.1967,2.0582,0.223438,Amor,0,2020,2044-02-25
NEO-102609,(NEO-102609) 2003 MP85,0.1616,7.43,0.175488,26252684.3,19.67,0.3455,1.7003,3.75,809.8,1.1129,2.2876,0.193917,Amor,0,2003,2032-03-20
NEO-100391,(NEO-100391) 2010 WG47,0.2762,11.13,0.065849,9850858.1,18.75,0.3576,1.1,36.84,421.4,0.7066,1.4934,0.056613,Apollo,0,2010,2027-03-22
PHA-300435,(PHA-300435) 1995 WQ3,0.6097,26.02,0.003907,584459.0,16.94,0.3157,1.2934,0.94,537.3,0.8851,1.7018,0.002912,Apollo,1,1995,2027-01-20
NEO-101280,(NEO-101280) 2010 RA28,0.5164,17.48,0.31095,46517502.8,16.98,0.345,2.2021,13.56,1193.5,1.4423,2.9618,0.325801,Atira,0,2010,2030-08-17
PHA-300442,(PHA-300442) 2001 AX12,0.861,30.32,0.001778,265996.4,15.75,0.3972,1.0384,5.05,386.5,0.626,1.4508,0.001266,Apollo,1,2001,2035-11-20
NEO-100547,(NEO-100547) 2025 VH95,0.1349,16.21,0.038457,5753020.7,22.42,0.1787,0.7231,1.71,224.6,0.5939,0.8524,0.027476,Atira,0,2025,2043-06-13
NEO-101931,(NEO-101931) 2002 NH10,0.0537,20.16,0.004553,681089.2,24.0,0.675,1.7904,17.46,875.0,0.5819,2.9989,0.004636,Apollo,0,2002,2039-11-18
PHA-300004,(PHA-300004) 2007 AZ71,0.14,28.08,0.028107,4204704.3,19.34,0.5128,1.042,18.03,388.5,0.5077,1.5763,0.02318,Apollo,1,2007,2025-07-23
NEO-101628,(NEO-101628) 2001 NJ79,0.0119,8.4,0.01947,2912658.3,24.42,0.4404,1.0653,6.56,401.6,0.5961,1.5345,0.022296,Apollo,0,2001,2033-12-19
NEO-100121,(NEO-100121) 2010 AM75,1.1,13.66,0.319629,47815829.2,15.62,0.3164,1.7731,7.58,862.4,1.2122,2.334,0.30583,Amor,0,2010,2036-10-23
NEO-101083,(NEO-101083) 2001 DC98,0.0767,11.36,0.253962,37992246.8,22.47,0.1332,1.545,2.91,701.5,1.3393,1.7508,0.208524,Atira,0,2001,2042-02-21
NEO-102174,(NEO-102174) 2003 HL89,0.0553,19.05,0.035042,5242249.5,23.06,0.2431,1.3184,4.61,552.9,0.9979,1.6389,0.037817,Apollo,0,2003,2031-02-12
PHA-300350,(PHA-300350) 2013 CM94,0.5095,29.03,0.03065,4585157.7,16.82,0.3883,1.169,1.35,461.7,0.7151,1.623,0.026771,Apollo,1,2013,2040-02-20
NEO-103890,(NEO-103890) 1999 DX55,0.024,12.99,0.0362,5415430.6,24.06,0.3925,1.3936,8.93,600.9,0.8465,1.9407,0.044543,Apollo,0,1999,2032-03-15
NEO-100537,(NEO-100537) 1993 PC87,0.0608,14.34,0.194205,29052616.0,26.2,0.4741,0.8,10.0,261.4,0.4207,1.1793,0.212495,Aten,0,1993,2030-08-03
NEO-103292,(NEO-103292) 2018 XS78,0.1038,22.58,0.028518,4266210.7,25.61,0.2141,1.0947,1.25,418.4,0.8603,1.3292,0.021712,Apollo,0,2018,2028-08-26
NEO-102587,(NEO-102587) 1995 ND75,0.6325,15.87,0.4186,62621610.9,16.6,0.3457,1.5913,37.01,733.2,1.0411,2.1415,0.490486,Amor,0,1995,2034-09-20
NEO-102130,(NEO-102130) 2023 CG46,0.13,30.67,0.157117,23504294.6,24.34,0.3176,1.2219,1.52,493.3,0.8338,1.61,0.178703,Apollo,0,2023,2026-11-15
NEO-103551,(NEO-103551) 2022 VO67,0.0025,17.35,0.051181,7656530.8,24.53,0.3777,1.7187,29.64,823.0,1.0696,2.3678,0.049033,Amor,0,2022,2043-01-02
NEO-103971,(NEO-103971) 2010 ZC7,0.6046,19.15,0.587685,87916442.9,16.51,0.4693,1.3969,21.73,603.0,0.7414,2.0525,0.680615,Apollo,0,2010,2043-10-11
NEO-103866,(NEO-103866) 2024 WX65,0.0269,20.33,0.108849,16283648.8,25.16,0.2844,1.5422,7.96,699.5,1.1036,1.9808,0.105321,Amor,0,2024,2025-08-13
NEO-101838,(NEO-101838) 2018 BL14,0.0786,14.06,0.038388,5742746.6,24.29,0.5637,1.7226,24.74,825.8,0.7516,2.6937,0.041208,Apollo,0,2018,2040-12-17
PHA-300480,(PHA-300480) 2001 ZV59,0.9707,21.01,0.020755,3104898.6,15.17,0.7619,2.2162,14.86,1205.0,0.5277,3.9047,0.020786,Apollo,1,2001,2042-10-20
NEO-100038,(NEO-100038) 2011 DY2,0.012,19.65,0.370817,55473474.2,25.09,0.0935,1.3632,22.94,581.4,1.2358,1.4906,0.389585,Amor,0,2011,2033-06-05
NEO-100712,(NEO-100712) 2025 NR43,0.0403,16.03,0.027179,4065916.2,22.88,0.3456,0.7,14.76,213.9,0.4581,0.9419,0.027465,Atira,0,2025,2043-09-17
NEO-101248,(NEO-101248) 1991 RX86,0.0372,17.48,0.026638,3985002.2,29.57,0.2449,0.9913,0.34,360.5,0.7486,1.2341,0.025678,Aten,0,1991,2036-08-08
NEO-103600,(NEO-103600) 1994 WQ22,0.4924,14.43,0.057465,8596672.8,16.77,0.4472,1.9017,18.91,957.9,1.0513,2.7522,0.067297,Amor,0,1994,2033-05-05
NEO-103108,(NEO-103108) 2005 MC36,0.13,29.27,0.286134,42804967.9,23.85,0.3739,1.1594,11.81,456.0,0.7259,1.593,0.297047,Apollo,0,2005,2026-03-16
NEO-100608,(NEO-100608) 2002 DV62,0.0143,5.84,0.003705,554315.0,26.04,0.2297,1.8348,24.39,907.7,1.4133,2.2562,0.003753,Atira,0,2002,2036-06-26
PHA-300496,(PHA-300496) 2012 LY71,0.2172,22.92,0.033697,5041017.7,19.4,0.2438,1.8098,7.32,889.3,1.3686,2.2511,0.020597,Apollo,1,2012,2033-11-04
NEO-102265,(NEO-102265) 2003 VO70,0.0988,15.47,0.026847,4016322.0,23.26,0.458,1.1527,3.98,452.0,0.6247,1.6806,0.020468,Apollo,0,2003,2037-03-04
NEO-100923,(NEO-100923) 2022 EC65,0.0175,16.7,0.029672,4438922.3,23.36,0.287,1.1829,2.24,469.9,0.8434,1.5224,0.037374,Apollo,0,2022,2041-11-06
NEO-102202,(NEO-102202) 2021 WR90,0.0382,4.0,0.069613,10413953.7,22.66,0.5537,1.2512,8.26,511.2,0.5584,1.9439,0.067004,Apollo,0,2021,2040-10-23
NEO-100289,(NEO-100289) 2012 GX47,0.0635,30.24,0.047268,7071143.6,25.53,0.174,1.6042,3.16,742.1,1.325,1.8833,0.050852,Atira,0,2012,2031-01-28
NEO-102981,(NEO-102981) 2007 FJ30,0.0122,16.9,0.031997,4786721.2,25.2,0.2865,0.8932,7.14,308.3,0.6373,1.1492,0.040363,Aten,0,2007,2027-10-26
NEO-102363,(NEO-102363) 1991 OL83,0.0595,7.53,0.010348,1548027.6,23.24,0.2829,1.0598,9.22,398.5,0.76,1.3595,0.011778,Apollo,0,1991,2043-08-28
NEO-102603,(NEO-102603) 1995 XJ21,0.3292,10.19,0.631793,94514887.6,18.11,0.55,2.0054,0.9,1037.3,0.9024,3.1083,0.7,Apollo,0,1995,2043-09-07
PHA-300423,(PHA-300423) 2009 BY78,0.14,24.43,0.03575,5348100.9,19.99,0.5521,1.2945,2.93,537.9,0.5797,2.0092,0.037608,Apollo,1,2009,2034-11-17
NEO-103049,(NEO-103049) 1991 TH73,0.005,18.97,0.419464,62750970.6,24.79,0.2412,1.2621,9.03,517.9,0.9576,1.5665,0.32386,Apollo,0,1991,2040-12-07
NEO-102586,(NEO-102586) 2018 QX40,0.032,28.75,0.057986,8674524.2,25.51,0.3902,1.2568,10.58,514.6,0.7664,1.7471,0.06889,Apollo,0,2018,2040-10-09
NEO-101823,(NEO-101823) 2020 PM64,0.0247,18.57,0.028763,4302924.4,22.95,0.5756,1.2552,1.02,513.7,0.5328,1.9777,0.035334,Apollo,0,2020,2030-06-23
NEO-101053,(NEO-101053) 1996 TY26,0.135,24.01,0.025074,3751072.3,24.37,0.2242,1.1686,3.72,461.4,0.9066,1.4305,0.032428,Apollo,0,1996,2028-04-18
NEO-101069,(NEO-101069) 1999 RA18,0.0105,23.38,0.241123,36071441.6,23.31,0.2908,1.3423,10.83,568.0,0.9519,1.7326,0.228038,Apollo,0,1999,2039-07-05
NEO-100418,(NEO-100418) 2012 XN21,0.0064,20.51,0.169371,25337556.1,24.34,0.2949,1.6666,0.9,785.9,1.1751,2.1581,0.176589,Amor,0,2012,2029-01-14
NEO-100278,(NEO-100278) 2025 FH77,0.0429,13.87,0.07785,11646241.3,24.29,0.2674,1.4721,1.18,652.4,1.0785,1.8657,0.073591,Amor,0,2025,2029-11-18
NEO-101711,(NEO-101711) 2021 BQ67,0.0911,25.18,0.031469,4707632.1,22.99,0.1172,1.6909,6.59,803.1,1.4927,1.889,0.023562,Atira,0,2021,2033-06-28
NEO-102743,(NEO-102743) 2018 CX10,0.0089,13.75,0.327805,49038958.5,23.97,0.494,2.4576,5.5,1407.2,1.2435,3.6718,0.336835,Amor,0,2018,2031-08-16
PHA-300146,(PHA-300146) 2012 RT53,0.4336,27.25,0.01534,2294800.6,17.55,0.6183,1.7403,20.42,838.6,0.6642,2.8165,0.012642,Apollo,1,2012,2037-07-16
NEO-103815,(NEO-103815) 2021 MY39,0.4067,10.97,0.65,97238616.0,17.9,0.55,2.5495,1.77,1486.9,1.1473,3.9517,0.505416,Amor,0,2021,2028-04-08
NEO-103829,(NEO-103829) 1995 DP94,0.0291,16.54,0.018431,2757276.6,23.83,0.3756,1.0926,3.7,417.1,0.6822,1.503,0.018529,Apollo,0,1995,2043-04-14
NEO-103133,(NEO-103133) 2025 OJ9,0.2685,12.97,0.12087,18081917.3,18.49,0.3727,1.1,15.2,421.4,0.6901,1.5099,0.155056,Apollo,0,2025,2033-03-24
PHA-300633,(PHA-300633) 1995 RT69,0.8214,11.0,0.017696,2647310.4,16.13,0.2494,1.4582,1.37,643.2,1.0946,1.8218,0.017821,Apollo,1,1995,2026-08-17
NEO-100965,(NEO-100965) 2022 FV10,0.0124,15.49,0.045261,6770962.4,22.96,0.2689,1.7486,6.35,844.5,1.2784,2.2188,0.034857,Amor,0,2022,2029-04-13
NEO-100244,(NEO-100244) 2021 FZ17,0.4684,14.76,0.1061,15872301.0,17.53,0.1661,1.9849,17.43,1021.4,1.6553,2.3145,0.106614,Atira,0,2021,2039-07-16
NEO-103853,(NEO-103853) 1994 QM80,0.0437,18.5,0.01619,2422060.6,22.28,0.6255,0.9396,9.78,332.7,0.3519,1.5273,0.012189,Aten,0,1994,2036-11-04
NEO-101649,(NEO-101649) 1997 LE29,0.0688,23.7,0.017467,2612974.3,23.68,0.3003,1.8191,5.32,896.1,1.2727,2.3654,0.022132,Amor,0,1997,2029-11-24
NEO-103223,(NEO-103223) 1998 EN17,0.0054,11.27,0.152271,22779483.9,22.46,0.1058,1.0182,4.19,375.3,0.9104,1.126,0.111329,Apollo,0,1998,2044-09-06
NEO-102618,(NEO-102618) 2007 FJ32,0.0437,19.96,0.03903,5838738.6,22.42,0.2621,0.8646,10.21,293.6,0.638,1.0912,0.047182,Aten,0,2007,2033-12-12
PHA-300320,(PHA-300320) 2007 MN74,0.1405,18.85,0.015119,2261789.7,20.07,0.15,1.3598,9.49,579.2,1.1558,1.5638,0.012993,Apollo,1,2007,2032-11-13
NEO-101205,(NEO-101205) 2022 TD91,2.3923,13.95,0.391681,58594622.8,13.77,0.4201,2.4677,2.91,1415.9,1.4311,3.5043,0.298301,Atira,0,2022,2042-09-04
NEO-101659,(NEO-101659) 1993 RC52,0.0052,26.96,0.181275,27118279.4,23.72,0.2334,1.2936,3.69,537.4,0.9917,1.5954,0.183764,Apollo,0,1993,2040-10-25
NEO-103074,(NEO-103074) 1997 HZ21,0.4458,19.3,0.19782,29593494.1,16.98,0.2925,1.5375,4.66,696.3,1.0877,1.9873,0.254127,Amor,0,1997,2042-10-26
PHA-300612,(PHA-300612) 2004 NS42,1.252,24.17,0.024751,3702693.9,15.43,0.7971,0.75,0.65,237.2,0.1522,1.3478,0.021432,Aten,1,2004,2039-12-09
NEO-101354,(NEO-101354) 1997 XA56,0.0104,17.38,0.137122,20513174.1,23.88,0.4236,1.9974,2.37,1031.1,1.1513,2.8434,0.138138,Amor,0,1997,2036-10-26
NEO-103754,(NEO-103754) 2004 GC23,0.0844,22.99,0.017072,2553992.4,22.98,0.1231,1.0947,32.89,418.4,0.9599,1.2296,0.014862,Apollo,0,2004,2035-07-11
NEO-101883,(NEO-101883) 2021 XO92,3.2885,10.53,0.11922,17834988.8,13.45,0.55,2.5194,4.59,1460.6,1.1337,3.905,0.121736,Amor,0,2021,2028-06-04
NEO-101320,(NEO-101320) 2024 FL30,0.0029,6.57,0.00277,414385.2,24.21,0.1817,1.7488,3.41,844.7,1.431,2.0665,0.002808,Atira,0,2024,2035-12-03
NEO-100764,(NEO-100764) 2000 EN93,0.0156,9.03,0.05027,7520320.3,24.79,0.3089,1.4725,13.65,652.7,1.0177,1.9274,0.037164,Amor,0,2000,2027-02-13
NEO-103152,(NEO-103152) 1997 FL43,0.0184,4.49,0.056612,8469101.7,23.34,0.4424,1.8076,5.74,887.7,1.0079,2.6073,0.05073,Apollo,0,1997,2031-01-09
PHA-300745,(PHA-300745) 2020 ZA17,2.311,24.39,0.030577,4574284.3,13.69,0.2757,1.2104,8.53,486.4,0.8766,1.5441,0.022899,Apollo,1,2020,2041-05-03
PHA-300508,(PHA-300508) 2002 GA44,0.7095,11.0,0.025219,3772740.9,16.5,0.5524,1.4295,4.91,624.3,0.6399,2.2192,0.017839,Apollo,1,2002,2035-11-08
NEO-103021,(NEO-103021) 2016 OB60,0.025,15.55,0.01729,2586575.8,22.61,0.5308,1.5932,9.35,734.5,0.7476,2.4389,0.014405,Apollo,0,2016,2026-07-08
PHA-300022,(PHA-300022) 2001 DV75,0.5685,18.97,0.003516,525986.0,17.08,0.4657,1.8445,4.42,915.0,0.9855,2.7036,0.003475,Apollo,1,2001,2029-12-17
NEO-101917,(NEO-101917) 2024 LO95,0.0569,17.23,0.005827,871655.0,24.09,0.6092,1.5896,5.0,732.0,0.6212,2.5579,0.00497,Apollo,0,2024,2039-09-02
NEO-100333,(NEO-100333) 2011 YF2,0.8034,12.82,0.279085,41750525.8,15.94,0.1074,2.0988,1.15,1110.6,1.8733,2.3243,0.280159,Atira,0,2011,2039-02-09
PHA-300734,(PHA-300734) 2016 AU21,0.5925,16.05,0.023933,3580266.4,16.91,0.2249,1.1654,12.73,459.5,0.9033,1.4275,0.020224,Apollo,1,2016,2035-04-04
NEO-101589,(NEO-101589) 2021 EK67,0.058,4.0,0.064305,9619850.3,22.6,0.601,2.0462,0.93,1069.1,0.8164,3.276,0.046082,Apollo,0,2021,2026-11-19
NEO-102904,(NEO-102904) 1999 WB5,0.005,18.77,0.307531,46006045.5,22.85,0.6481,2.107,10.56,1117.1,0.7415,3.4726,0.291951,Apollo,0,1999,2032-04-16
NEO-100878,(NEO-100878) 2024 WZ11,0.6284,20.57,0.179812,26899522.7,16.22,0.4858,1.2196,5.78,491.9,0.6271,1.812,0.133918,Apollo,0,2024,2042-07-25
NEO-101233,(NEO-101233) 2003 YB35,0.5707,9.79,0.180743,27038752.0,16.9,0.0325,1.115,1.13,430.0,1.0788,1.1512,0.153097,Amor,0,2003,2036-02-15
PHA-300773,(PHA-300773) 1998 NF77,0.2418,11.0,0.028106,4204579.5,18.34,0.3774,1.7358,27.54,835.3,1.0806,2.3909,0.02844,Apollo,1,1998,2038-10-09
NEO-102306,(NEO-102306) 2017 BW71,0.0103,14.36,0.004824,721669.2,22.44,0.6063,1.0015,2.75,366.0,0.3943,1.6086,0.004672,Apollo,0,2017,2044-11-07
PHA-300219,(PHA-300219) 2016 VA38,0.553,26.49,0.018006,2693622.5,16.96,0.15,1.1602,2.33,456.4,0.9862,1.3342,0.01094,Apollo,1,2016,2042-05-28
NEO-100033,(NEO-100033) 2011 DR51,0.014,16.73,0.340884,50995555.5,23.19,0.2587,1.5722,13.15,720.0,1.1655,1.9789,0.413068,Amor,0,2011,2040-07-06
NEO-101391,(NEO-101391) 2003 JD23,0.3874,22.67,0.510824,76418181.5,17.72,0.4426,1.9118,11.62,965.5,1.0657,2.758,0.474743,Amor,0,2003,2038-12-09
PHA-300398,(PHA-300398) 2002 VN59,0.4975,23.78,0.001013,151516.1,16.97,0.5315,2.0769,15.3,1093.3,0.9731,3.1807,0.00108,Apollo,1,2002,2034-06-06
PHA-300160,(PHA-300160) 2007 VH68,1.2553,17.66,0.044906,6717862.5,14.72,0.6791,0.8841,0.61,303.6,0.2837,1.4844,0.030251,Aten,1,2007,2029-04-20
PHA-300530,(PHA-300530) 2022 SV54,1.2699,25.41,0.002297,343688.6,15.49,0.2638,1.8388,1.63,910.7,1.3537,2.3239,0.001522,Apollo,1,2022,2030-02-24
NEO-103038,(NEO-103038) 1993 AO9,0.13,20.63,0.07618,11396343.8,23.79,0.0741,2.0545,13.02,1075.6,1.9022,2.2067,0.094998,Atira,0,1993,2040-03-20
NEO-102397,(NEO-102397) 2016 MP63,0.0067,17.79,0.015894,2377702.5,28.73,0.2459,0.9989,4.7,364.6,0.7533,1.2445,0.015995,Aten,0,2016,2025-12-11
NEO-102802,(NEO-102802) 2008 GT34,0.8325,16.65,0.19086,28552178.8,16.43,0.2855,1.6233,22.58,755.4,1.1599,2.0867,0.22107,Amor,0,2008,2033-09-16
NEO-100754,(NEO-100754) 1998 QB32,0.0473,29.89,0.009977,1492559.0,22.92,0.3995,1.2285,13.6,497.3,0.7377,1.7193,0.011125,Apollo,0,1998,2044-06-22
NEO-100774,(NEO-100774) 2007 PB27,0.0258,11.51,0.039267,5874320.8,24.42,0.544,1.3169,11.43,552.0,0.6005,2.0333,0.035171,Apollo,0,2007,2034-10-26
NEO-103943,(NEO-103943) 2007 XR23,0.0322,11.44,0.00631,944018.3,22.75,0.6968,1.1116,12.65,428.1,0.337,1.8863,0.007584,Apollo,0,2007,2031-12-05
NEO-100337,(NEO-100337) 1991 ZD25,0.13,12.09,0.163075,24395617.2,25.23,0.2733,1.6399,13.49,767.0,1.1917,2.088,0.206978,Amor,0,1991,2034-04-09
NEO-100996,(NEO-100996) 2009 PJ23,0.0047,14.8,0.068539,10253346.1,23.72,0.3276,0.7,12.53,213.9,0.4707,0.9293,0.07582,Atira,0,2009,2039-09-02
NEO-101394,(NEO-101394) 2022 SE9,0.002,18.86,0.013283,1987092.6,22.27,0.5528,1.1776,7.08,466.7,0.5266,1.8285,0.009405,Apollo,0,2022,2033-08-25
NEO-102660,(NEO-102660) 2006 TC36,0.4827,9.82,0.156844,23463530.0,16.71,0.0877,2.9374,2.42,1838.8,2.6797,3.1951,0.127725,Atira,0,2006,2025-09-17
NEO-102947,(NEO-102947) 2018 AM78,0.0463,29.77,0.102481,15330905.4,25.42,0.4027,1.1918,12.26,475.2,0.7118,1.6717,0.117841,Apollo,0,2018,2035-04-25
NEO-103852,(NEO-103852) 2003 YF97,0.0051,18.22,0.011216,1677935.9,25.89,0.2667,1.0292,0.52,381.4,0.7547,1.3037,0.008667,Apollo,0,2003,2040-09-26
NEO-103935,(NEO-103935) 1991 BS93,0.0299,7.99,0.358328,53605101.9,22.49,0.4995,1.731,40.0,831.8,0.8663,2.5956,0.321624,Apollo,0,1991,2037-07-13
PHA-300554,(PHA-300554) 2000 BL39,1.9771,23.76,0.05,7479893.5,13.86,0.5204,1.6188,1.45,752.3,0.7764,2.4613,0.037618,Apollo,1,2000,2041-01-11
NEO-102504,(NEO-102504) 2018 HO38,0.13,17.47,0.319042,47728077.2,23.01,0.2575,1.6005,13.34,739.6,1.1884,2.0126,0.289411,Amor,0,2018,2033-04-15
NEO-103624,(NEO-103624) 1998 LN30,0.6678,9.58,0.102003,15259478.6,16.05,0.2263,2.3774,2.53,1338.9,1.8393,2.9154,0.085656,Atira,0,1998,2040-06-07
NEO-102496,(NEO-102496) 2018 VO93,0.0301,13.08,0.012878,1926483.9,23.42,0.75,1.16,0.34,456.4,0.29,2.0301,0.011391,Apollo,0,2018,2033-06-14
NEO-101181,(NEO-101181) 2025 LA92,0.0587,25.39,0.021204,3172081.3,24.67,0.1587,0.9937,6.4,361.8,0.836,1.1515,0.023139,Aten,0,2025,2027-04-14
NEO-101546,(NEO-101546) 2001 EG15,0.0515,13.74,0.090517,13541100.2,24.15,0.383,0.7,5.94,213.9,0.4319,0.9681,0.091747,Atira,0,2001,2030-06-22
NEO-102413,(NEO-102413) 1996 NO54,0.0158,12.06,0.013715,2051736.6,23.53,0.2056,1.3003,10.09,541.6,1.0329,1.5677,0.01443,Amor,0,1996,2029-05-02
NEO-100830,(NEO-100830) 2024 UE73,0.0116,20.92,0.005209,779245.5,27.93,0.0922,1.1835,1.41,470.3,1.0744,1.2927,0.004136,Amor,0,2024,2030-06-04
NEO-103084,(NEO-103084) 1990 QW62,0.0826,9.82,0.214039,32019759.1,25.45,0.2876,1.5178,0.36,683.0,1.0813,1.9542,0.242999,Amor,0,1990,2029-12-25
NEO-101505,(NEO-101505) 2015 PS6,0.0501,13.89,0.103759,15522194.6,22.23,0.621,2.4531,6.4,1403.3,0.9297,3.9765,0.116812,Apollo,0,2015,2030-10-27
NEO-100397,(NEO-100397) 1999 YM41,0.2576,14.4,0.087653,13112768.7,18.65,0.449,1.208,8.4,485.0,0.6657,1.7504,0.074099,Apollo,0,1999,2028-07-02
NEO-100348,(NEO-100348) 2019 JU72,0.0679,24.93,0.237393,35513491.6,23.2,0.4938,1.49,4.37,664.3,0.7542,2.2259,0.185578,Apollo,0,2019,2039-06-22
NEO-100436,(NEO-100436) 2006 TK98,0.0462,21.33,0.40322,60320849.7,24.98,0.1778,1.1037,12.36,423.5,0.9075,1.3,0.366183,Apollo,0,2006,2040-04-17
PHA-300315,(PHA-300315) 2012 FJ73,0.5153,21.4,0.05,7479893.5,17.36,0.5076,0.75,0.5,237.2,0.3693,1.1307,0.031232,Aten,1,2012,2025-07-25
NEO-100227,(NEO-100227) 2018 BT62,0.01,20.21,0.016545,2475078.2,22.45,0.3571,1.4594,28.79,643.9,0.9383,1.9805,0.015209,Apollo,0,2018,2028-09-07
NEO-101925,(NEO-101925) 2010 NF79,1.7044,18.0,0.303748,45440084.2,14.28,0.1162,1.9817,7.27,1018.9,1.7514,2.212,0.322259,Atira,0,2010,2036-04-13
NEO-102815,(NEO-102815) 2007 EF6,0.0648,19.09,0.001543,230803.6,22.49,0.4092,1.4532,11.68,639.9,0.8585,2.048,0.001713,Apollo,0,2007,2028-03-12
NEO-101239,(NEO-101239) 1997 VW27,2.1476,14.8,0.228489,34181461.1,14.24,0.2259,1.3641,5.77,581.9,1.056,1.6721,0.232257,Amor,0,1997,2032-02-07
NEO-100499,(NEO-100499) 2024 JH10,0.3445,11.23,0.438016,65526226.8,17.95,0.0919,2.0589,14.23,1079.1,1.8698,2.2481,0.43938,Atira,0,2024,2030-12-17
NEO-100372,(NEO-100372) 1990 AE40,0.0141,4.0,0.001284,192032.2,23.3,0.2829,0.9629,1.03,345.1,0.6905,1.2354,0.001661,Aten,0,1990,2025-11-12
PHA-300610,(PHA-300610) 2019 WS12,0.1552,22.42,0.013362,1998899.1,19.56,0.5868,1.4317,4.25,625.7,0.5916,2.2719,0.013352,Apollo,1,2019,2026-02-15
NEO-100388,(NEO-100388) 2002 DU64,0.8505,17.54,0.113479,16976185.3,15.94,0.3817,2.2866,1.12,1262.9,1.4139,3.1594,0.145832,Atira,0,2002,2037-09-06
NEO-102960,(NEO-102960) 1996 VR53,0.13,18.29,0.294677,44083042.5,23.18,0.3244,0.8,0.47,261.4,0.5405,1.0595,0.253193,Aten,0,1996,2028-06-21
NEO-100365,(NEO-100365) 1998 ND58,0.0223,19.55,0.064652,9671781.7,23.93,0.3967,1.9891,1.15,1024.6,1.1999,2.7782,0.060432,Amor,0,1998,2036-09-10
PHA-300318,(PHA-300318) 2021 NT21,0.4878,23.02,0.05,7479893.5,17.29,0.6941,1.1665,14.29,460.2,0.3568,1.9762,0.049,Apollo,1,2021,2038-11-06
NEO-102327,(NEO-102327) 2007 HB48,0.002,4.0,0.031063,4646985.8,27.37,0.5707,1.474,2.9,653.6,0.6327,2.3152,0.030046,Apollo,0,2007,2037-08-18
NEO-100073,(NEO-100073) 1999 RD95,0.13,6.02,0.180098,26942273.6,24.04,0.3492,1.3485,21.96,572.0,0.8776,1.8195,0.208791,Apollo,0,1999,2040-09-24
NEO-102562,(NEO-102562) 1999 WU19,0.8234,9.28,0.122473,18321725.8,16.0,0.5155,1.8638,13.96,929.4,0.9029,2.8246,0.106873,Apollo,0,1999,2042-03-18
NEO-100299,(NEO-100299) 2003 QT17,0.0161,13.65,0.083579,12503184.0,24.97,0.4091,1.4386,11.93,630.3,0.8501,2.0271,0.094115,Apollo,0,2003,2040-12-25
NEO-100842,(NEO-100842) 2021 AQ27,0.002,18.63,0.022555,3374214.5,27.07,0.2853,1.3875,15.94,596.9,0.9916,1.7834,0.024776,Apollo,0,2021,2025-06-19
NEO-103637,(NEO-103637) 2018 UK55,0.0114,14.75,0.008285,1239433.0,22.65,0.05,1.5586,12.07,710.7,1.4806,1.6365,0.006366,Atira,0,2018,2036-03-07
NEO-100928,(NEO-100928) 2015 PR55,0.0655,17.72,0.002023,302629.2,24.11,0.2005,1.2436,17.95,506.5,0.9942,1.4929,0.00263,Apollo,0,2015,2044-06-04
NEO-101218,(NEO-101218) 2013 JP92,0.0045,6.32,0.086065,12875099.4,29.15,0.6497,1.8558,2.88,923.4,0.6501,3.0614,0.078076,Apollo,0,2013,2029-12-14
NEO-103196,(NEO-103196) 2015 UP86,0.0445,23.19,0.042546,6364763.3,22.69,0.3226,1.8066,8.68,887.0,1.2239,2.3894,0.034548,Amor,0,2015,2026-10-22
NEO-100448,(NEO-100448) 2008 ZG95,0.0322,11.76,0.018231,2727358.5,25.93,0.3325,1.9167,5.33,969.2,1.2794,2.5539,0.020398,Amor,0,2008,2026-07-09
NEO-101062,(NEO-101062) 1993 QF83,0.1117,22.76,0.022618,3383637.3,22.79,0.4008,1.5942,6.11,735.2,0.9552,2.2332,0.023137,Apollo,0,1993,2026-07-19
NEO-103242,(NEO-103242) 2009 FX31,0.0917,18.12,0.188265,28164013.9,23.94,0.2857,1.3489,12.01,572.2,0.9636,1.7343,0.150347,Apollo,0,2009,2032-11-08
NEO-103787,(NEO-103787) 2008 VM66,0.0384,15.4,0.130293,19491525.3,22.8,0.2909,1.7601,18.1,852.9,1.2481,2.2722,0.109837,Amor,0,2008,2038-06-14
NEO-102594,(NEO-102594) 1991 LA23,0.0453,7.15,0.018619,2785357.2,26.45,0.75,0.9417,2.58,333.8,0.2354,1.648,0.023435,Aten,0,1991,2042-01-01
NEO-101770,(NEO-101770) 2013 XW51,0.0939,26.02,0.011221,1678587.7,31.32,0.4789,0.8448,7.93,283.6,0.4403,1.2494,0.012089,Aten,0,2013,2044-12-23
NEO-100481,(NEO-100481) 1999 NN17,0.15,14.62,0.067781,10139966.0,19.47,0.112,1.279,33.36,528.3,1.1358,1.4222,0.060998,Amor,0,1999,2035-12-13
PHA-300799,(PHA-300799) 2004 NW68,0.3053,15.94,0.002899,433732.3,18.1,0.4724,1.9667,4.3,1007.4,1.0376,2.8958,0.002391,Apollo,1,2004,2037-08-28
NEO-100154,(NEO-100154) 2013 KG10,0.0028,10.49,0.021198,3171137.5,23.13,0.1521,1.0731,3.35,406.0,0.9099,1.2363,0.017052,Apollo,0,2013,2032-02-06
NEO-102846,(NEO-102846) 2018 NN91,0.0335,26.21,0.036268,5425553.0,23.11,0.5598,1.5381,9.29,696.7,0.6771,2.3991,0.031577,Apollo,0,2018,2044-05-27
NEO-102375,(NEO-102375) 2007 XV70,0.5757,6.81,0.057677,8628315.9,16.88,0.3246,1.6224,0.87,754.8,1.0958,2.1491,0.068333,Amor,0,2007,2029-10-14
NEO-100663,(NEO-100663) 2022 QS27,0.0163,15.53,0.028411,4250219.0,27.73,0.3784,1.3805,0.77,592.4,0.8582,1.9028,0.025503,Apollo,0,2022,2032-12-28
NEO-103086,(NEO-103086) 2023 TE33,0.0346,16.03,0.004466,668129.0,25.41,0.5513,1.9646,15.54,1005.8,0.8816,3.0476,0.003334,Apollo,0,2023,2034-06-06
NEO-103617,(NEO-103617) 2006 VS47,0.0049,6.62,0.05114,7650371.9,29.56,0.1949,0.968,16.8,347.8,0.7793,1.1566,0.040777,Aten,0,2006,2027-08-15
NEO-101430,(NEO-101430) 2025 KB23,0.1224,17.84,0.018682,2794803.9,27.53,0.4805,1.4678,12.56,649.5,0.7625,2.1731,0.02053,Apollo,0,2025,2042-05-04
NEO-102717,(NEO-102717) 2014 RF71,0.0264,16.26,0.098784,14777945.8,23.01,0.3281,1.4756,9.86,654.7,0.9914,1.9597,0.126991,Apollo,0,2014,2036-05-17
NEO-102435,(NEO-102435) 2013 DU43,0.0585,22.49,0.003615,540732.6,24.44,0.6744,1.785,9.54,871.1,0.5812,2.9888,0.004161,Apollo,0,2013,2033-09-27
NEO-102272,(NEO-102272) 1994 WW92,0.065,28.36,0.247079,36962476.8,23.12,0.5507,1.9551,0.45,998.5,0.8785,3.0317,0.238661,Apollo,0,1994,2035-05-10
PHA-300164,(PHA-300164) 2006 JE74,0.7711,32.64,0.014453,2162127.1,15.96,0.5876,1.2295,4.9,498.0,0.5071,1.952,0.015137,Apollo,1,2006,2037-10-04
NEO-100550,(NEO-100550) 2012 NW65,0.0339,20.81,0.017096,2557491.4,22.88,0.4748,1.4958,6.1,668.2,0.7856,2.2061,0.014931,Apollo,0,2012,2034-09-27
NEO-101468,(NEO-101468) 1994 BR81,0.0189,27.49,0.077417,11581355.4,22.33,0.511,1.4018,12.88,606.2,0.6856,2.1181,0.07381,Apollo,0,1994,2040-09-06
NEO-101974,(NEO-101974) 2023 AX17,0.0631,15.03,0.003632,543274.6,24.14,0.0785,1.3763,7.79,589.8,1.2682,1.4844,0.002766,Amor,0,2023,2036-06-22
NEO-101201,(NEO-101201) 2021 AF10,0.0022,6.97,0.017242,2579406.1,24.76,0.5573,0.9151,0.79,319.7,0.4051,1.4251,0.014767,Aten,0,2021,2025-03-17
PHA-300207,(PHA-300207) 2025 KZ55,0.4167,18.92,0.011039,1651431.9,17.47,0.5871,1.6938,7.34,805.2,0.6994,2.6883,0.011261,Apollo,1,2025,2041-09-08
NEO-103399,(NEO-103399) 2023 WS9,1.077,6.46,0.112191,16783572.3,16.4,0.2078,1.6624,29.3,782.9,1.317,2.0078,0.137105,Atira,0,2023,2030-07-25
NEO-102636,(NEO-102636) 1998 AQ32,0.088,16.86,0.041067,6143515.2,23.08,0.2728,0.8759,8.61,299.4,0.637,1.1149,0.039604,Aten,0,1998,2028-04-22
PHA-300680,(PHA-300680) 2015 JP60,0.9886,19.06,0.015371,2299486.1,15.86,0.4021,1.991,1.48,1026.1,1.1905,2.7916,0.011013,Apollo,1,2015,2041-02-02
NEO-102379,(NEO-102379) 2010 WA26,0.0115,19.74,0.00341,510141.0,23.77,0.5747,2.4238,2.1,1378.2,1.0307,3.8168,0.003267,Amor,0,2010,2036-10-09
NEO-101268,(NEO-101268) 1997 JB78,0.0189,10.3,0.059024,8829851.0,22.73,0.5025,0.9829,5.26,355.9,0.489,1.4768,0.059519,Aten,0,1997,2036-03-22
NEO-102055,(NEO-102055) 2005 VZ19,0.0705,19.35,0.024619,3682997.5,23.62,0.3404,1.5339,1.91,693.9,1.0117,2.0561,0.018636,Apollo,0,2005,2035-12-17
NEO-100282,(NEO-100282) 2016 TB82,0.395,12.23,0.063318,9472201.4,17.64,0.275,2.6924,25.0,1613.6,1.9519,3.433,0.061954,Atira,0,2016,2043-08-03
NEO-101996,(NEO-101996) 2005 BU67,0.0136,10.52,0.016479,2465155.0,22.22,0.1755,0.7721,7.18,247.8,0.6366,0.9076,0.017144,Atira,0,2005,2033-09-01
NEO-102118,(NEO-102118) 2022 AE82,0.0555,19.26,0.006554,980465.9,24.4,0.4804,1.3798,2.17,592.0,0.717,2.0426,0.006894,Apollo,0,2022,2034-06-04
NEO-100527,(NEO-100527) 2008 MQ26,0.0092,16.9,0.014013,2096321.2,23.49,0.3195,1.6526,9.11,776.0,1.1246,2.1807,0.012297,Amor,0,2008,2035-05-12
NEO-101035,(NEO-101035) 2025 YF62,0.0143,9.23,0.049018,7333062.7,29.38,0.1746,1.474,5.01,653.6,1.2167,1.7313,0.046679,Amor,0,2025,2035-04-09
NEO-102197,(NEO-102197) 2011 OA24,0.3505,16.38,0.06088,9107523.6,17.91,0.2179,1.6183,12.15,752.0,1.2657,1.971,0.052,Amor,0,2011,2040-04-10
NEO-102828,(NEO-102828) 2011 QF61,0.0042,12.71,0.006418,960166.8,24.73,0.3661,1.5842,29.92,728.3,1.0043,2.1642,0.006778,Apollo,0,2011,2042-04-11
PHA-300566,(PHA-300566) 1995 GV52,0.6739,27.33,0.05,7479893.5,16.58,0.314,1.4511,9.91,638.5,0.9954,1.9068,0.040544,Apollo,1,1995,2037-02-05
NEO-102705,(NEO-102705) 1996 FQ98,0.0329,11.58,0.005409,809159.2,22.47,0.0854,1.5195,5.52,684.1,1.3898,1.6493,0.006668,Atira,0,1996,2039-11-20
NEO-103437,(NEO-103437) 2025 GA72,0.3259,6.69,0.370096,55365515.6,17.96,0.4335,1.1,4.93,421.4,0.6232,1.5768,0.31733,Apollo,0,2025,2043-07-18
NEO-100356,(NEO-100356) 2014 TE14,0.0749,23.13,0.161159,24108988.0,24.24,0.2145,1.9106,8.35,964.6,1.5007,2.3205,0.179433,Atira,0,2014,2028-01-22
NEO-100064,(NEO-100064) 2007 CN19,0.0076,24.3,0.04627,6921828.6,24.38,0.6632,1.0167,5.93,374.5,0.3424,1.6911,0.034586,Apollo,0,2007,2037-12-19
NEO-102093,(NEO-102093) 2008 BB45,0.5236,6.98,0.128592,19237105.8,16.98,0.4602,1.6729,5.72,790.3,0.903,2.4429,0.14862,Apollo,0,2008,2030-08-13
NEO-103385,(NEO-103385) 2016 BN40,0.0812,22.76,0.047212,7062853.6,25.28,0.4449,0.8424,0.18,282.4,0.4676,1.2172,0.034287,Aten,0,2016,2029-05-11
NEO-102864,(NEO-102864) 2016 TQ57,0.0894,24.33,0.081807,12238086.2,25.33,0.7,1.9964,4.04,1030.3,0.5989,3.3939,0.061407,Apollo,0,2016,2029-07-27
PHA-300807,(PHA-300807) 2017 HN93,0.8962,29.21,0.017324,2591639.7,15.6,0.3135,2.1176,0.65,1125.5,1.4537,2.7815,0.014864,Apollo,1,2017,2035-08-22
NEO-102229,(NEO-102229) 1990 HZ21,0.0379,6.3,0.020629,3086127.3,25.48,0.2902,1.3142,10.05,550.3,0.9328,1.6955,0.022923,Apollo,0,1990,2037-06-22
PHA-300198,(PHA-300198) 2002 GH77,0.9252,25.78,0.005155,771102.6,15.92,0.3672,1.1317,48.0,439.7,0.7162,1.5473,0.003715,Apollo,1,2002,2039-01-03
PHA-300283,(PHA-300283) 2003 XG3,0.5059,29.94,0.046404,6941893.2,17.31,0.5825,1.5615,11.09,712.7,0.6519,2.4711,0.040648,Apollo,1,2003,2041-01-10
NEO-100295,(NEO-100295) 2016 DP13,0.0508,10.19,0.010304,1541509.5,22.85,0.137,1.6147,0.12,749.4,1.3934,1.8359,0.012088,Atira,0,2016,2038-05-27
NEO-101249,(NEO-101249) 2009 JB82,0.0101,15.68,0.186013,27827095.9,23.79,0.4154,1.79,2.44,874.7,1.0464,2.5337,0.137834,Amor,0,2009,2029-04-12
NEO-101753,(NEO-101753) 1997 FJ15,0.0936,7.75,0.415438,62148669.9,24.06,0.5104,0.8,9.05,261.4,0.3917,1.2083,0.330577,Aten,0,1997,2025-10-03
NEO-100440,(NEO-100440) 2004 FT62,0.0064,17.2,0.42658,63815404.4,24.55,0.7,1.687,6.3,800.3,0.5061,2.8679,0.409445,Apollo,0,2004,2039-09-21
NEO-100166,(NEO-100166) 2011 RN98,0.0142,17.61,0.027655,4137101.5,22.49,0.41,1.5343,14.3,694.1,0.9052,2.1633,0.032378,Apollo,0,2011,2041-06-22
NEO-103156,(NEO-103156) 2003 QW32,0.0285,14.87,0.006756,1010652.4,22.28,0.2345,1.7928,1.33,876.8,1.3724,2.2133,0.004778,Atira,0,2003,2043-12-07
NEO-100766,(NEO-100766) 1991 SG27,0.6473,16.32,0.106446,15924054.3,16.86,0.452,2.5067,0.68,1449.6,1.3738,3.6396,0.087104,Atira,0,1991,2033-09-09
PHA-300343,(PHA-300343) 2015 QN39,0.3165,26.14,0.002521,377082.2,16.96,0.293,1.7679,2.33,858.6,1.2499,2.2859,0.001828,Apollo,1,2015,2038-06-22
NEO-100808,(NEO-100808) 2023 OX89,0.5957,10.18,0.187544,28056204.9,16.76,0.0438,2.2734,0.68,1252.0,2.1739,2.3729,0.193722,Atira,0,2023,2026-12-19
NEO-103594,(NEO-103594) 2017 VC45,1.0018,16.0,0.075207,11250772.6,15.4,0.1048,1.9092,6.96,963.6,1.7091,2.1094,0.053555,Atira,0,2017,2029-10-05
NEO-103964,(NEO-103964) 1995 JL72,0.0445,30.29,0.05886,8805401.5,31.5,0.2138,0.7,3.02,213.9,0.5503,0.8497,0.0713,Atira,0,1995,2040-03-25
NEO-103603,(NEO-103603) 2001 QT76,0.002,21.95,0.038509,5760867.5,22.64,0.3409,1.5049,20.27,674.3,0.9919,2.0179,0.050014,Apollo,0,2001,2033-03-24
NEO-100404,(NEO-100404) 2021 QE61,0.0081,21.36,0.000564,84312.1,31.09,0.6394,1.4794,1.48,657.2,0.5335,2.4253,0.000424,Apollo,0,2021,2033-09-03
NEO-103566,(NEO-103566) 2013 ZC71,0.0553,19.82,0.020857,3120231.7,23.12,0.645,1.0982,1.12,420.3,0.3899,1.8065,0.01502,Apollo,0,2013,2034-01-02
NEO-102258,(NEO-102258) 2006 GY5,0.0409,18.3,0.073868,11050455.2,22.39,0.4771,1.7628,12.33,854.9,0.9217,2.6039,0.073474,Apollo,0,2006,2038-01-07
NEO-100745,(NEO-100745) 2020 TU83,1.771,13.85,0.219858,32890243.8,14.64,0.296,1.5826,9.54,727.2,1.1142,2.0511,0.196048,Amor,0,2020,2030-09-13
NEO-103730,(NEO-103730) 2019 JF25,2.4591,18.19,0.096197,14390839.1,13.52,0.2333,1.5117,13.38,678.9,1.1591,1.8643,0.11753,Amor,0,2019,2042-06-17
NEO-102311,(NEO-102311) 2000 YV30,0.002,12.77,0.01463,2188595.5,25.5,0.4106,1.2833,4.3,531.0,0.7564,1.8102,0.013456,Apollo,0,2000,2026-08-16
NEO-101556,(NEO-101556) 2017 OE81,0.003,13.07,0.065549,9806046.8,23.48,0.2814,1.8992,2.61,955.9,1.3647,2.4336,0.054817,Atira,0,2017,2032-08-28
PHA-300042,(PHA-300042) 2002 WH11,0.3053,21.21,0.030332,4537581.5,18.43,0.268,1.3064,4.73,545.4,0.9563,1.6565,0.030584,Apollo,1,2002,2031-08-14
NEO-101121,(NEO-101121) 2019 ST41,0.0371,22.43,0.040799,6103449.9,23.82,0.2585,1.3821,17.46,593.5,1.0248,1.7395,0.038551,Amor,0,2019,2039-04-12
NEO-101340,(NEO-101340) 2024 FH27,0.0317,11.41,0.016579,2480230.5,24.8,0.4309,1.2739,12.55,525.2,0.7249,1.8228,0.012514,Apollo,0,2024,2033-09-03
NEO-102189,(NEO-102189) 2016 GW24,0.4431,11.84,0.065953,9866404.7,17.38,0.4086,1.4499,15.03,637.7,0.8574,2.0424,0.082007,Apollo,0,2016,2039-05-02
NEO-101435,(NEO-101435) 2009 QP25,0.0442,17.09,0.153708,22994316.0,24.22,0.2695,0.9927,1.69,361.2,0.7252,1.2601,0.147969,Aten,0,2009,2044-02-09
NEO-102416,(NEO-102416) 2021 HK19,0.066,14.67,0.034969,5231217.8,23.34,0.4321,1.5544,12.54,707.8,0.8827,2.226,0.026169,Apollo,0,2021,2027-04-12
NEO-101373,(NEO-101373) 2024 KQ21,0.005,19.46,0.265685,39745901.1,23.3,0.1906,1.1335,20.86,440.8,0.9174,1.3495,0.330533,Apollo,0,2024,2039-01-22
NEO-100209,(NEO-100209) 2025 NV98,0.0282,19.58,0.02992,4475952.0,22.68,0.5178,1.0654,1.21,401.6,0.5137,1.617,0.035465,Apollo,0,2025,2041-08-14
NEO-100273,(NEO-100273) 2025 GD87,0.0217,14.33,0.026384,3946970.4,22.72,0.75,0.9493,0.41,337.8,0.2373,1.6613,0.032025,Aten,0,2025,2032-05-08
NEO-102866,(NEO-102866) 2015 XJ69,0.0408,7.6,0.000808,120822.2,25.99,0.6766,2.0481,5.7,1070.6,0.6624,3.4338,0.000676,Apollo,0,2015,2031-09-05
NEO-103126,(NEO-103126) 2008 WU17,0.0127,13.2,0.019365,2896993.5,27.5,0.1889,1.4756,18.62,654.7,1.1968,1.7543,0.024478,Amor,0,2008,2039-01-09
NEO-103110,(NEO-103110) 2024 DO56,0.002,8.8,0.040325,6032480.6,26.47,0.374,0.7,22.68,213.9,0.4382,0.9618,0.051388,Atira,0,2024,2037-07-17
NEO-100567,(NEO-100567) 1991 KX97,0.0074,27.08,0.001551,232080.7,25.35,0.3946,0.8774,2.32,300.2,0.5312,1.2237,0.001428,Aten,0,1991,2032-04-27
PHA-300020,(PHA-300020) 2024 EX10,0.4499,37.42,0.017221,2576233.0,17.65,0.378,1.6362,8.09,764.5,1.0177,2.2548,0.011439,Apollo,1,2024,2043-11-05
PHA-300715,(PHA-300715) 2012 TT76,0.6478,11.0,0.017687,2645934.5,16.5,0.3498,1.9045,1.8,960.0,1.2382,2.5708,0.016977,Apollo,1,2012,2032-06-10
NEO-102801,(NEO-102801) 2019 EE22,0.0388,9.71,0.037655,5633105.0,22.55,0.75,1.1696,24.66,462.0,0.2924,2.0468,0.047046,Apollo,0,2019,2041-11-17
NEO-101517,(NEO-101517) 2002 OG12,0.0337,17.59,0.113237,16940079.8,24.97,0.5792,1.7677,12.87,858.4,0.7438,2.7916,0.079669,Apollo,0,2002,2028-09-15
PHA-300426,(PHA-300426) 1997 RT60,0.5354,27.2,0.006239,933361.9,16.94,0.7624,1.9852,11.89,1021.6,0.4717,3.4987,0.005241,Apollo,1,1997,2041-02-05
NEO-101492,(NEO-101492) 2007 UV47,0.0044,4.64,0.02982,4460955.1,27.22,0.5409,1.1369,17.75,442.8,0.522,1.7518,0.027039,Apollo,0,2007,2025-02-22
NEO-100088,(NEO-100088) 2024 OZ41,0.012,12.35,0.05554,8308667.4,22.55,0.1936,1.3169,7.21,552.0,1.062,1.5719,0.045878,Amor,0,2024,2042-09-27
NEO-103191,(NEO-103191) 2000 CD97,0.002,18.27,0.01803,2697235.0,24.35,0.4512,1.5638,0.44,714.3,0.8582,2.2693,0.015595,Apollo,0,2000,2041-10-01
NEO-103097,(NEO-103097) 1999 TF9,0.13,16.66,0.243081,36364379.6,23.51,0.4675,0.993,9.32,361.4,0.5288,1.4571,0.299632,Aten,0,1999,2035-08-25
NEO-103513,(NEO-103513) 2013 CV83,0.0054,9.31,0.121483,18173655.4,23.01,0.2908,2.5073,2.15,1450.1,1.7781,3.2366,0.128015,Atira,0,2013,2041-06-18
NEO-102281,(NEO-102281) 1990 QS95,0.0741,16.84,0.025343,3791257.5,23.19,0.6681,1.2173,10.38,490.5,0.404,2.0306,0.021722,Apollo,0,1990,2035-02-04
NEO-101318,(NEO-101318) 2000 VB70,0.0737,15.43,0.030478,4559432.1,25.07,0.4058,1.7219,1.94,825.3,1.0232,2.4207,0.030873,Amor,0,2000,2039-08-06
NEO-100729,(NEO-100729) 2001 SJ67,0.6007,16.31,0.183654,27474309.4,16.59,0.1595,2.2504,12.34,1233.0,1.8915,2.6092,0.221075,Atira,0,2001,2031-06-07
NEO-100414,(NEO-100414) 2013 EV33,0.002,21.64,0.051022,7632760.9,23.76,0.5623,1.3147,6.28,550.6,0.5755,2.054,0.056384,Apollo,0,2013,2041-09-28
NEO-100079,(NEO-100079) 1992 FX77,0.3817,3.95,0.342551,51244915.6,17.5,0.4489,1.8071,4.58,887.3,0.9959,2.6182,0.329833,Apollo,0,1992,2026-11-24
NEO-102108,(NEO-102108) 1993 MD59,0.0112,11.13,0.119917,17939271.3,26.2,0.5675,2.0146,0.56,1044.4,0.8714,3.1578,0.131552,Apollo,0,1993,2026-04-22
NEO-103865,(NEO-103865) 2023 SU87,0.135,15.15,0.008449,1263987.2,23.44,0.3554,1.2623,5.6,518.0,0.8137,1.711,0.007048,Apollo,0,2023,2041-06-11
PHA-300497,(PHA-300497) 2015 VH25,1.1415,11.0,0.002637,394415.7,15.44,0.3158,1.6574,10.65,779.3,1.1339,2.1808,0.002642,Apollo,1,2015,2035-08-07
NEO-102178,(NEO-102178) 2000 PX22,1.8786,18.33,0.193736,28982480.9,14.91,0.0877,2.6298,12.46,1557.7,2.3991,2.8605,0.22984,Atira,0,2000,2039-04-22
PHA-300173,(PHA-300173) 2013 LU35,0.6191,26.77,0.004821,721241.9,16.63,0.3209,1.8507,1.88,919.6,1.2568,2.4445,0.004821,Apollo,1,2013,2027-03-12
NEO-102925,(NEO-102925) 2016 NT67,0.0107,23.38,0.125071,18710320.3,22.26,0.6518,1.6303,0.48,760.3,0.5676,2.6929,0.107698,Apollo,0,2016,2026-03-11
NEO-100790,(NEO-100790) 2003 UY84,0.0627,4.0,0.008561,1280660.2,22.77,0.349,2.0183,8.13,1047.3,1.3138,2.7227,0.00631,Atira,0,2003,2029-04-11
PHA-300311,(PHA-300311) 2015 CJ40,0.3932,11.22,0.006848,1024504.0,17.18,0.4734,1.4833,3.87,659.8,0.7811,2.1855,0.006064,Apollo,1,2015,2033-01-02
NEO-103585,(NEO-103585) 1994 UT62,0.1075,9.32,0.174742,26141067.8,23.86,0.2761,2.071,33.43,1088.6,1.4993,2.6427,0.147358,Atira,0,1994,2029-11-24
NEO-101408,(NEO-101408) 1995 AE68,0.015,17.73,0.132841,19872679.0,24.24,0.6352,1.178,0.59,467.0,0.4298,1.9263,0.148891,Apollo,0,1995,2025-05-03
NEO-102826,(NEO-102826) 2012 HW1,0.0094,23.53,0.013687,2047525.1,23.91,0.5642,1.3504,11.88,573.2,0.5885,2.1124,0.01737,Apollo,0,2012,2032-01-23
NEO-101939,(NEO-101939) 1999 BU75,0.0248,20.4,0.330022,49370656.5,24.47,0.2206,1.3847,1.21,595.1,1.0792,1.6902,0.243641,Amor,0,1999,2030-01-28
NEO-101608,(NEO-101608) 2025 GE67,0.7009,11.22,0.082933,12406656.7,16.3,0.2134,1.8592,0.59,925.9,1.4624,2.256,0.093462,Atira,0,2025,2034-06-24
NEO-103439,(NEO-103439) 2014 DO18,0.0861,11.52,0.010588,1584001.6,22.59,0.1075,1.4729,43.25,652.9,1.3147,1.6312,0.009394,Atira,0,2014,2033-10-07
NEO-100322,(NEO-100322) 2003 UL37,0.002,11.95,0.015282,2286119.5,23.06,0.4872,1.2705,12.31,523.1,0.6515,1.8895,0.0161,Apollo,0,2003,2041-03-06
NEO-101018,(NEO-101018) 1991 PC62,0.0767,16.28,0.213469,31934573.3,23.62,0.3692,1.5105,8.82,678.0,0.9528,2.0681,0.265652,Apollo,0,1991,2030-12-11
PHA-300034,(PHA-300034) 2015 BN43,0.4148,15.57,0.007635,1142106.1,17.5,0.322,1.6695,2.03,787.9,1.132,2.2069,0.004737,Apollo,1,2015,2029-02-28
NEO-100727,(NEO-100727) 2019 QP49,0.5089,6.15,0.198838,29745702.9,16.84,0.316,1.6512,2.73,775.0,1.1294,2.173,0.160335,Amor,0,2019,2035-08-23
NEO-100949,(NEO-100949) 2022 GM63,0.0149,18.95,0.03989,5967460.0,23.4,0.1686,1.5179,1.19,683.1,1.262,1.7738,0.042637,Amor,0,2022,2031-06-03
NEO-100788,(NEO-100788) 2012 DF72,1.5365,18.87,0.41314,61804889.0,14.95,0.4485,2.3085,1.9,1281.1,1.273,3.3439,0.392942,Amor,0,2012,2036-05-14
NEO-100733,(NEO-100733) 2023 WN89,0.13,25.62,0.050007,7480993.6,24.56,0.3189,1.867,6.03,931.8,1.2716,2.4625,0.043724,Amor,0,2023,2044-03-01
PHA-300403,(PHA-300403) 2002 HC67,0.14,32.5,0.005766,862545.1,19.62,0.572,1.2271,13.36,496.5,0.5252,1.9291,0.005398,Apollo,1,2002,2036-08-06
NEO-103941,(NEO-103941) 1994 LR12,0.0798,20.68,0.133799,20016074.2,25.69,0.3654,1.4373,5.15,629.4,0.9121,1.9624,0.105566,Apollo,0,1994,2031-12-03
NEO-103574,(NEO-103574) 2021 MH76,0.0268,9.17,0.08144,12183316.0,22.89,0.353,1.7899,0.37,874.7,1.158,2.4218,0.102622,Amor,0,2021,2043-08-23
PHA-300791,(PHA-300791) 2012 OS2,0.8897,18.02,0.009867,1476146.4,15.56,0.2856,0.75,0.2,237.2,0.5358,0.9642,0.00665,Apollo,1,2012,2027-02-03
NEO-100464,(NEO-100464) 2020 MY63,0.0904,16.48,0.448407,67080765.3,26.43,0.5084,1.7815,21.1,868.5,0.8758,2.6872,0.377193,Apollo,0,2020,2031-09-05
NEO-102214,(NEO-102214) 2004 GO20,0.0592,28.1,0.298085,44592908.4,25.27,0.3555,1.9055,6.1,960.7,1.2281,2.5829,0.350204,Amor,0,2004,2029-07-12
NEO-101829,(NEO-101829) 2000 GF27,0.0083,11.35,0.003858,577210.9,27.38,0.6879,1.3999,9.66,605.0,0.437,2.3629,0.004139,Apollo,0,2000,2028-01-17
NEO-103638,(NEO-103638) 1996 VV81,0.0088,22.71,0.356419,53319557.8,24.12,0.326,1.3599,14.92,579.2,0.9167,1.8032,0.305401,Apollo,0,1996,2037-08-02
NEO-101348,(NEO-101348) 1999 WB17,0.15,7.45,0.616339,92203007.5,19.68,0.4434,3.5,34.22,2391.6,1.9481,5.0519,0.610978,Atira,0,1999,2044-10-23
PHA-300246,(PHA-300246) 2000 OU42,0.4364,24.48,0.040336,6034158.7,16.98,0.3973,1.1353,35.11,441.8,0.6842,1.5864,0.041006,Apollo,1,2000,2044-06-04
NEO-101827,(NEO-101827) 2006 LD32,0.15,22.12,0.085435,12780853.6,19.72,0.335,1.6606,5.56,781.6,1.1044,2.2169,0.098742,Amor,0,2006,2043-09-20
NEO-102742,(NEO-102742) 2008 NX20,0.0054,18.49,0.035037,5241443.6,23.07,0.3769,1.6309,29.06,760.7,1.0163,2.2456,0.043065,Apollo,0,2008,2029-03-01
NEO-100327,(NEO-100327) 1993 ZQ37,0.0219,12.17,0.349223,52242982.0,24.54,0.1477,1.8175,4.0,894.9,1.549,2.0859,0.279595,Atira,0,1993,2042-11-20
NEO-103294,(NEO-103294) 2022 XC78,0.019,24.42,0.031605,4728028.8,24.2,0.3114,1.4656,1.03,648.1,1.0093,1.922,0.033202,Apollo,0,2022,2035-09-17
PHA-300637,(PHA-300637) 2012 KG50,0.1959,38.97,0.05,7479893.5,18.95,0.4549,0.75,3.34,237.2,0.4088,1.0912,0.044616,Aten,1,2012,2031-02-21
NEO-101890,(NEO-101890) 1991 CK64,0.0696,24.52,0.383889,57429033.4,25.38,0.1772,1.1563,4.42,454.1,0.9514,1.3611,0.271538,Apollo,0,1991,2038-10-21
NEO-100680,(NEO-100680) 2017 GY41,0.4416,20.52,0.374633,56044274.4,17.64,0.1511,1.4925,46.98,666.0,1.267,1.718,0.345429,Amor,0,2017,2036-09-01
NEO-103079,(NEO-103079) 2003 GP19,0.0052,6.51,0.032004,4787776.2,24.46,0.2965,1.8653,28.53,930.5,1.3122,2.4184,0.02985,Atira,0,2003,2029-03-11
NEO-102677,(NEO-102677) 1994 LY34,0.005,17.83,0.227073,33969626.1,22.42,0.332,1.1317,5.96,439.7,0.756,1.5075,0.245569,Apollo,0,1994,2037-10-07
NEO-100491,(NEO-100491) 2020 PM64,0.024,20.37,0.020637,3087201.3,24.92,0.3825,1.1463,1.13,448.2,0.7078,1.5847,0.02432,Apollo,0,2020,2037-08-20
NEO-101047,(NEO-101047) 2022 QM12,0.2346,6.56,0.223564,33444722.6,18.71,0.2378,2.3605,18.75,1324.6,1.7992,2.9218,0.236744,Atira,0,2022,2039-12-14
NEO-100906,(NEO-100906) 1990 JJ51,1.9844,12.69,0.075563,11304056.7,13.43,0.4848,2.3888,9.9,1348.5,1.2307,3.5469,0.07401,Amor,0,1990,2040-07-16
NEO-101487,(NEO-101487) 2007 HO84,1.2721,20.76,0.073451,10988116.3,14.75,0.02,1.9013,2.72,957.6,1.8633,1.9393,0.061979,Atira,0,2007,2027-04-22
NEO-102113,(NEO-102113) 1992 JN45,0.0308,6.94,0.020685,3094503.6,31.5,0.4515,1.0262,13.21,379.7,0.5629,1.4894,0.026792,Apollo,0,1992,2031-04-08
NEO-101008,(NEO-101008) 2008 FP6,0.0746,11.11,0.025981,3886733.2,24.83,0.1145,1.361,3.98,579.9,1.2052,1.5168,0.031638,Amor,0,2008,2039-05-23
NEO-103614,(NEO-103614) 1992 OR24,0.0146,15.18,0.096686,14464042.0,22.92,0.75,1.3921,1.48,599.9,0.348,2.4362,0.079408,Apollo,0,1992,2037-07-02
NEO-102098,(NEO-102098) 2009 XY75,4.8025,8.64,0.124351,18602625.1,11.77,0.4332,2.1137,1.46,1122.5,1.1981,3.0294,0.114549,Amor,0,2009,2042-07-23
PHA-300253,(PHA-300253) 2019 XZ85,0.9855,22.8,0.014021,2097535.0,15.86,0.69,0.8452,8.81,283.8,0.262,1.4284,0.013767,Aten,1,2019,2034-11-07
NEO-102985,(NEO-102985) 2020 HK6,0.0531,22.54,0.000163,24362.2,24.9,0.4305,1.6594,3.1,780.8,0.945,2.3738,0.000203,Apollo,0,2020,2030-08-28
NEO-100362,(NEO-100362) 1999 TT87,0.0121,33.81,0.004419,661122.5,24.42,0.2148,1.0878,0.36,414.4,0.8541,1.3215,0.004313,Apollo,0,1999,2033-04-24
NEO-103717,(NEO-103717) 1996 LK93,0.3567,11.63,0.110617,16548076.5,17.9,0.4661,1.4788,4.59,656.8,0.7894,2.1681,0.081482,Apollo,0,1996,2038-08-24
PHA-300046,(PHA-300046) 2020 NH62,0.3773,28.13,0.001941,290339.1,17.56,0.2248,2.1541,1.05,1154.8,1.6698,2.6384,0.00198,Apollo,1,2020,2035-07-01
NEO-100485,(NEO-100485) 2002 LE85,0.5907,27.09,0.204444,30584349.0,16.61,0.0315,1.6393,11.05,766.6,1.5877,1.6909,0.178298,Atira,0,2002,2040-06-21
PHA-300685,(PHA-300685) 2013 RA38,0.4755,26.6,0.004371,653931.1,16.83,0.82,1.7433,22.85,840.7,0.3138,3.1729,0.003736,Apollo,1,2013,2037-07-22
NEO-101253,(NEO-101253) 2016 TH74,0.0449,12.71,0.002285,341785.9,24.94,0.2453,1.5683,2.05,717.4,1.1835,1.9531,0.001823,Amor,0,2016,2041-09-05
NEO-103092,(NEO-103092) 2019 JX63,0.0221,6.2,0.080307,12013733.5,23.93,0.2914,1.9483,17.32,993.3,1.3805,2.5161,0.084664,Atira,0,2019,2038-05-28
NEO-103195,(NEO-103195) 1999 MN80,0.5208,17.5,0.064981,9721069.3,16.65,0.2508,1.7299,9.3,831.0,1.2961,2.1637,0.056582,Amor,0,1999,2037-05-27
NEO-100709,(NEO-100709) 1993 NH20,0.0027,12.53,0.010634,1590891.2,23.84,0.1445,2.0636,3.16,1082.7,1.7653,2.3619,0.011683,Atira,0,1993,2027-02-14
NEO-101695,(NEO-101695) 2011 LW42,0.1263,13.85,0.311353,46577728.9,23.45,0.4142,1.3843,14.97,594.9,0.811,1.9577,0.307857,Apollo,0,2011,2036-08-20
NEO-103611,(NEO-103611) 2008 BM62,0.4192,9.54,0.101147,15131408.3,17.72,0.55,1.6631,11.57,783.4,0.7484,2.5778,0.074149,Apollo,0,2008,2029-08-09
PHA-300672,(PHA-300672) 1998 XE87,0.3247,18.25,0.025426,3803651.5,18.11,0.551,2.2816,22.49,1258.8,1.0245,3.5388,0.021693,Apollo,1,1998,2044-08-24
NEO-101497,(NEO-101497) 2018 ZX73,0.048,17.72,0.086777,12981675.2,26.05,0.1885,1.5001,14.01,671.1,1.2174,1.7828,0.108789,Amor,0,2018,2028-02-14
NEO-102330,(NEO-102330) 2004 VG76,0.0581,28.56,0.000229,34245.8,22.4,0.3999,1.3099,15.91,547.6,0.7861,1.8338,0.000242,Apollo,0,2004,2030-09-08
NEO-103286,(NEO-103286) 2023 HP9,0.0183,19.18,0.003236,484151.1,22.5,0.4099,1.8294,6.56,903.8,1.0796,2.5792,0.003154,Amor,0,2023,2042-05-27
NEO-102444,(NEO-102444) 2001 UB22,0.023,10.85,0.043443,6498929.2,25.04,0.6238,0.8602,0.55,291.4,0.3236,1.3967,0.034985,Aten,0,2001,2044-01-23
NEO-101839,(NEO-101839) 1998 FG13,0.0371,30.72,0.077405,11579663.3,23.07,0.3207,1.9868,4.57,1022.8,1.3497,2.6238,0.086383,Atira,0,1998,2043-09-09
PHA-300276,(PHA-300276) 2018 DD82,0.6305,21.89,0.022344,3342611.0,16.67,0.346,1.7968,3.05,879.7,1.1752,2.4184,0.020385,Apollo,1,2018,2042-06-13
NEO-100998,(NEO-100998) 2025 UU16,0.0312,23.57,0.078838,11794037.2,22.42,0.7,2.0176,15.45,1046.7,0.6053,3.4299,0.064597,Apollo,0,2025,2029-08-05
NEO-101440,(NEO-101440) 1994 MQ35,1.0753,9.63,0.349919,52347144.8,15.86,0.55,2.1251,20.54,1131.5,0.9563,3.294,0.259659,Apollo,0,1994,2040-07-10
NEO-101983,(NEO-101983) 2013 JD76,0.0643,8.7,0.016771,2508856.1,29.57,0.6318,1.8571,2.34,924.3,0.6837,3.0304,0.02039,Apollo,0,2013,2029-08-07
NEO-100690,(NEO-100690) 2019 UP20,1.6689,11.63,0.146563,21925557.6,14.98,0.55,1.6598,11.07,781.0,0.7469,2.5726,0.131434,Apollo,0,2019,2035-06-20
NEO-102436,(NEO-102436) 2006 PV42,0.0074,18.26,0.002134,319199.8,22.34,0.3035,0.8512,7.25,286.9,0.5929,1.1096,0.002166,Aten,0,2006,2037-04-02
NEO-100597,(NEO-100597) 2000 GL16,0.0786,23.45,0.026856,4017663.8,22.34,0.1218,0.7989,5.16,260.8,0.7016,0.8963,0.025379,Atira,0,2000,2032-09-07
NEO-103082,(NEO-103082) 2011 HQ49,0.4426,12.63,0.115813,17325449.2,17.64,0.2086,1.9012,28.15,957.5,1.5046,2.2978,0.146605,Atira,0,2011,2039-03-24
PHA-300726,(PHA-300726) 2016 SQ2,0.4737,20.02,0.001193,178487.9,17.18,0.62,0.8614,3.89,292.0,0.3273,1.3955,0.000796,Aten,1,2016,2044-02-25
NEO-103798,(NEO-103798) 2023 ND82,0.0383,17.14,0.043293,6476493.1,28.04,0.1505,1.2516,15.57,511.4,1.0633,1.4399,0.03441,Amor,0,2023,2041-06-10
PHA-300326,(PHA-300326) 2000 KS76,0.334,22.35,0.007431,1111676.2,18.27,0.6611,1.9175,3.99,969.8,0.6499,3.1852,0.006937,Apollo,1,2000,2040-01-16
NEO-101412,(NEO-101412) 2019 XO98,0.002,5.35,0.10439,15616519.7,23.58,0.4043,1.3178,8.55,552.5,0.785,1.8505,0.109002,Apollo,0,2019,2044-06-14
NEO-103260,(NEO-103260) 2003 NN95,0.0234,10.8,0.111362,16659480.6,23.76,0.6055,1.6639,8.49,783.9,0.6564,2.6713,0.124323,Apollo,0,2003,2041-11-06
NEO-102411,(NEO-102411) 2004 KZ50,0.0276,21.84,0.042426,6346867.9,23.09,0.2936,1.8531,13.39,921.4,1.3091,2.3971,0.042079,Atira,0,2004,2025-04-05
NEO-103406,(NEO-103406) 2023 SK32,0.0252,13.1,0.000965,144400.9,22.96,0.1376,0.8411,8.62,281.8,0.7254,0.9569,0.001204,Atira,0,2023,2031-11-20
NEO-100247,(NEO-100247) 2000 NF9,0.0825,18.65,0.025055,3748104.9,24.35,0.6855,1.416,37.42,615.4,0.4453,2.3867,0.025616,Apollo,0,2000,2026-02-05
NEO-101321,(NEO-101321) 2012 YA94,1.3766,18.72,0.235035,35160786.6,14.87,0.3712,1.9255,8.58,975.9,1.2107,2.6403,0.249024,Amor,0,2012,2035-07-23
NEO-103181,(NEO-103181) 1991 JO64,0.0291,21.51,0.444214,66453509.7,22.87,0.4067,1.6157,1.54,750.1,0.9586,2.2727,0.351311,Apollo,0,1991,2029-11-11
NEO-101322,(NEO-101322) 2002 GS66,0.2044,10.55,0.088456,13232813.0,19.45,0.4075,2.3575,6.59,1322.1,1.3968,3.3182,0.075936,Atira,0,2002,2025-08-11
NEO-103121,(NEO-103121) 2025 LD98,0.0102,22.66,0.220005,32912281.3,23.44,0.2692,1.7509,7.12,846.2,1.2796,2.2222,0.216008,Amor,0,2025,2028-12-03
NEO-103010,(NEO-103010) 1994 OX80,0.1031,21.86,0.032322,4835281.9,29.04,0.4354,1.0676,1.24,402.9,0.6027,1.5325,0.034905,Apollo,0,1994,2044-10-14
NEO-102823,(NEO-102823) 2019 XS5,0.0109,6.29,0.005208,779073.7,25.41,0.3062,0.9208,5.67,322.7,0.6388,1.2028,0.006735,Aten,0,2019,2039-09-10
NEO-102313,(NEO-102313) 2011 SG64,0.0688,7.54,0.128547,19230394.5,23.06,0.2129,1.894,0.2,952.0,1.4907,2.2973,0.165258,Atira,0,2011,2039-02-11
PHA-300488,(PHA-300488) 2012 CS30,0.229,14.54,0.007498,1121682.0,18.43,0.7856,1.4504,7.85,638.0,0.3109,2.5899,0.007014,Apollo,1,2012,2037-09-12
NEO-103350,(NEO-103350) 1999 WL26,0.0192,11.41,0.024113,3607278.8,29.81,0.4624,0.7,4.7,213.9,0.3763,1.0237,0.027436,Aten,0,1999,2025-05-03
NEO-101078,(NEO-101078) 1992 RO10,0.0196,23.58,0.03527,5276379.9,25.22,0.1369,2.1211,23.13,1128.3,1.8307,2.4116,0.040564,Atira,0,1992,2028-10-10
NEO-103411,(NEO-103411) 1999 VB23,2.1758,17.68,0.279129,41757170.8,13.76,0.4172,2.2531,6.62,1235.2,1.3131,3.193,0.351859,Atira,0,1999,2027-04-01
NEO-103413,(NEO-103413) 2010 AE54,0.0365,25.82,0.008084,1209338.3,28.61,0.4415,1.5993,8.3,738.7,0.8933,2.3053,0.009385,Apollo,0,2010,2043-02-07
NEO-101043,(NEO-101043) 2002 HN52,0.5512,10.67,0.243201,36382326.8,16.25,0.3991,1.994,19.09,1028.4,1.1983,2.7898,0.28458,Amor,0,2002,2033-01-12
NEO-102010,(NEO-102010) 2023 CJ29,0.1003,22.76,0.005202,778261.3,22.74,0.416,1.1077,3.14,425.8,0.6468,1.5685,0.004454,Apollo,0,2023,2027-11-14
NEO-102558,(NEO-102558) 1997 AJ50,0.2215,15.11,0.114206,17084978.6,19.1,0.1039,1.6415,8.54,768.2,1.4709,1.8121,0.081483,Atira,0,1997,2029-01-16
NEO-101309,(NEO-101309) 2012 PU82,0.5894,13.72,0.430944,64468375.7,16.15,0.55,2.8383,1.0,1746.5,1.2772,4.3993,0.426084,Amor,0,2012,2027-10-04
NEO-100964,(NEO-100964) 2007 OD40,0.7749,17.5,0.072382,10828130.1,16.35,0.259,1.3508,12.78,573.4,1.001,1.7006,0.066453,Apollo,0,2007,2040-02-14
NEO-100198,(NEO-100198) 1993 QE22,0.13,12.73,0.109379,16362793.6,23.54,0.3281,1.1903,38.59,474.3,0.7997,1.5809,0.114622,Apollo,0,1993,2027-11-25
NEO-103894,(NEO-103894) 2011 SD69,0.0055,11.59,0.314296,47017967.1,25.75,0.2261,2.3266,7.13,1296.2,1.8005,2.8526,0.372191,Atira,0,2011,2033-09-26
NEO-103868,(NEO-103868) 2004 PQ3,0.0027,14.32,0.018659,2791372.9,23.36,0.2076,1.5244,3.77,687.4,1.2079,1.8409,0.015903,Amor,0,2004,2025-04-02
NEO-100922,(NEO-100922) 1990 VN20,0.0076,22.09,0.104382,15615313.7,25.45,0.5282,2.0737,1.61,1090.7,0.9784,3.1691,0.077341,Apollo,0,1990,2042-03-09
NEO-103882,(NEO-103882) 2025 LA39,0.0252,27.09,0.023801,3560587.6,22.36,0.403,1.3832,15.34,594.2,0.8257,1.9408,0.023691,Apollo,0,2025,2039-07-08
NEO-102430,(NEO-102430) 2023 NH51,0.0614,22.45,0.030533,4567726.5,22.79,0.3217,2.2266,27.3,1213.5,1.5102,2.943,0.032094,Atira,0,2023,2028-06-18
PHA-300655,(PHA-300655) 2017 FH55,1.3671,33.52,0.016935,2533412.5,14.68,0.5969,1.3233,7.15,556.0,0.5334,2.1132,0.01758,Apollo,1,2017,2042-03-06
NEO-102829,(NEO-102829) 2010 UF45,0.1128,15.15,0.412125,61653009.0,25.41,0.3791,1.089,6.38,415.1,0.6761,1.5018,0.315571,Apollo,0,2010,2037-08-07
NEO-103083,(NEO-103083) 2017 BU74,0.5926,8.19,0.056256,8415776.9,16.77,0.142,1.197,43.11,478.3,1.027,1.3669,0.052244,Amor,0,2017,2044-12-11
NEO-100193,(NEO-100193) 2021 OZ7,1.1993,6.18,0.172988,25878686.5,15.98,0.3288,1.9761,6.4,1014.6,1.3263,2.6259,0.127387,Atira,0,2021,2042-12-14
NEO-101038,(NEO-101038) 1995 XC32,0.017,8.07,0.03743,5599398.1,25.66,0.6097,2.0258,0.15,1053.2,0.7907,3.261,0.044126,Apollo,0,1995,2032-09-08
NEO-101425,(NEO-101425) 1997 JK7,0.048,18.34,0.28196,42180554.4,22.68,0.6371,0.8,26.97,261.4,0.2903,1.3097,0.206739,Aten,0,1997,2042-07-18
NEO-100383,(NEO-100383) 2025 PA38,0.13,16.54,0.226533,33888923.6,24.36,0.5809,1.2866,7.45,533.0,0.5392,2.034,0.25523,Apollo,0,2025,2029-05-09
NEO-101947,(NEO-101947) 1995 HV21,0.0175,12.63,0.04533,6781240.6,24.58,0.3785,1.1557,6.52,453.8,0.7183,1.5931,0.048279,Apollo,0,1995,2032-11-19
NEO-101122,(NEO-101122) 2006 SH24,1.5409,17.42,0.220229,32945744.0,15.02,0.2597,1.1,3.65,421.4,0.8143,1.3857,0.192318,Apollo,0,2006,2044-04-26
NEO-100708,(NEO-100708) 2025 ST40,0.135,8.72,0.068122,10190831.9,22.7,0.494,1.8535,12.14,921.7,0.938,2.769,0.057108,Apollo,0,2025,2035-10-11
PHA-300235,(PHA-300235) 2012 SE20,0.2755,38.49,0.001541,230456.5,18.6,0.2457,1.4253,9.65,621.5,1.075,1.7755,0.001683,Apollo,1,2012,2026-11-20
NEO-100339,(NEO-100339) 1997 RA12,0.006,22.21,0.300277,44920761.0,24.02,0.4934,1.3611,32.6,580.0,0.6895,2.0327,0.36553,Apollo,0,1997,2036-11-28
PHA-300256,(PHA-300256) 2019 XL6,0.7662,24.44,0.002768,414146.9,16.32,0.2304,1.89,5.1,949.0,1.4545,2.3256,0.001694,Apollo,1,2019,2025-04-14
NEO-103197,(NEO-103197) 2010 EY78,0.0103,6.44,0.079061,11827360.6,23.2,0.1474,0.7,5.54,213.9,0.5968,0.8032,0.077574,Atira,0,2010,2037-12-10
NEO-100290,(NEO-100290) 1999 FP15,0.005,11.65,0.415173,62108974.2,23.72,0.3305,1.3964,40.0,602.7,0.9349,1.8578,0.520137,Apollo,0,1999,2041-02-28
PHA-300053,(PHA-300053) 2006 UE37,1.0104,11.0,0.05,7479893.5,14.73,0.3126,1.2048,21.37,483.0,0.8282,1.5814,0.049,Apollo,1,2006,2041-02-19
NEO-101844,(NEO-101844) 2023 VY49,0.036,11.75,0.020365,3046559.4,25.23,0.5378,2.1624,5.35,1161.4,0.9994,3.3254,0.021881,Apollo,0,2023,2040-11-26
NEO-102138,(NEO-102138) 2012 MO71,0.0156,27.45,0.082079,12278841.6,24.67,0.1403,1.0436,0.39,389.4,0.8972,1.19,0.07431,Apollo,0,2012,2037-10-09
NEO-102767,(NEO-102767) 2000 JE6,0.0035,19.23,0.002078,310913.0,23.66,0.492,1.8081,7.56,888.0,0.9185,2.6978,0.002237,Apollo,0,2000,2042-03-18
NEO-102791,(NEO-102791) 2018 RG46,0.6396,14.14,0.199196,29799362.3,16.09,0.4567,1.9795,0.5,1017.2,1.0754,2.8836,0.17039,Amor,0,2018,2032-08-12
NEO-102989,(NEO-102989) 2025 JU70,0.0167,12.19,0.135518,20273210.4,24.99,0.7,2.3966,16.48,1355.1,0.719,4.0742,0.168524,Apollo,0,2025,2032-03-11
NEO-101530,(NEO-101530) 2024 XV65,0.0096,18.85,0.051824,7752806.1,26.18,0.05,0.7,1.65,213.9,0.665,0.735,0.05337,Atira,0,2024,2035-08-05
NEO-101805,(NEO-101805) 2018 CW53,0.1231,20.69,0.008045,1203557.5,27.66,0.5122,0.7482,3.04,236.4,0.365,1.1314,0.00703,Aten,0,2018,2033-08-10
NEO-101293,(NEO-101293) 2003 FZ49,0.0026,27.05,0.028727,4297488.8,23.53,0.3992,1.4344,16.25,627.5,0.8618,2.007,0.034941,Apollo,0,2003,2038-05-14
NEO-102315,(NEO-102315) 1991 QB21,0.0472,20.22,0.044972,6727673.9,24.25,0.3793,1.5119,2.7,679.0,0.9384,2.0855,0.033743,Apollo,0,1991,2035-11-16
NEO-100943,(NEO-100943) 2006 FP86,0.5565,5.03,0.402786,60256002.1,17.11,0.3492,2.0154,13.61,1045.0,1.3116,2.7192,0.47795,Atira,0,2006,2034-10-09
NEO-100413,(NEO-100413) 2012 MH53,0.1248,8.84,0.043617,6525067.4,22.6,0.2536,1.3901,12.81,598.7,1.0376,1.7427,0.053454,Amor,0,2012,2036-10-21
PHA-300093,(PHA-300093) 2001 YO19,0.1538,24.72,0.005539,828677.3,20.1,0.3948,1.5632,4.0,713.9,0.9461,2.1804,0.005033,Apollo,1,2001,2037-01-28
NEO-101647,(NEO-101647) 2023 PM67,0.0157,12.59,0.085722,12823760.3,22.9,0.4093,0.9678,1.07,347.7,0.5716,1.3639,0.097094,Aten,0,2023,2039-08-26
NEO-101791,(NEO-101791) 1992 VE58,0.002,21.86,0.001487,222407.4,26.98,0.4081,1.8416,0.67,912.8,1.09,2.5932,0.001644,Amor,0,1992,2036-07-21
PHA-300498,(PHA-300498) 1998 FQ52,0.5973,22.67,0.001227,183553.1,16.89,0.15,1.6182,10.37,751.9,1.3755,1.8609,0.000993,Apollo,1,1998,2033-05-25
NEO-101416,(NEO-101416) 2003 JC2,0.15,16.45,0.200039,29925463.2,20.12,0.55,1.8161,55.0,893.9,0.8173,2.815,0.211184,Apollo,0,2003,2025-12-23
NEO-103911,(NEO-103911) 2002 PB33,0.0092,11.62,0.021722,3249603.5,25.04,0.1299,1.4232,2.29,620.1,1.2383,1.6081,0.020953,Amor,0,2002,2025-12-23
NEO-101830,(NEO-101830) 2010 JV22,0.0398,7.54,0.0001,14959.8,24.19,0.0598,1.3398,1.31,566.4,1.2596,1.42,0.0001,Amor,0,2010,2031-08-18
NEO-100041,(NEO-100041) 2008 PH51,0.0237,26.97,0.01076,1609708.8,27.35,0.3514,1.2923,9.06,536.6,0.8382,1.7465,0.00778,Apollo,0,2008,2044-06-05
NEO-101457,(NEO-101457) 2016 VG87,0.049,32.37,0.047313,7077997.0,24.85,0.3178,1.2215,4.23,493.1,0.8333,1.6097,0.053512,Apollo,0,2016,2036-11-22
NEO-100084,(NEO-100084) 2025 SL9,0.0862,22.89,0.200822,30042506.8,23.34,0.186,1.7809,1.48,868.0,1.4496,2.1121,0.26008,Atira,0,2025,2034-08-14
NEO-101085,(NEO-101085) 1990 AK77,0.0281,11.51,0.038377,5741175.7,24.23,0.75,1.403,12.6,607.0,0.3507,2.4552,0.026942,Apollo,0,1990,2040-04-08
NEO-102794,(NEO-102794) 2008 WQ6,0.0117,8.24,0.009232,1381019.4,26.44,0.1178,1.6011,8.62,740.0,1.4125,1.7897,0.011706,Atira,0,2008,2040-03-03
NEO-102730,(NEO-102730) 2007 BC6,0.2641,23.87,0.106639,15953010.2,18.69,0.4283,1.762,5.79,854.3,1.0073,2.5168,0.083874,Apollo,0,2007,2027-02-01
NEO-100011,(NEO-100011) 2019 KG7,0.6859,6.2,0.166232,24867996.9,16.43,0.1872,1.3049,2.93,544.4,1.0606,1.5491,0.131017,Amor,0,2019,2036-06-23
PHA-300348,(PHA-300348) 2016 XE9,0.9199,31.31,0.05,7479893.5,15.01,0.1902,1.1444,0.2,447.2,0.9268,1.3621,0.031238,Apollo,1,2016,2029-05-26
NEO-103211,(NEO-103211) 2010 ZC42,0.0275,5.0,0.291194,43562071.7,23.47,0.2443,1.0205,2.5,376.5,0.7712,1.2698,0.275557,Apollo,0,2010,2042-04-15
PHA-300289,(PHA-300289) 2023 GF16,0.4657,21.66,0.004452,666031.9,18.12,0.3086,1.5533,7.2,707.1,1.074,2.0326,0.003552,Apollo,1,2023,2026-12-17
NEO-100179,(NEO-100179) 1992 ZB86,0.0143,4.0,0.039586,5921984.8,23.97,0.31,1.1114,5.53,428.0,0.7669,1.4559,0.043208,Apollo,0,1992,2042-07-15
PHA-300372,(PHA-300372) 2021 PH79,0.2041,35.1,0.013429,2008971.3,19.25,0.3413,1.8847,1.07,945.0,1.2415,2.5279,0.009224,Apollo,1,2021,2035-09-19
NEO-100117,(NEO-100117) 1990 NB10,0.7357,10.23,0.263399,39403972.7,15.99,0.1977,1.7887,5.83,873.8,1.435,2.1424,0.186294,Atira,0,1990,2030-10-09
NEO-100860,(NEO-100860) 2010 FT14,2.1246,5.17,0.234601,35095780.1,14.92,0.4471,1.3547,8.55,575.9,0.7491,1.9604,0.221367,Apollo,0,2010,2031-05-05
PHA-300751,(PHA-300751) 2022 FQ92,0.2222,11.0,0.036986,5532978.2,18.18,0.2473,0.75,22.73,237.2,0.5645,0.9355,0.027434,Apollo,1,2022,2034-09-26
NEO-100826,(NEO-100826) 2015 YL31,1.8982,18.63,0.192307,28768696.8,14.32,0.2507,1.2001,3.08,480.2,0.8992,1.5011,0.166507,Apollo,0,2015,2034-05-28
NEO-101563,(NEO-101563) 1993 NF93,0.13,25.71,0.046251,6919049.5,25.05,0.5432,1.1278,2.77,437.4,0.5151,1.7404,0.04039,Apollo,0,1993,2038-07-12
NEO-101040,(NEO-101040) 2023 HW1,0.0484,10.53,0.406926,60875310.2,24.37,0.1226,1.7895,3.39,874.3,1.5701,2.0089,0.48558,Atira,0,2023,2042-09-25
NEO-101015,(NEO-101015) 2013 TZ75,0.021,14.92,0.216244,32349651.9,23.57,0.4685,1.8212,5.47,897.7,0.9679,2.6745,0.168592,Apollo,0,2013,2028-02-28
NEO-101016,(NEO-101016) 2014 HD75,0.0032,22.07,0.022297,3335592.9,25.77,0.4725,1.6423,3.64,768.7,0.8663,2.4184,0.024321,Apollo,0,2014,2044-06-27
NEO-102804,(NEO-102804) 2015 RY74,0.005,20.68,0.155744,23298985.3,23.78,0.2435,1.5488,22.43,704.0,1.1717,1.9259,0.129913,Amor,0,2015,2033-11-18
NEO-100578,(NEO-100578) 2012 YN10,0.002,16.65,0.023332,3490411.3,24.8,0.5534,0.7,23.28,213.9,0.3126,1.0874,0.02449,Aten,0,2012,2029-08-08
NEO-103837,(NEO-103837) 2019 VR49,0.3509,19.96,0.203105,30384080.6,17.88,0.1269,2.7199,3.37,1638.4,2.3749,3.065,0.20026,Atira,0,2019,2026-12-25
NEO-103270,(NEO-103270) 2022 JW66,0.0535,17.48,0.01708,2555084.1,23.65,0.2278,1.0705,2.77,404.5,0.8266,1.3143,0.018024,Apollo,0,2022,2028-03-01
NEO-103388,(NEO-103388) 2022 HQ39,0.0314,27.94,0.054811,8199656.5,26.16,0.75,1.6871,8.91,800.4,0.4218,2.9524,0.067922,Apollo,0,2022,2034-02-18
NEO-103161,(NEO-103161) 1990 VM65,0.0336,23.07,0.00103,154153.9,24.11,0.2039,0.7,11.28,213.9,0.5573,0.8427,0.001169,Atira,0,1990,2025-01-06
NEO-100364,(NEO-100364) 1993 OY81,0.7269,11.53,0.094197,14091625.3,16.48,0.1595,1.6194,30.25,752.7,1.3611,1.8777,0.113554,Atira,0,1993,2041-12-01
NEO-101963,(NEO-101963) 2009 OW93,0.0122,15.2,0.010584,1583417.0,22.38,0.5786,0.8851,22.35,304.1,0.373,1.3972,0.013284,Aten,0,2009,2037-06-17
NEO-103456,(NEO-103456) 1994 SK50,0.7329,5.63,0.256157,38320495.5,16.49,0.3799,2.2651,9.62,1245.2,1.4047,3.1255,0.218357,Atira,0,1994,2028-01-02
NEO-102775,(NEO-102775) 2000 DJ58,0.0238,4.0,0.001639,245250.6,23.21,0.0569,1.7386,2.59,837.3,1.6396,1.8375,0.002054,Atira,0,2000,2041-02-21
NEO-102377,(NEO-102377) 2009 YQ12,0.0494,16.68,0.034538,5166768.5,22.5,0.4395,1.7119,5.67,818.1,0.9595,2.4643,0.034732,Apollo,0,2009,2044-04-22
PHA-300098,(PHA-300098) 2008 JP21,0.7139,18.3,0.006777,1013773.0,16.4,0.2545,2.6331,3.63,1560.6,1.963,3.3033,0.007294,Apollo,1,2008,2030-09-13
NEO-103358,(NEO-103358) 2011 DJ55,0.0385,7.07,0.003745,560213.4,22.85,0.4015,1.6469,3.21,772.0,0.9857,2.3081,0.004782,Apollo,0,2011,2025-11-22
NEO-100810,(NEO-100810) 1998 TP53,0.13,18.62,0.368388,55110014.8,24.74,0.5276,1.9292,0.2,978.7,0.9113,2.9471,0.473463,Apollo,0,1998,2035-07-26
PHA-300048,(PHA-300048) 2005 MT54,0.4474,29.29,0.008101,1211835.9,16.84,0.5369,1.3793,1.86,591.6,0.6387,2.1198,0.008753,Apollo,1,2005,2041-04-22
PHA-300066,(PHA-300066) 2024 TC56,0.6402,26.45,0.013259,1983483.6,17.39,0.3206,1.7371,3.86,836.2,1.1802,2.294,0.009538,Apollo,1,2024,2034-04-27
PHA-300786,(PHA-300786) 2025 JV7,0.527,33.97,0.047293,7074902.0,16.67,0.2558,1.3404,0.55,566.8,0.9975,1.6832,0.031237,Apollo,1,2025,2026-02-27
PHA-300358,(PHA-300358) 2020 MB84,0.3949,24.85,0.029135,4358529.2,17.28,0.163,1.7151,14.52,820.4,1.4356,1.9946,0.01993,Apollo,1,2020,2042-06-10
NEO-101262,(NEO-101262) 2000 NN73,0.0103,13.14,0.028962,4332677.7,29.62,0.463,1.3837,16.94,594.5,0.7431,2.0243,0.022791,Apollo,0,2000,2027-07-07
PHA-300775,(PHA-300775) 2023 VQ85,0.9229,39.91,0.001963,293603.8,15.79,0.15,1.4072,8.05,609.7,1.1961,1.6183,0.001617,Apollo,1,2023,2028-10-03
NEO-103248,(NEO-103248) 1992 QS8,0.0723,21.78,0.011003,1646031.7,25.51,0.2199,1.1416,13.73,445.5,0.8906,1.3926,0.008714,Apollo,0,1992,2042-12-14
NEO-100897,(NEO-100897) 1996 BG41,0.0339,18.61,0.141586,21180952.1,23.53,0.4862,1.9843,2.67,1020.9,1.0196,2.9491,0.12516,Amor,0,1996,2033-06-14
NEO-100941,(NEO-100941) 2007 DP12,0.0105,22.77,0.386772,57860284.0,25.16,0.5126,2.1982,3.23,1190.4,1.0714,3.3251,0.450442,Amor,0,2007,2040-11-01
NEO-102127,(NEO-102127) 1992 FG43,0.0943,15.04,0.008082,1209057.3,26.17,0.4629,1.7271,11.43,829.0,0.9277,2.5265,0.008392,Apollo,0,1992,2025-05-26
NEO-102467,(NEO-102467) 2025 EX65,0.0474,10.09,0.014555,2177396.6,23.47,0.4015,1.2897,1.83,535.0,0.7719,1.8076,0.017414,Apollo,0,2025,2033-06-25
NEO-100681,(NEO-100681) 2007 VV62,0.3634,14.63,0.539247,80670216.7,17.73,0.2621,2.3877,2.4,1347.6,1.762,3.0135,0.560029,Atira,0,2007,2027-10-03
PHA-300111,(PHA-300111) 1998 WK90,0.5505,29.07,0.02541,3801297.1,17.04,0.2915,1.955,4.62,998.4,1.3851,2.5249,0.02342,Apollo,1,1998,2034-08-22
NEO-103043,(NEO-103043) 2000 CN55,0.15,14.51,0.125436,18765032.4,20.04,0.1786,2.0657,24.55,1084.4,1.6968,2.4346,0.099409,Atira,0,2000,2040-12-13
NEO-101398,(NEO-101398) 2024 WZ45,0.7859,16.17,0.306619,45869602.0,15.91,0.2978,1.5159,7.07,681.7,1.0645,1.9673,0.358474,Amor,0,2024,2043-08-04
NEO-102566,(NEO-102566) 1996 VX46,0.0214,17.66,0.006983,1044578.0,28.81,0.5699,1.444,4.18,633.8,0.6211,2.267,0.007476,Apollo,0,1996,2037-09-03
NEO-100086,(NEO-100086) 2002 EF98,0.3902,19.23,0.102808,15379860.9,17.45,0.0387,1.4223,22.78,619.6,1.3672,1.4774,0.084048,Atira,0,2002,2026-08-01
PHA-300114,(PHA-300114) 2022 WN33,1.5071,20.98,0.009494,1420355.2,14.3,0.2699,1.5677,1.94,717.0,1.1446,1.9909,0.007416,Apollo,1,2022,2042-03-13
NEO-101111,(NEO-101111) 2025 NV90,0.0386,10.13,0.020645,3088382.5,24.13,0.2184,0.7,14.03,213.9,0.5471,0.8529,0.020337,Atira,0,2025,2033-01-28
NEO-100433,(NEO-100433) 2003 EU88,0.007,17.21,0.03544,5301770.2,24.47,0.233,2.3228,9.17,1293.0,1.7816,2.864,0.036876,Atira,0,2003,2036-11-27
NEO-103040,(NEO-103040) 2009 PF1,0.0907,13.28,0.378614,56639812.7,25.22,0.5204,1.061,2.39,399.2,0.5089,1.6131,0.342597,Apollo,0,2009,2026-05-20
NEO-102583,(NEO-102583) 2015 LB29,2.1551,21.27,0.245957,36794711.4,14.0,0.2432,1.8326,20.06,906.1,1.3869,2.2782,0.319361,Atira,0,2015,2041-09-02
NEO-102326,(NEO-102326) 2005 DF33,0.0131,15.65,0.001442,215762.2,23.84,0.5947,1.3794,1.3,591.7,0.559,2.1997,0.0013,Apollo,0,2005,2028-11-18
NEO-100354,(NEO-100354) 2013 TL40,1.5795,9.68,0.352424,52721930.1,14.36,0.2529,1.1,7.96,421.4,0.8218,1.3782,0.425458,Apollo,0,2013,2044-10-04
NEO-102407,(NEO-102407) 2010 YU52,0.3468,12.56,0.070986,10619367.7,18.39,0.2851,1.2416,5.89,505.3,0.8876,1.5956,0.064844,Apollo,0,2010,2038-07-18
NEO-103841,(NEO-103841) 1996 TF83,0.0607,20.2,0.122199,18280710.7,24.62,0.5225,1.4093,3.25,611.1,0.673,2.1456,0.131442,Apollo,0,1996,2034-05-25
PHA-300432,(PHA-300432) 2003 SR95,0.4197,42.63,0.012957,1938358.4,17.03,0.15,1.5122,5.4,679.2,1.2854,1.739,0.010079,Apollo,1,2003,2025-05-19
NEO-103212,(NEO-103212) 1997 BW30,0.1685,12.11,0.127674,19099720.5,19.17,0.2462,1.8706,6.02,934.5,1.4102,2.3311,0.095682,Atira,0,1997,2040-12-14
NEO-102292,(NEO-102292) 2008 UA18,0.4578,12.49,0.140857,21071960.6,17.14,0.3744,2.0013,10.37,1034.1,1.2521,2.7505,0.149078,Amor,0,2008,2037-12-20
NEO-100101,(NEO-100101) 2020 RX77,0.15,8.61,0.129565,19382701.6,20.43,0.4961,1.4352,3.2,628.0,0.7232,2.1472,0.099656,Apollo,0,2020,2033-08-13
NEO-101097,(NEO-101097) 2013 FP55,0.0269,22.01,0.050953,7622480.3,25.76,0.6113,1.4916,10.1,665.4,0.5798,2.4035,0.036751,Apollo,0,2013,2029-09-14
NEO-101929,(NEO-101929) 2000 BK21,0.0295,11.3,0.017052,2550903.1,22.71,0.3685,1.6508,12.59,774.7,1.0426,2.2591,0.01966,Amor,0,2000,2041-05-08
NEO-100587,(NEO-100587) 2002 OQ57,0.0061,14.44,0.027106,4055016.5,23.0,0.5781,0.9286,7.84,326.8,0.3918,1.4654,0.021867,Aten,0,2002,2038-10-02
NEO-103062,(NEO-103062) 2002 DS29,0.0327,20.33,0.073528,10999612.5,26.51,0.3633,1.3397,2.35,566.4,0.853,1.8264,0.07668,Apollo,0,2002,2036-08-15
NEO-100721,(NEO-100721) 2021 RT45,0.0343,13.73,0.017233,2577982.3,22.27,0.4254,1.6732,5.66,790.5,0.9615,2.385,0.014727,Apollo,0,2021,2034-11-17
NEO-101140,(NEO-101140) 1996 WX76,0.0086,27.19,0.000781,116867.4,23.47,0.202,1.7124,7.11,818.5,1.3666,2.0583,0.00101,Atira,0,1996,2028-06-23
NEO-100403,(NEO-100403) 2007 FP95,0.055,17.58,0.012716,1902260.0,23.21,0.256,1.7147,2.28,820.1,1.2757,2.1537,0.014609,Amor,0,2007,2032-12-23
NEO-102529,(NEO-102529) 2015 BK70,0.0105,27.32,0.002388,357189.6,27.78,0.5755,1.1327,1.44,440.3,0.4808,1.7846,0.002187,Apollo,0,2015,2028-04-04
NEO-103284,(NEO-103284) 2010 WP41,0.003,15.83,0.027414,4101074.9,28.43,0.2066,1.2321,33.65,499.5,0.9775,1.4867,0.03024,Apollo,0,2010,2030-06-11
NEO-102295,(NEO-102295) 2011 SB1,2.2825,18.97,0.117965,17647278.4,14.3,0.2584,1.1,3.29,421.4,0.8157,1.3843,0.107163,Apollo,0,2011,2035-06-09
PHA-300314,(PHA-300314) 2022 CW27,0.9027,18.03,0.012639,1890840.6,15.62,0.3395,1.1255,8.0,436.1,0.7433,1.5076,0.013069,Apollo,1,2022,2026-07-04
NEO-102050,(NEO-102050) 2004 PM98,0.0024,17.02,0.029189,4366646.5,31.1,0.3646,1.7893,23.15,874.2,1.137,2.4416,0.026899,Amor,0,2004,2040-09-26
NEO-100915,(NEO-100915) 2003 WO22,0.0298,10.22,0.010428,1559994.9,23.47,0.2108,0.9389,23.69,332.3,0.741,1.1368,0.007862,Aten,0,2003,2031-11-17
NEO-100851,(NEO-100851) 2002 RM42,0.0359,21.43,0.009967,1491105.2,26.27,0.5068,1.2277,9.51,496.8,0.6055,1.8499,0.009119,Apollo,0,2002,2034-08-18
NEO-102250,(NEO-102250) 2007 PA33,2.8181,12.03,0.087041,13021097.8,13.55,0.2507,1.347,9.48,571.0,1.0094,1.6847,0.073216,Apollo,0,2007,2043-07-25
NEO-103187,(NEO-103187) 2006 QB80,0.0117,18.95,0.018095,2706968.3,22.55,0.1961,0.8702,6.72,296.5,0.6996,1.0409,0.020156,Aten,0,2006,2025-09-16
NEO-100674,(NEO-100674) 1999 PK26,1.2952,21.76,0.209418,31328490.9,14.87,0.3327,2.1063,4.32,1116.5,1.4055,2.8071,0.218288,Atira,0,1999,2027-10-27
NEO-100678,(NEO-100678) 1991 YV95,0.0063,6.29,0.0001,14959.8,22.47,0.2501,1.1883,10.32,473.1,0.891,1.4855,0.0001,Apollo,0,1991,2043-06-23
NEO-100182,(NEO-100182) 2002 RP90,0.0619,26.48,0.005568,832987.4,22.35,0.1274,1.6017,10.34,740.4,1.3976,1.8057,0.005564,Atira,0,2002,2036-07-19
NEO-103323,(NEO-103323) 2009 XP90,0.0922,12.67,0.028605,4279244.6,25.05,0.3118,0.7783,12.93,250.8,0.5356,1.0211,0.023215,Aten,0,2009,2031-05-04
NEO-102290,(NEO-102290) 2003 SE92,0.266,19.42,0.107603,16097106.9,18.24,0.5011,2.2145,4.75,1203.6,1.1047,3.3242,0.094023,Amor,0,2003,2035-10-08
NEO-102452,(NEO-102452) 1997 SJ89,0.13,16.3,0.272441,40756608.9,23.0,0.3258,1.3713,8.39,586.5,0.9246,1.8181,0.230276,Apollo,0,1997,2033-03-27
NEO-100643,(NEO-100643) 1990 JK66,0.002,15.34,0.020036,2997283.1,25.1,0.4434,1.58,4.73,725.4,0.8795,2.2804,0.017146,Apollo,0,1990,2038-02-07
NEO-100401,(NEO-100401) 2008 ZY32,0.0137,20.54,0.004138,619076.9,23.05,0.3046,0.96,5.34,343.5,0.6676,1.2523,0.004872,Aten,0,2008,2038-02-09
NEO-101299,(NEO-101299) 2017 FS94,0.6064,14.62,0.07063,10566104.6,16.56,0.1575,2.252,6.23,1234.4,1.8974,2.6066,0.069584,Atira,0,2017,2027-06-23
NEO-101020,(NEO-101020) 2017 OM13,0.5012,13.7,0.189436,28339262.9,17.35,0.1881,1.3051,36.9,544.6,1.0596,1.5506,0.187468,Amor,0,2017,2029-11-02
NEO-100392,(NEO-100392) 2025 GP75,0.0574,13.85,0.067587,10110923.1,22.51,0.1639,1.1966,5.51,478.1,1.0005,1.3928,0.060794,Apollo,0,2025,2031-05-16
NEO-103025,(NEO-103025) 2017 DQ22,0.0276,6.74,0.09329,13955975.0,24.66,0.05,1.6414,3.76,768.1,1.5593,1.7235,0.097536,Atira,0,2017,2038-11-25
PHA-300410,(PHA-300410) 2022 TU81,1.0566,22.34,0.000736,110117.7,15.58,0.4196,2.5754,3.18,1509.6,1.4947,3.6561,0.000657,Apollo,1,2022,2033-12-11
NEO-102785,(NEO-102785) 2024 LD77,0.0585,13.56,0.03132,4685479.8,22.37,0.5495,1.5706,19.63,718.9,0.7076,2.4336,0.033251,Apollo,0,2024,2032-02-03
433,433 Eros (1898 DQ),16.84,5.48,0.178,26630000.0,11.16,0.223,1.458,10.83,643.2,1.133,1.783,0.149,Amor,0,1898,2012-01-31
NEO-100108,(NEO-100108) 2012 AB91,0.7531,14.87,0.143129,21411748.9,16.38,0.3174,1.1149,4.29,430.0,0.761,1.4687,0.173121,Apollo,0,2012,2041-05-23
PHA-300429,(PHA-300429) 1999 OR35,3.3666,27.17,0.05,7479893.5,13.0,0.4078,1.1578,18.0,455.0,0.6857,1.6299,0.042003,Apollo,1,1999,2030-05-09
NEO-100489,(NEO-100489) 1991 XV72,0.8662,15.34,0.237851,35582023.3,15.84,0.4536,2.1437,15.88,1146.4,1.1712,3.1162,0.250972,Amor,0,1991,2036-04-15
PHA-300668,(PHA-300668) 2014 HO68,0.3296,18.9,0.011421,1708603.4,17.52,0.6006,0.947,25.46,336.6,0.3783,1.5158,0.010755,Aten,1,2014,2037-07-10
NEO-102314,(NEO-102314) 2016 TS73,1.4598,26.05,0.063207,9455609.3,14.88,0.3804,1.9618,3.44,1003.6,1.2156,2.7079,0.074246,Amor,0,2016,2043-11-24
NEO-100785,(NEO-100785) 2017 UV28,0.0622,19.98,0.106635,15952351.9,23.15,0.2933,1.4209,7.83,618.7,1.0041,1.8377,0.094855,Apollo,0,2017,2034-07-28
NEO-101300,(NEO-101300) 1997 WX21,0.0306,12.51,0.00708,1059102.2,25.22,0.3366,1.4579,1.18,643.0,0.9671,1.9487,0.009113,Apollo,0,1997,2032-05-08
NEO-103627,(NEO-103627) 2006 EM58,0.0191,13.3,0.035395,5295075.6,22.77,0.1401,1.4714,12.04,651.9,1.2652,1.6776,0.027985,Amor,0,2006,2034-07-19
NEO-103008,(NEO-103008) 1995 CS85,0.0887,26.3,0.013825,2068168.8,24.77,0.3597,1.5293,10.2,690.7,0.9791,2.0794,0.017434,Apollo,0,1995,2026-09-23
NEO-103877,(NEO-103877) 2001 XH97,0.258,14.97,0.117548,17584992.9,19.16,0.2588,2.4405,1.27,1392.5,1.8089,3.0721,0.11349,Atira,0,2001,2025-07-07
NEO-103327,(NEO-103327) 2024 BL56,0.15,15.2,0.059972,8971634.1,19.61,0.4869,1.1397,9.3,444.4,0.5848,1.6946,0.068288,Apollo,0,2024,2042-06-28
NEO-101460,(NEO-101460) 2016 XB98,0.13,13.14,0.072821,10893808.0,22.6,0.326,1.3695,0.92,585.4,0.9231,1.816,0.066716,Apollo,0,2016,2025-09-24
NEO-101555,(NEO-101555) 2024 YW7,0.3868,6.32,0.164224,24567579.6,17.77,0.4243,1.2481,6.99,509.3,0.7185,1.7776,0.193918,Apollo,0,2024,2036-08-15
NEO-103779,(NEO-103779) 1999 QR95,0.0149,12.71,0.002228,333306.3,31.5,0.2289,1.3163,34.49,551.6,1.0149,1.6176,0.001743,Apollo,0,1999,2036-02-15
NEO-103257,(NEO-103257) 2006 UL23,0.13,18.09,0.193387,28930310.9,24.37,0.2281,1.2673,4.87,521.1,0.9783,1.5564,0.250788,Apollo,0,2006,2041-02-01
NEO-101644,(NEO-101644) 2006 LX4,0.0296,10.11,0.240028,35907603.9,24.63,0.3028,1.2538,0.2,512.8,0.8741,1.6334,0.290748,Apollo,0,2006,2029-11-15
PHA-300184,(PHA-300184) 1996 WL58,0.2319,23.53,0.012159,1818948.0,18.51,0.7096,1.2281,0.69,497.1,0.3566,2.0996,0.008424,Apollo,1,1996,2042-07-03
NEO-100650,(NEO-100650) 1994 YG71,0.0338,11.8,0.036794,5504320.3,22.88,0.2423,0.88,12.04,301.5,0.6668,1.0932,0.030716,Aten,0,1994,2031-05-04
NEO-103052,(NEO-103052) 1991 BE22,2.6466,10.16,0.183134,27396458.1,13.43,0.55,2.0001,29.16,1033.2,0.9,3.1001,0.13262,Apollo,0,1991,2027-07-28
NEO-100387,(NEO-100387) 1994 GW95,0.5835,19.43,0.129681,19400031.2,16.84,0.1385,1.9974,40.31,1031.1,1.7209,2.274,0.108581,Atira,0,1994,2040-08-17
NEO-101488,(NEO-101488) 1998 WQ51,0.0798,21.7,0.046622,6974492.7,24.61,0.4955,1.9926,5.95,1027.3,1.0053,2.9799,0.04148,Apollo,0,1998,2041-10-28
NEO-102928,(NEO-102928) 2005 OA66,0.6318,18.32,0.117618,17595465.7,16.75,0.3818,1.9547,4.45,998.2,1.2084,2.701,0.09072,Amor,0,2005,2025-08-13
NEO-103598,(NEO-103598) 1998 BB54,0.0313,17.86,0.054693,8182012.0,23.08,0.6419,0.9811,20.91,354.9,0.3513,1.6109,0.054724,Aten,0,1998,2032-04-02
NEO-101704,(NEO-101704) 2016 AT25,0.0206,13.51,0.0719,10756148.9,26.06,0.3882,1.5619,7.44,713.0,0.9556,2.1682,0.081835,Apollo,0,2016,2032-11-03
NEO-101254,(NEO-101254) 2006 SC92,0.0057,19.43,0.015201,2273986.0,23.07,0.4243,1.3308,4.1,560.7,0.7661,1.8955,0.011577,Apollo,0,2006,2029-03-11
NEO-103226,(NEO-103226) 1992 QQ33,0.6722,12.71,0.459543,68746677.3,16.4,0.55,1.3461,5.01,570.4,0.6057,2.0864,0.527416,Apollo,0,1992,2034-01-26
NEO-100306,(NEO-100306) 2015 LK3,0.0741,24.41,0.080462,12036895.1,23.67,0.4739,2.1276,1.01,1133.5,1.1192,3.136,0.063413,Amor,0,2015,2029-09-19
NEO-100637,(NEO-100637) 1995 PG70,0.0206,14.49,0.039874,5965110.0,23.35,0.4741,1.5644,0.17,714.7,0.8227,2.306,0.029478,Apollo,0,1995,2041-02-22
PHA-300266,(PHA-300266) 1997 EK13,0.8647,13.69,0.007937,1187357.4,15.78,0.3227,2.3554,4.63,1320.4,1.5953,3.1155,0.006246,Apollo,1,1997,2029-07-25
NEO-103827,(NEO-103827) 2004 FK78,0.0096,9.26,0.004777,714586.5,29.81,0.2632,1.0073,4.04,369.3,0.7422,1.2724,0.005996,Apollo,0,2004,2037-10-12
NEO-103220,(NEO-103220) 1997 FF59,0.4705,17.61,0.364678,54555002.7,16.82,0.55,2.5213,1.5,1462.2,1.1346,3.9079,0.291413,Amor,0,1997,2038-05-21
NEO-103114,(NEO-103114) 1999 OZ11,0.002,15.48,0.031446,4704206.9,23.92,0.3101,1.4742,6.02,653.8,1.017,1.9313,0.028241,Amor,0,1999,2038-05-22
NEO-100478,(NEO-100478) 1994 XY39,0.0424,17.02,0.233923,34994434.2,23.54,0.3756,1.3375,0.71,565.0,0.8352,1.8398,0.293099,Apollo,0,1994,2025-09-11
NEO-101980,(NEO-101980) 1993 MT19,0.2271,25.56,0.122958,18394211.1,18.88,0.2736,1.6462,32.12,771.4,1.1958,2.0965,0.09127,Amor,0,1993,2030-08-23
PHA-300212,(PHA-300212) 2009 NG28,0.3029,11.0,0.016355,2446635.5,18.39,0.6396,1.2251,2.17,495.3,0.4415,2.0087,0.012597,Apollo,1,2009,2032-03-20
NEO-103655,(NEO-103655) 2011 EK23,0.0302,26.85,0.04063,6078170.5,23.03,0.3445,1.4634,3.56,646.6,0.9592,1.9675,0.040464,Apollo,0,2011,2032-05-08
NEO-100870,(NEO-100870) 1992 GC40,0.4349,16.8,0.105118,15725448.3,17.36,0.2427,1.8088,3.59,888.5,1.3698,2.2477,0.088831,Atira,0,1992,2025-12-04
PHA-300563,(PHA-300563) 2017 YC29,0.1914,17.72,0.005161,772130.5,19.37,0.6798,1.2229,2.07,494.0,0.3916,2.0542,0.004753,Apollo,1,2017,2026-06-21
NEO-100412,(NEO-100412) 2019 VE31,0.0638,24.21,0.003585,536291.8,25.18,0.3475,0.7,1.71,213.9,0.4568,0.9432,0.003187,Atira,0,2019,2044-09-25
NEO-103508,(NEO-103508) 2010 EA58,0.2625,9.1,0.157836,23611975.9,18.35,0.2538,2.006,13.79,1037.7,1.4969,2.5151,0.114027,Atira,0,2010,2034-01-19
NEO-103420,(NEO-103420) 2018 CH18,0.0219,19.73,0.004047,605465.5,25.62,0.5517,1.3252,2.25,557.2,0.5942,2.0563,0.005003,Apollo,0,2018,2038-02-10
NEO-100510,(NEO-100510) 2018 KE75,0.0241,27.67,0.238614,35696195.7,23.81,0.4956,1.4269,3.16,622.6,0.7198,2.1341,0.252346,Apollo,0,2018,2027-04-13
NEO-101479,(NEO-101479) 2002 XE5,0.066,18.64,0.018899,2827248.8,22.34,0.446,2.3918,35.5,1351.0,1.3251,3.4584,0.021642,Atira,0,2002,2041-01-15
PHA-300408,(PHA-300408) 2019 OJ98,0.8909,30.64,0.029169,4363658.2,15.84,0.7403,1.2851,4.92,532.1,0.3337,2.2365,0.024147,Apollo,1,2019,2034-01-07
NEO-101999,(NEO-101999) 2020 PX75,0.1047,8.94,0.229451,34325348.4,24.07,0.3717,1.4999,14.42,670.9,0.9423,2.0575,0.251765,Apollo,0,2020,2038-06-22
NEO-100280,(NEO-100280) 2004 QA59,0.2202,12.08,0.09867,14760769.4,19.38,0.148,1.869,15.29,933.3,1.5924,2.1457,0.103236,Atira,0,2004,2044-12-04
PHA-300247,(PHA-300247) 2005 RG11,0.5187,11.0,0.028093,4202642.8,17.37,0.1904,1.7969,1.73,879.8,1.4548,2.139,0.017714,Apollo,1,2005,2041-03-16
PHA-300285,(PHA-300285) 2022 WA75,0.4089,19.34,0.004959,741842.5,17.62,0.4825,1.1242,0.2,435.4,0.5817,1.6667,0.004175,Apollo,1,2022,2033-04-17
NEO-103484,(NEO-103484) 2002 PC64,0.0375,19.59,0.039645,5930817.9,31.5,0.5161,1.1841,7.04,470.6,0.573,1.7952,0.050544,Apollo,0,2002,2036-03-07
NEO-101991,(NEO-101991) 2016 AL17,0.0124,19.89,0.016329,2442842.0,22.84,0.6303,1.3745,5.07,588.6,0.5082,2.2408,0.017143,Apollo,0,2016,2028-10-12
NEO-101275,(NEO-101275) 1994 VY86,0.0386,16.76,0.00542,810834.2,27.44,0.3708,1.2531,5.69,512.3,0.7885,1.7177,0.00481,Apollo,0,1994,2043-05-04
NEO-102789,(NEO-102789) 2016 BM76,0.9124,4.73,0.07951,11894564.3,16.03,0.3417,2.0798,3.0,1095.5,1.3692,2.7904,0.080981,Atira,0,2016,2025-03-04
NEO-103341,(NEO-103341) 2015 SD92,0.8343,13.54,0.093981,14059427.3,16.02,0.55,2.4698,5.96,1417.7,1.1114,3.8282,0.067115,Amor,0,2015,2025-05-11
NEO-101080,(NEO-101080) 2018 SU65,0.135,20.15,0.042274,6324100.3,26.12,0.7415,1.5518,9.58,706.1,0.4011,2.7025,0.033266,Apollo,0,2018,2029-01-22
NEO-100799,(NEO-100799) 2003 TY50,0.4822,16.1,0.195737,29281764.0,17.14,0.1387,1.1,7.58,421.4,0.9474,1.2526,0.193792,Apollo,0,2003,2044-07-22
NEO-103386,(NEO-103386) 1993 ET75,0.0095,18.13,0.037999,5684572.4,24.95,0.4379,1.4748,6.85,654.2,0.829,2.1206,0.044726,Apollo,0,1993,2040-03-17
NEO-100739,(NEO-100739) 2012 ZH18,0.0396,12.51,0.055032,8232679.9,23.17,0.3155,1.4973,12.95,669.2,1.0249,1.9697,0.071472,Amor,0,2012,2028-05-24
NEO-103571,(NEO-103571) 2003 MC8,0.0779,14.78,0.086623,12958592.8,22.96,0.6956,1.1135,4.45,429.2,0.3389,1.8881,0.065527,Apollo,0,2003,2032-09-19
NEO-103783,(NEO-103783) 2004 GJ32,0.0282,24.86,0.018953,2835344.2,25.63,0.6474,1.7516,4.74,846.7,0.6176,2.8855,0.014498,Apollo,0,2004,2041-04-26
PHA-300702,(PHA-300702) 2004 VP40,0.9653,29.29,0.012836,1920189.2,15.16,0.263,1.8229,28.91,898.9,1.3434,2.3024,0.012791,Apollo,1,2004,2026-03-09
NEO-101623,(NEO-101623) 2012 TO91,0.0134,25.68,0.007774,1162990.7,22.86,0.2301,1.4411,24.25,631.8,1.1095,1.7726,0.009977,Amor,0,2012,2032-03-17
NEO-101742,(NEO-101742) 2016 RM30,0.0234,15.65,0.011656,1743664.2,24.33,0.4318,1.3262,0.5,557.8,0.7536,1.8989,0.0146,Apollo,0,2016,2035-10-17
NEO-101049,(NEO-101049) 2005 XF44,0.0224,11.02,0.003672,549389.6,27.31,0.3095,0.7729,24.54,248.2,0.5336,1.0121,0.003932,Aten,0,2005,2037-12-18
NEO-102839,(NEO-102839) 2009 VJ35,0.066,22.5,0.053101,7943841.2,22.63,0.0501,1.1028,11.89,423.0,1.0476,1.158,0.037435,Amor,0,2009,2033-06-13
NEO-100465,(NEO-100465) 2005 BC20,0.0774,17.82,0.013501,2019723.3,27.14,0.3745,1.9606,8.33,1002.7,1.2264,2.6948,0.009577,Amor,0,2005,2029-08-18
PHA-300439,(PHA-300439) 2017 YX82,0.3109,28.87,0.001045,156270.9,18.49,0.7959,1.1448,4.16,447.4,0.2337,2.056,0.000947,Apollo,1,2017,2025-02-24
NEO-102977,(NEO-102977) 2014 ZE75,0.0475,15.55,0.027028,4043370.8,22.71,0.6413,1.1811,4.07,468.9,0.4237,1.9386,0.025667,Apollo,0,2014,2038-07-03
NEO-101581,(NEO-101581) 1990 QS35,0.6101,17.81,0.166627,24927019.3,16.56,0.55,2.1498,12.08,1151.3,0.9674,3.3322,0.170268,Apollo,0,1990,2030-04-06
NEO-100134,(NEO-100134) 2017 NY74,0.2277,19.8,0.144804,21662333.7,19.14,0.1183,2.428,1.08,1381.8,2.1409,2.7151,0.115095,Atira,0,2017,2039-04-05
NEO-103454,(NEO-103454) 2008 BW3,0.0188,14.17,0.015198,2273527.8,25.08,0.3233,0.9134,0.38,318.9,0.6181,1.2088,0.015283,Aten,0,2008,2041-10-07
PHA-300644,(PHA-300644) 2000 KU63,0.14,34.7,0.003319,496507.7,19.73,0.4438,1.4253,1.35,621.5,0.7927,2.0578,0.00298,Apollo,1,2000,2028-01-23
NEO-102752,(NEO-102752) 2020 TU69,0.007,13.73,0.048723,7288785.5,31.5,0.4845,1.8976,7.3,954.8,0.9781,2.8171,0.055176,Apollo,0,2020,2028-01-27
NEO-101443,(NEO-101443) 1995 RH95,0.0189,23.44,0.065005,9724634.3,25.18,0.1659,0.8,4.32,261.4,0.6673,0.9327,0.046427,Atira,0,1995,2043-04-13
NEO-101515,(NEO-101515) 2009 QK83,0.0175,19.08,0.032764,4901416.3,23.52,0.2439,1.6585,13.26,780.1,1.2539,2.0631,0.036966,Amor,0,2009,2029-07-04
NEO-103819,(NEO-103819) 1999 TL78,0.0349,13.28,0.154712,23144626.4,23.07,0.1903,0.9207,4.58,322.7,0.7455,1.0959,0.116888,Aten,0,1999,2026-06-13
NEO-100991,(NEO-100991) 2001 HO62,0.005,14.88,0.025888,3872859.4,24.58,0.3558,1.806,13.45,886.4,1.1634,2.4485,0.030511,Amor,0,2001,2028-05-16
PHA-300401,(PHA-300401) 2003 DX47,0.2076,27.35,0.012588,1883078.8,18.87,0.569,1.491,5.42,665.0,0.6426,2.3394,0.008766,Apollo,1,2003,2032-10-28
NEO-103773,(NEO-103773) 2012 KO61,0.0351,8.7,0.018463,2762094.7,22.63,0.5318,1.2781,8.79,527.8,0.5984,1.9579,0.019318,Apollo,0,2012,2029-12-19
NEO-101407,(NEO-101407) 2020 LP21,0.0236,20.57,0.019804,2962609.7,22.71,0.5914,2.1562,1.74,1156.5,0.8811,3.4314,0.016808,Apollo,0,2020,2041-09-10
NEO-103883,(NEO-103883) 2007 QP95,0.023,15.84,0.049984,7477567.6,29.18,0.1458,1.7285,2.23,830.0,1.4765,1.9805,0.060213,Atira,0,2007,2033-12-15
NEO-103325,(NEO-103325) 1996 BV16,0.0116,11.63,0.060848,9102739.2,23.08,0.2782,1.7593,1.6,852.3,1.2698,2.2487,0.055083,Amor,0,1996,2039-07-03
NEO-102697,(NEO-102697) 2019 YU78,0.0206,21.28,0.00031,46399.3,22.74,0.2596,1.9966,5.88,1030.4,1.4782,2.515,0.000253,Atira,0,2019,2042-02-14
NEO-102052,(NEO-102052) 1990 ZB78,0.1056,15.81,0.308339,46126901.0,23.91,0.6755,1.0798,1.21,409.8,0.3504,1.8092,0.28243,Apollo,0,1990,2032-10-10
NEO-102695,(NEO-102695) 2001 ZE34,0.0656,18.01,0.374137,55970067.4,24.42,0.6042,2.3657,22.69,1329.0,0.9364,3.7949,0.265757,Apollo,0,2001,2026-03-19
NEO-102502,(NEO-102502) 2004 EE2,0.7296,15.96,0.440911,65959411.7,15.74,0.2565,1.3361,24.16,564.1,0.9935,1.6788,0.429366,Apollo,0,2004,2029-05-02
PHA-300420,(PHA-300420) 2025 CP2,0.4607,32.0,0.011994,1794241.8,16.35,0.2389,2.3815,1.33,1342.4,1.8125,2.9505,0.011791,Apollo,1,2025,2032-06-18
NEO-101904,(NEO-101904) 1992 NV39,0.13,17.69,0.048413,7242498.1,23.42,0.5458,1.6335,6.07,762.5,0.7419,2.525,0.059018,Apollo,0,1992,2041-10-11
NEO-100542,(NEO-100542) 2008 MN77,0.002,33.05,0.014605,2184938.0,25.85,0.3228,1.2536,1.18,512.7,0.849,1.6583,0.01302,Apollo,0,2008,2039-12-15
NEO-103374,(NEO-103374) 2016 WN72,0.0559,16.87,0.020443,3058224.6,24.31,0.6273,2.2658,0.76,1245.7,0.8445,3.6871,0.023401,Apollo,0,2016,2044-10-20
NEO-101837,(NEO-101837) 2013 QW87,0.0168,30.85,0.370828,55475080.9,22.21,0.3553,1.442,0.45,632.4,0.9297,1.9542,0.446242,Apollo,0,2013,2027-10-06
NEO-100352,(NEO-100352) 2025 FR82,0.0584,17.21,0.188066,28134330.3,22.93,0.1101,1.0828,22.73,411.5,0.9636,1.202,0.13422,Apollo,0,2025,2032-04-24
NEO-102283,(NEO-102283) 1996 DE46,0.2128,12.16,0.487949,72996156.2,19.13,0.0973,2.65,19.18,1575.6,2.3921,2.9079,0.343807,Atira,0,1996,2035-05-22
NEO-100652,(NEO-100652) 2025 LR56,0.0177,24.35,0.042633,6377787.9,22.37,0.2864,2.0657,0.66,1084.4,1.4741,2.6572,0.042998,Atira,0,2025,2026-02-24
NEO-102115,(NEO-102115) 2002 BP80,0.002,7.98,0.001845,276017.8,22.87,0.2491,1.8666,8.91,931.5,1.4016,2.3316,0.002289,Atira,0,2002,2041-11-18
NEO-102505,(NEO-102505) 2018 LV87,0.0239,10.24,0.006287,940452.7,25.1,0.1452,0.9876,23.37,358.5,0.8442,1.131,0.007838,Aten,0,2018,2044-06-26
PHA-300092,(PHA-300092) 1999 PC92,0.6461,28.79,0.001084,162192.4,16.09,0.4675,0.8415,5.55,282.0,0.4481,1.2349,0.000892,Aten,1,1999,2033-01-11
NEO-103555,(NEO-103555) 1991 RD45,0.13,22.12,0.054674,8179050.7,23.5,0.4962,1.2447,16.11,507.2,0.627,1.8623,0.050877,Apollo,0,1991,2039-03-13
NEO-101968,(NEO-101968) 1996 YU25,0.0893,21.78,0.017283,2585534.3,22.2,0.1858,1.4976,3.93,669.4,1.2193,1.7759,0.015443,Amor,0,1996,2026-08-13
NEO-100439,(NEO-100439) 2021 GO65,0.0887,4.83,0.014931,2233611.4,28.37,0.4586,2.0531,2.15,1074.5,1.1115,2.9948,0.014556,Amor,0,2021,2034-05-12
NEO-101865,(NEO-101865) 1995 VV96,0.0341,24.58,0.362012,54156245.9,22.74,0.6074,2.7394,2.48,1656.1,1.0754,4.4034,0.419008,Amor,0,1995,2032-05-13
NEO-102161,(NEO-102161) 1995 JL5,0.0025,9.75,0.015391,2302481.8,26.0,0.4928,0.9069,0.16,315.4,0.4599,1.3538,0.015024,Aten,0,1995,2042-06-26
NEO-102542,(NEO-102542) 2012 KN53,1.4297,11.6,0.184872,27656481.9,15.16,0.0369,1.2109,7.11,486.7,1.1662,1.2556,0.207116,Amor,0,2012,2039-12-17
NEO-102033,(NEO-102033) 2019 AO45,3.4622,15.44,0.066327,9922386.3,12.93,0.0732,2.5139,11.01,1455.8,2.3299,2.6979,0.054962,Atira,0,2019,2028-10-01
NEO-101737,(NEO-101737) 2000 TZ28,0.0101,21.42,0.014126,2113219.8,23.4,0.5708,0.9513,8.14,338.9,0.4083,1.4943,0.012947,Aten,0,2000,2032-03-15
NEO-102251,(NEO-102251) 1993 WR81,0.0037,5.18,0.044695,6686269.4,24.79,0.7443,1.792,10.89,876.2,0.4582,3.1258,0.047919,Apollo,0,1993,2042-01-03
NEO-102133,(NEO-102133) 2001 JO58,0.0308,30.27,0.004022,601609.8,23.71,0.6118,1.3253,1.06,557.2,0.5144,2.1361,0.002948,Apollo,0,2001,2042-12-12
NEO-101948,(NEO-101948) 2019 MU71,0.0254,15.98,0.047332,7080812.7,25.33,0.5169,1.2886,2.52,534.3,0.6225,1.9548,0.034571,Apollo,0,2019,2041-05-10
NEO-100819,(NEO-100819) 2002 JM10,0.0281,13.51,0.107675,16107990.0,26.53,0.3779,1.2439,7.0,506.7,0.7739,1.714,0.096133,Apollo,0,2002,2042-07-20
NEO-103194,(NEO-103194) 2002 FD33,0.005,9.01,0.034727,5195129.1,25.46,0.05,1.3931,6.49,600.6,1.3234,1.4628,0.039509,Atira,0,2002,2038-09-13
NEO-101350,(NEO-101350) 2002 VY77,0.0468,21.13,0.020091,3005579.9,22.24,0.2332,0.9659,4.74,346.7,0.7406,1.1911,0.023905,Aten,0,2002,2043-09-17
NEO-100756,(NEO-100756) 2011 ZB10,0.059,17.5,0.072708,10876981.3,24.04,0.3186,1.5203,6.76,684.7,1.0359,2.0047,0.087016,Amor,0,2011,2030-05-23
NEO-103424,(NEO-103424) 1996 FO90,0.0065,30.08,0.029445,4404946.5,24.11,0.1726,0.9764,0.33,352.4,0.8079,1.1449,0.021568,Aten,0,1996,2031-01-18
NEO-103013,(NEO-103013) 1991 YE40,0.0029,15.47,0.000893,133577.2,22.52,0.069,1.2293,15.17,497.9,1.1445,1.3142,0.000672,Amor,0,1991,2043-04-11
NEO-100532,(NEO-100532) 2022 HX32,0.0357,12.04,0.005301,792957.6,29.87,0.1543,1.1101,20.85,427.2,0.9389,1.2814,0.003745,Apollo,0,2022,2041-09-01
NEO-102334,(NEO-102334) 2022 TU82,0.0154,18.78,0.040907,6119539.8,23.6,0.1925,1.1193,5.99,432.5,0.9039,1.3348,0.031066,Apollo,0,2022,2044-03-19
NEO-101269,(NEO-101269) 1994 JC98,0.0383,12.42,0.007715,1154114.8,24.02,0.1334,1.3481,5.12,571.7,1.1682,1.5279,0.007686,Amor,0,1994,2027-10-12
NEO-100955,(NEO-100955) 2019 PB30,0.0836,20.25,0.369362,55255718.2,24.06,0.3229,1.1518,27.98,451.5,0.78,1.5237,0.36887,Apollo,0,2019,2036-12-02
PHA-300386,(PHA-300386) 2011 VZ87,0.9549,16.11,0.002487,372107.6,15.52,0.5305,1.478,13.72,656.3,0.694,2.2621,0.001801,Apollo,1,2011,2030-01-06
NEO-102610,(NEO-102610) 1991 ZV67,0.119,17.85,0.141897,21227456.9,22.84,0.2934,0.8,5.0,261.4,0.5653,1.0347,0.104859,Aten,0,1991,2029-04-19
NEO-100240,(NEO-100240) 2016 YJ78,0.0559,17.49,0.017192,2571907.1,24.99,0.0685,1.15,3.28,450.5,1.0713,1.2288,0.017002,Amor,0,2016,2032-05-20
NEO-101389,(NEO-101389) 2002 GB86,0.0129,30.64,0.03952,5912082.8,23.88,0.5093,0.8406,5.31,281.5,0.4125,1.2688,0.040224,Aten,0,2002,2026-05-19
NEO-102980,(NEO-102980) 2025 DN74,0.13,18.34,0.390489,58416355.0,22.67,0.1586,1.5893,11.13,731.8,1.3372,1.8414,0.455233,Atira,0,2025,2044-03-19
PHA-300808,(PHA-300808) 1997 TM6,0.5518,25.6,0.005263,787277.2,16.61,0.4422,1.5573,17.4,709.8,0.8687,2.246,0.003926,Apollo,1,1997,2040-04-02
NEO-103379,(NEO-103379) 2004 LN35,0.018,11.35,0.001333,199405.8,22.71,0.5035,0.9599,1.97,343.5,0.4765,1.4432,0.001336,Aten,0,2004,2027-04-19
NEO-100728,(NEO-100728) 1992 OT85,0.0725,18.37,0.005155,771199.6,24.02,0.2055,2.0225,7.03,1050.6,1.6069,2.438,0.005828,Atira,0,1992,2040-10-26
NEO-102086,(NEO-102086) 2001 HQ65,2.1352,14.29,0.187356,28028106.2,13.71,0.55,1.2066,38.5,484.1,0.543,1.8702,0.177352,Apollo,0,2001,2028-04-21
PHA-300806,(PHA-300806) 2015 QQ51,0.2217,23.81,0.001822,272516.0,18.99,0.3713,1.7591,3.52,852.1,1.106,2.4122,0.001364,Apollo,1,2015,2034-08-27
NEO-100748,(NEO-100748) 2018 DL21,1.3347,16.51,0.292723,43790738.3,14.57,0.3062,1.4554,0.5,641.3,1.0098,1.901,0.246584,Apollo,0,2018,2027-06-11
NEO-103321,(NEO-103321) 2023 KA55,1.9604,19.16,0.123825,18523991.1,14.28,0.2366,2.2864,3.45,1262.7,1.7455,2.8272,0.117623,Atira,0,2023,2039-04-16
NEO-103295,(NEO-103295) 2021 PG64,0.0267,20.69,0.012395,1854223.7,24.25,0.5188,1.1366,1.26,442.6,0.5469,1.7264,0.012539,Apollo,0,2021,2038-07-05
PHA-300371,(PHA-300371) 2023 LY97,0.5886,11.0,0.05,7479893.5,16.56,0.3426,0.75,22.46,237.2,0.4931,1.0069,0.04354,Aten,1,2023,2042-12-28
NEO-102725,(NEO-102725) 2006 SF66,0.1023,17.19,0.119744,17913374.9,23.5,0.4807,1.4592,11.59,643.8,0.7578,2.1605,0.108636,Apollo,0,2006,2044-06-06
NEO-102350,(NEO-102350) 1990 QE73,0.0307,12.01,0.005335,798054.7,22.36,0.4057,1.563,2.5,713.7,0.9289,2.1971,0.006912,Apollo,0,1990,2029-01-18
NEO-102440,(NEO-102440) 2016 JO36,0.0487,14.45,0.11495,17196316.9,22.1,0.4421,2.3196,20.75,1290.3,1.2942,3.345,0.088522,Amor,0,2016,2035-06-15
NEO-103387,(NEO-103387) 2019 MZ85,0.0074,14.7,0.017143,2564498.3,25.4,0.2622,0.8537,5.12,288.1,0.6298,1.0775,0.014619,Aten,0,2019,2037-09-28
NEO-102896,(NEO-102896) 2024 ZD32,0.1036,12.14,0.259429,38810017.3,23.85,0.0528,1.1994,31.93,479.8,1.136,1.2627,0.252534,Amor,0,2024,2038-04-22
NEO-101362,(NEO-101362) 2006 MU88,0.002,14.79,0.049861,7459027.1,23.67,0.5449,1.8515,23.54,920.2,0.8427,2.8603,0.037057,Apollo,0,2006,2038-11-09
NEO-100040,(NEO-100040) 2005 ZE72,0.0607,16.24,0.253342,37899423.5,23.9,0.144,1.691,14.75,803.2,1.4476,1.9345,0.242311,Atira,0,2005,2036-11-08
NEO-101993,(NEO-101993) 2023 FC32,0.0241,5.0,0.31201,46675979.0,22.38,0.3324,1.6383,4.87,765.9,1.0937,2.1829,0.373546,Amor,0,2023,2038-08-21
NEO-103673,(NEO-103673) 1999 QY86,0.016,26.05,0.293845,43958606.3,23.95,0.2867,1.8878,18.74,947.4,1.3466,2.4291,0.309677,Atira,0,1999,2034-01-01
PHA-300544,(PHA-300544) 2016 QB5,0.1958,19.06,0.029862,4467340.7,19.04,0.4843,0.9504,4.64,338.4,0.4902,1.4107,0.021072,Aten,1,2016,2030-02-06
NEO-100335,(NEO-100335) 2005 VA60,0.2446,7.87,0.169084,25294532.5,18.6,0.4222,2.3434,5.86,1310.3,1.3539,3.3329,0.189022,Atira,0,2005,2025-05-21
NEO-100389,(NEO-100389) 2016 KE24,0.028,17.79,0.313214,46856203.6,23.9,0.1423,1.934,21.83,982.4,1.6588,2.2093,0.339125,Atira,0,2016,2044-05-14
NEO-100960,(NEO-100960) 2025 VO57,0.0092,13.63,0.021459,3210167.4,24.64,0.2281,1.8984,2.34,955.4,1.4653,2.3315,0.027514,Atira,0,2025,2031-01-27
NEO-103277,(NEO-103277) 2011 RR54,0.6946,17.21,0.145236,21726974.1,16.44,0.55,2.296,1.04,1270.7,1.0332,3.5588,0.114449,Amor,0,2011,2031-05-09
PHA-300038,(PHA-300038) 2003 NS86,1.2093,16.03,0.006008,898742.0,15.42,0.7788,1.3643,40.91,582.1,0.3019,2.4268,0.005424,Apollo,1,2003,2025-05-22
NEO-103232,(NEO-103232) 2017 DN90,0.0219,6.96,0.018658,2791146.9,23.84,0.2355,1.5877,8.23,730.7,1.2138,1.9617,0.021659,Amor,0,2017,2025-05-18
NEO-101995,(NEO-101995) 2011 EH53,0.5062,15.18,0.165032,24688426.2,17.16,0.447,1.6952,6.92,806.1,0.9375,2.4529,0.152524,Apollo,0,2011,2029-03-25
PHA-300642,(PHA-300642) 2004 LX67,0.4627,21.26,0.037744,5646347.5,17.21,0.2213,1.1109,21.45,427.7,0.8651,1.3567,0.0236,Apollo,1,2004,2028-04-17
PHA-300738,(PHA-300738) 2011 DW32,0.775,28.18,0.004334,648413.1,16.73,0.3421,1.0257,2.74,379.4,0.6749,1.3766,0.002903,Apollo,1,2011,2032-10-28
NEO-100631,(NEO-100631) 1995 LB86,0.0541,26.44,0.005894,881750.2,25.58,0.2835,0.7,0.8,213.9,0.5016,0.8984,0.006906,Atira,0,1995,2039-02-11
NEO-103151,(NEO-103151) 2024 FY36,0.0681,15.37,0.026624,3982962.2,24.4,0.4373,0.7713,2.67,247.4,0.434,1.1086,0.022658,Aten,0,2024,2031-02-11
NEO-102886,(NEO-102886) 2007 WN79,0.024,12.91,0.042269,6323299.6,22.33,0.6089,1.2389,1.83,503.7,0.4846,1.9933,0.031419,Apollo,0,2007,2035-01-02
NEO-103251,(NEO-103251) 2000 OJ13,0.5387,19.91,0.08545,12783065.9,17.04,0.2502,2.2363,20.66,1221.5,1.6768,2.7958,0.094569,Atira,0,2000,2044-05-28
NEO-100042,(NEO-100042) 2008 GC13,0.5448,19.23,0.10078,15076539.4,17.49,0.2495,2.1874,30.32,1181.7,1.6416,2.7332,0.128581,Atira,0,2008,2027-03-05
PHA-300742,(PHA-300742) 1997 XE5,0.3914,31.24,0.019947,2984004.6,17.91,0.7875,1.5286,5.4,690.3,0.3248,2.7324,0.014727,Apollo,1,1997,2043-12-20
NEO-100820,(NEO-100820) 2012 EG93,0.13,14.19,0.31623,47307322.1,24.58,0.332,1.6557,10.05,778.1,1.106,2.2054,0.30872,Amor,0,2012,2031-12-21
PHA-300082,(PHA-300082) 2012 OB73,0.7211,28.78,0.00684,1023318.4,16.35,0.3496,1.4137,31.88,613.9,0.9194,1.908,0.004121,Apollo,1,2012,2026-09-18
NEO-101816,(NEO-101816) 1992 CS66,0.0567,14.2,0.02859,4277069.0,26.47,0.5949,1.1596,3.23,456.1,0.4698,1.8494,0.030729,Apollo,0,1992,2041-10-05
NEO-103208,(NEO-103208) 1992 QD30,0.0125,17.71,0.011191,1674098.8,22.85,0.493,2.1057,0.71,1116.0,1.0675,3.1439,0.010775,Amor,0,1992,2032-07-14
NEO-101571,(NEO-101571) 1994 QZ34,0.2198,12.27,0.062481,9347071.8,19.06,0.1452,1.6382,55.0,765.8,1.4003,1.876,0.053366,Atira,0,1994,2035-01-09
NEO-101633,(NEO-101633) 2006 YY76,0.0361,9.88,0.039164,5858817.8,30.08,0.1885,1.9632,13.65,1004.7,1.5932,2.3333,0.034356,Atira,0,2006,2043-06-18
NEO-100666,(NEO-100666) 2020 TQ26,0.15,15.08,0.129211,19329755.0,20.04,0.5128,1.5515,11.42,705.9,0.7559,2.3471,0.112466,Apollo,0,2020,2040-11-09
NEO-101878,(NEO-101878) 1991 VH69,0.0043,24.4,0.015017,2246493.5,23.42,0.219,1.1701,3.74,462.3,0.9139,1.4264,0.011019,Apollo,0,1991,2044-08-19
NEO-102774,(NEO-102774) 2009 KA74,0.0295,14.63,0.023653,3538461.1,23.49,0.6536,1.1218,2.92,434.0,0.3886,1.855,0.024762,Apollo,0,2009,2041-11-11
PHA-300719,(PHA-300719) 2022 PB88,0.363,14.79,0.049311,7376762.0,18.33,0.3974,1.5606,0.91,712.0,0.9403,2.1808,0.035991,Apollo,1,2022,2026-08-24
NEO-101716,(NEO-101716) 2005 JT43,0.0894,20.75,0.006884,1029881.2,31.5,0.1728,1.1855,15.62,471.5,0.9807,1.3904,0.006632,Apollo,0,2005,2037-06-15
NEO-103154,(NEO-103154) 2019 JY1,0.0069,20.04,0.007335,1097235.8,22.79,0.2215,1.1156,0.59,430.4,0.8685,1.3626,0.008628,Apollo,0,2019,2043-08-12
NEO-101277,(NEO-101277) 1990 MO50,0.5503,15.59,0.146652,21938853.9,16.76,0.1202,1.5399,7.28,698.0,1.3549,1.725,0.18451,Atira,0,1990,2042-09-16
NEO-101506,(NEO-101506) 1998 TY52,0.011,16.05,0.227129,33978005.3,24.53,0.6643,0.9095,10.38,316.8,0.3054,1.5136,0.250341,Aten,0,1998,2033-12-21
NEO-102854,(NEO-102854) 2005 VK20,0.0172,13.59,0.053678,8030094.2,27.22,0.6814,1.8575,2.61,924.7,0.5918,3.1232,0.048483,Apollo,0,2005,2035-01-22
NEO-102428,(NEO-102428) 2000 BL88,0.0262,15.46,0.017868,2673045.3,25.82,0.127,1.6383,1.79,765.9,1.4303,1.8463,0.019701,Atira,0,2000,2039-11-06
NEO-100286,(NEO-100286) 2023 UV72,0.15,11.25,0.092964,13907213.6,19.83,0.3626,2.498,3.48,1442.0,1.5922,3.4038,0.0953,Atira,0,2023,2028-03-15
NEO-102288,(NEO-102288) 1994 DU72,0.0217,5.95,0.005876,878992.5,23.72,0.4949,1.3799,2.91,592.0,0.6969,2.0628,0.004512,Apollo,0,1994,2030-02-17
NEO-103472,(NEO-103472) 2007 HE95,0.0431,10.15,0.015892,2377423.8,26.24,0.75,1.4458,1.59,635.0,0.3615,2.5302,0.01432,Apollo,0,2007,2040-06-21
NEO-103158,(NEO-103158) 2002 WA27,0.846,14.99,0.216734,32422951.2,16.05,0.1171,2.7448,36.88,1660.9,2.4235,3.0661,0.193677,Atira,0,2002,2029-06-27
PHA-300336,(PHA-300336) 2023 GO12,0.2969,17.93,0.049529,7409496.8,18.68,0.5369,1.6166,9.53,750.7,0.7487,2.4845,0.047574,Apollo,1,2023,2039-06-24
NEO-101168,(NEO-101168) 2024 WA56,0.0026,10.16,0.028408,4249841.5,22.32,0.2787,0.7807,18.78,251.9,0.5631,0.9982,0.033095,Aten,0,2024,2029-09-20
NEO-102897,(NEO-102897) 2009 AO83,0.0253,4.66,0.083961,12560362.0,26.87,0.3372,1.9576,3.49,1000.4,1.2976,2.6176,0.08999,Amor,0,2009,2026-01-27
NEO-100691,(NEO-100691) 1992 OZ70,0.0431,20.64,0.058136,8697005.1,24.17,0.2126,0.8515,20.56,287.0,0.6704,1.0325,0.050808,Aten,0,1992,2025-09-15
NEO-103663,(NEO-103663) 2001 CK74,0.0234,12.96,0.008558,1280324.4,25.16,0.1157,1.8332,1.89,906.6,1.6212,2.0453,0.007423,Atira,0,2001,2030-04-22
PHA-300568,(PHA-300568) 2006 LC63,1.1858,27.95,0.020872,3122339.3,15.18,0.1926,2.105,3.48,1115.5,1.6995,2.5105,0.012899,Apollo,1,2006,2031-12-05
PHA-300065,(PHA-300065) 2021 JC25,0.6246,16.98,0.005242,784187.3,16.56,0.5324,1.8887,21.36,948.0,0.8832,2.8942,0.005744,Apollo,1,2021,2042-08-13
NEO-100605,(NEO-100605) 2020 LZ44,0.0105,14.41,0.010875,1626863.0,23.38,0.0978,1.3913,8.7,599.4,1.2553,1.5273,0.010891,Amor,0,2020,2041-06-05
NEO-103543,(NEO-103543) 2017 UE94,0.3435,14.84,0.142272,21283545.0,18.21,0.2061,3.3901,14.19,2279.9,2.6914,4.0889,0.150662,Atira,0,2017,2025-01-22
NEO-103432,(NEO-103432) 2006 KP50,1.3701,15.32,0.175946,26321208.1,15.55,0.382,2.5296,0.5,1469.5,1.5634,3.4959,0.200252,Atira,0,2006,2028-10-06
NEO-101748,(NEO-101748) 2006 PN61,1.4599,8.84,0.088296,13208835.4,14.97,0.2544,1.5015,12.91,672.0,1.1195,1.8834,0.083879,Amor,0,2006,2032-10-02
NEO-103929,(NEO-103929) 2015 JH49,0.5072,9.44,0.218284,32654777.4,17.13,0.55,1.9664,12.5,1007.2,0.8849,3.048,0.204793,Apollo,0,2015,2027-02-17
NEO-103142,(NEO-103142) 2019 AD18,0.0169,5.14,0.024475,3661437.7,24.74,0.6361,0.8545,15.47,288.5,0.3109,1.398,0.026594,Aten,0,2019,2028-09-08
PHA-300168,(PHA-300168) 1995 CP24,0.1563,28.86,0.007826,1170799.2,20.01,0.6297,1.4784,7.21,656.6,0.5474,2.4094,0.007006,Apollo,1,1995,2030-05-25
NEO-101881,(NEO-101881) 2004 JB54,0.0205,14.87,0.050797,7599169.8,23.2,0.5667,1.1501,12.34,450.5,0.4983,1.8019,0.036849,Apollo,0,2004,2036-03-01
NEO-103467,(NEO-103467) 1999 VC4,0.1276,17.54,0.08774,13125696.3,25.27,0.4294,1.6061,0.77,743.4,0.9164,2.2957,0.069508,Apollo,0,1999,2034-11-14
NEO-103577,(NEO-103577) 1990 XH16,0.0579,24.62,0.059599,8915887.6,25.27,0.1496,1.1769,9.41,466.3,1.0008,1.3529,0.059024,Apollo,0,1990,2042-01-16
NEO-102360,(NEO-102360) 2004 LN84,0.0811,24.61,0.166113,24850208.3,23.61,0.313,1.4887,18.21,663.5,1.0228,1.9547,0.133373,Amor,0,2004,2032-11-01
NEO-103831,(NEO-103831) 2008 ZZ19,0.0094,28.29,0.036487,5458444.5,22.32,0.4482,1.0952,9.77,418.6,0.6043,1.5861,0.047393,Apollo,0,2008,2034-04-04
NEO-101402,(NEO-101402) 2022 UX82,0.0505,11.86,0.016227,2427561.9,30.33,0.3624,1.239,7.17,503.7,0.79,1.688,0.014867,Apollo,0,2022,2026-07-23
PHA-300594,(PHA-300594) 2013 VP50,0.3668,11.0,0.009526,1424998.6,18.57,0.1766,0.75,1.52,237.2,0.6175,0.8825,0.006175,Apollo,1,2013,2033-02-21
NEO-100984,(NEO-100984) 2003 RU66,0.026,17.3,0.032759,4900628.2,23.68,0.3341,1.7745,23.07,863.4,1.1815,2.3674,0.023775,Amor,0,2003,2027-12-23
PHA-300015,(PHA-300015) 2009 WX66,0.2577,29.86,0.002644,395571.8,18.15,0.3098,1.2478,2.81,509.1,0.8612,1.6344,0.002395,Apollo,1,2009,2031-09-04
PHA-300648,(PHA-300648) 2022 KS97,0.14,14.67,0.030442,4554108.2,20.53,0.5492,1.321,29.79,554.6,0.5956,2.0465,0.023871,Apollo,1,2022,2043-05-11
NEO-103973,(NEO-103973) 2019 DY97,0.0201,23.57,0.025499,3814542.6,22.68,0.6245,1.5581,8.33,710.3,0.5851,2.531,0.030203,Apollo,0,2019,2025-03-10
NEO-103954,(NEO-103954) 2011 DY59,0.0461,29.2,0.092616,13855153.0,22.99,0.1647,1.048,15.43,391.9,0.8754,1.2207,0.097436,Apollo,0,2011,2036-07-04
PHA-300163,(PHA-300163) 1998 MT29,0.1707,27.62,0.05,7479893.5,19.47,0.6407,1.1613,10.43,457.1,0.4172,1.9054,0.034067,Apollo,1,1998,2042-06-22
NEO-100787,(NEO-100787) 2018 GJ82,0.9037,16.73,0.147867,22120654.8,16.09,0.1987,2.1549,5.68,1155.4,1.7268,2.583,0.130889,Atira,0,2018,2042-03-26
PHA-300427,(PHA-300427) 2008 KP33,0.2374,24.27,0.010525,1574501.0,18.18,0.15,1.3065,2.05,545.5,1.1105,1.5025,0.007444,Apollo,1,2008,2036-09-27
PHA-300321,(PHA-300321) 2001 NB70,0.509,13.82,0.007016,1049646.8,17.09,0.2475,1.3379,15.68,565.2,1.0068,1.6691,0.006903,Apollo,1,2001,2039-12-17
NEO-103059,(NEO-103059) 2000 TM60,0.0071,33.93,0.052571,7864552.9,22.33,0.4181,1.5055,3.82,674.7,0.876,2.135,0.061575,Apollo,0,2000,2033-03-15
NEO-100630,(NEO-100630) 1999 BJ17,0.13,21.97,0.407565,60970929.0,23.82,0.3057,1.8115,7.51,890.6,1.2577,2.3654,0.455541,Amor,0,1999,2034-12-11
PHA-300332,(PHA-300332) 1995 YK35,0.5411,17.99,0.00526,786819.9,17.22,0.5661,1.5273,25.0,689.4,0.6628,2.3919,0.003591,Apollo,1,1995,2035-02-02
NEO-102602,(NEO-102602) 1999 JB21,0.014,12.53,0.352643,52754657.2,23.34,0.5256,2.1494,29.68,1151.0,1.0198,3.279,0.38972,Amor,0,1999,2036-07-07
NEO-101560,(NEO-101560) 2022 ZN66,0.3785,17.93,0.28009,41900873.3,17.7,0.1942,2.3695,17.3,1332.3,1.9094,2.8297,0.20457,Atira,0,2022,2043-05-24
NEO-100264,(NEO-100264) 2016 HV63,0.0606,13.63,0.012187,1823124.6,22.63,0.4108,1.8714,17.18,935.1,1.1026,2.6403,0.009199,Amor,0,2016,2044-05-10
PHA-300469,(PHA-300469) 2021 MG17,0.7011,29.07,0.005699,852566.5,16.36,0.6919,1.728,11.63,829.7,0.5323,2.9237,0.006017,Apollo,1,2021,2037-12-01
PHA-300717,(PHA-300717) 2012 WM97,0.2758,23.52,0.028371,4244187.3,18.29,0.6286,0.8312,10.3,276.8,0.3087,1.3537,0.023647,Aten,1,2012,2025-11-28
NEO-102691,(NEO-102691) 1996 TN4,0.1051,22.16,0.006437,962983.1,23.14,0.1957,1.811,22.95,890.1,1.4565,2.1654,0.007274,Atira,0,1996,2030-04-08
NEO-100152,(NEO-100152) 2021 FH56,0.0263,18.39,0.007279,1088993.9,26.27,0.1226,1.1031,15.5,423.1,0.9678,1.2383,0.008264,Apollo,0,2021,2026-07-15
NEO-100956,(NEO-100956) 2009 PP22,0.0645,15.09,0.01502,2246905.7,22.87,0.2107,1.6712,0.72,789.1,1.319,2.0234,0.010709,Atira,0,2009,2040-01-26
NEO-101952,(NEO-101952) 2016 TG48,1.1738,4.47,0.177194,26507780.1,15.35,0.1185,1.6115,1.42,747.2,1.4205,1.8025,0.187196,Atira,0,2016,2042-05-01
NEO-100644,(NEO-100644) 2020 PH3,1.3483,9.03,0.179174,26804050.8,14.86,0.3084,1.8521,10.19,920.6,1.2808,2.4234,0.206601,Amor,0,2020,2032-05-11
NEO-100400,(NEO-100400) 2023 TQ37,0.4275,11.52,0.327198,48948134.1,17.66,0.459,2.1912,4.52,1184.7,1.1854,3.197,0.344059,Amor,0,2023,2043-08-22
NEO-103811,(NEO-103811) 1990 CQ8,0.0787,6.24,0.041438,6199057.5,23.97,0.3953,1.7307,0.35,831.6,1.0465,2.4149,0.049222,Amor,0,1990,2037-08-20
NEO-103816,(NEO-103816) 2025 PV75,1.9199,12.18,0.223193,33389153.7,14.09,0.2188,2.1052,0.72,1115.7,1.6445,2.5659,0.19543,Atira,0,2025,2032-06-05
NEO-100475,(NEO-100475) 2000 KC40,0.13,15.87,0.186041,27831313.1,24.36,0.3369,2.0885,7.23,1102.4,1.3849,2.7921,0.153799,Atira,0,2000,2043-01-05
NEO-101964,(NEO-101964) 2003 TS23,0.0293,20.41,0.015391,2302434.9,28.46,0.6027,1.3006,5.5,541.7,0.5168,2.0844,0.011933,Apollo,0,2003,2036-11-07
NEO-103596,(NEO-103596) 2004 KG5,0.0076,15.72,0.068874,10303359.1,24.72,0.1668,1.6165,3.27,750.7,1.3469,1.8861,0.069931,Atira,0,2004,2034-09-27
PHA-300650,(PHA-300650) 2000 XR30,0.3546,29.99,0.034668,5186215.5,18.68,0.4847,1.2784,16.95,528.0,0.6588,1.898,0.026171,Apollo,1,2000,2035-02-13
NEO-101420,(NEO-101420) 2022 CU4,0.002,16.2,0.002286,341963.9,22.95,0.4793,2.0889,8.55,1102.7,1.0877,3.0902,0.001753,Amor,0,2022,2028-02-13
NEO-101799,(NEO-101799) 2002 AX1,1.4576,3.5,0.160906,24071172.8,14.99,0.111,1.8711,2.5,934.8,1.6634,2.0787,0.178255,Atira,0,2002,2042-09-10
NEO-101951,(NEO-101951) 2012 VB25,0.088,18.34,0.003217,481279.5,23.29,0.1666,1.2095,20.26,485.9,1.0081,1.411,0.003275,Apollo,0,2012,2034-11-06
NEO-102729,(NEO-102729) 2002 BE69,0.0677,5.93,0.00579,866183.0,24.9,0.6724,1.4016,0.69,606.1,0.4592,2.3441,0.006993,Apollo,0,2002,2031-05-13
NEO-101229,(NEO-101229) 1998 PS32,0.0048,16.46,0.024083,3602814.1,22.84,0.6275,1.589,2.6,731.6,0.592,2.5861,0.027604,Apollo,0,1998,2034-06-16
NEO-103131,(NEO-103131) 1994 UW74,0.0398,18.01,0.028544,4270176.0,23.98,0.2255,1.7599,7.53,852.7,1.363,2.1567,0.03463,Atira,0,1994,2041-04-23
PHA-300257,(PHA-300257) 2019 BQ67,1.4199,27.03,0.05,7479893.5,14.88,0.2709,1.4386,8.42,630.2,1.0489,1.8283,0.032809,Apollo,1,2019,2039-12-15
NEO-101702,(NEO-101702) 2004 WF7,0.0051,23.95,0.00748,1118967.6,26.34,0.4019,1.2442,0.91,506.9,0.7442,1.7443,0.007954,Apollo,0,2004,2033-03-17
NEO-102499,(NEO-102499) 1993 FC34,0.2434,17.56,0.279585,41825330.5,18.22,0.1182,2.0254,1.18,1052.9,1.786,2.2648,0.219947,Atira,0,1993,2043-11-22
NEO-101393,(NEO-101393) 2004 ZA66,1.947,12.13,0.135361,20249683.8,14.65,0.5158,1.8328,10.31,906.3,0.8874,2.7781,0.096593,Apollo,0,2004,2027-12-10
NEO-102526,(NEO-102526) 1990 ZF92,0.0258,20.95,0.026801,4009331.1,25.0,0.4272,1.3413,1.92,567.4,0.7683,1.9144,0.023068,Apollo,0,1990,2040-11-23
NEO-102568,(NEO-102568) 2023 DJ12,0.0144,21.32,0.068988,10320415.1,24.43,0.3596,0.8359,10.31,279.1,0.5353,1.1365,0.078077,Aten,0,2023,2035-05-06
NEO-103684,(NEO-103684) 1997 VS58,0.0088,24.08,0.003235,483877.8,26.28,0.39,0.9446,19.5,335.3,0.5763,1.313,0.003809,Aten,0,1997,2034-06-22
NEO-103784,(NEO-103784) 2006 ZZ68,2.6971,10.81,0.078148,11690805.1,13.74,0.1758,1.3978,3.45,603.6,1.1521,1.6435,0.063338,Amor,0,2006,2029-08-11
NEO-100454,(NEO-100454) 2002 RC61,0.0334,19.46,0.003407,509629.5,25.16,0.2612,1.6283,7.08,758.9,1.2029,2.0536,0.003715,Amor,0,2002,2040-01-20
NEO-103634,(NEO-103634) 2003 KF20,0.0079,17.33,0.041634,6228398.3,24.76,0.4964,0.7,7.3,213.9,0.3525,1.0475,0.032379,Aten,0,2003,2028-06-22
NEO-102724,(NEO-102724) 2015 AL29,0.0777,26.39,0.169909,25418021.7,23.54,0.4718,1.8305,12.33,904.6,0.9669,2.6941,0.211728,Apollo,0,2015,2033-10-02
NEO-100797,(NEO-100797) 1998 DU8,0.022,11.03,0.018086,2705686.5,24.3,0.2889,1.4522,3.98,639.2,1.0326,1.8718,0.019061,Amor,0,1998,2034-08-12
NEO-103676,(NEO-103676) 1995 TP91,0.0112,9.98,0.054738,8188661.6,22.68,0.3147,1.1932,0.58,476.0,0.8177,1.5687,0.047689,Apollo,0,1995,2035-04-13
NEO-101901,(NEO-101901) 2000 XR79,0.0334,15.26,0.004263,637790.3,22.72,0.655,1.9009,35.05,957.3,0.6558,3.146,0.004877,Apollo,0,2000,2031-09-13
NEO-102822,(NEO-102822) 2013 VE98,0.7609,9.72,0.201208,30100333.8,16.32,0.55,1.6862,4.1,799.7,0.7588,2.6136,0.25838,Apollo,0,2013,2039-04-11
NEO-101820,(NEO-101820) 2020 LL35,2.7208,19.49,0.161349,24137509.3,13.88,0.4192,1.5795,3.53,725.0,0.9173,2.2416,0.145927,Apollo,0,2020,2036-03-12
PHA-300057,(PHA-300057) 2020 DP20,0.5403,26.2,0.011572,1731190.8,16.84,0.4211,0.978,8.66,353.3,0.5662,1.3899,0.009603,Aten,1,2020,2027-03-18
NEO-101591,(NEO-101591) 2011 FN74,0.9976,15.55,0.091977,13759548.4,15.85,0.2042,1.7434,2.07,840.8,1.3874,2.0993,0.077468,Atira,0,2011,2026-02-15
NEO-103845,(NEO-103845) 2020 EY56,0.0794,11.77,0.015146,2265835.5,23.21,0.5537,1.1009,9.59,421.9,0.4913,1.7106,0.01708,Apollo,0,2020,2029-11-15
PHA-300211,(PHA-300211) 1998 NN42,0.6361,18.91,0.011036,1650895.8,17.09,0.3633,1.6563,0.39,778.6,1.0546,2.258,0.00823,Apollo,1,1998,2032-11-26
NEO-103172,(NEO-103172) 2025 EY49,0.0181,17.4,0.052347,7830941.5,22.47,0.4689,1.1192,0.48,432.5,0.5944,1.644,0.043682,Apollo,0,2025,2028-12-13
NEO-101946,(NEO-101946) 2016 DC46,0.25,5.43,0.171668,25681223.5,18.66,0.1705,1.9981,1.12,1031.6,1.6574,2.3387,0.20319,Atira,0,2016,2043-05-02
NEO-102696,(NEO-102696) 2002 VM28,0.0197,18.4,0.01658,2480294.3,23.25,0.5295,1.732,1.0,832.6,0.8149,2.6492,0.015646,Apollo,0,2002,2043-11-16
NEO-103116,(NEO-103116) 1994 LY35,0.0524,25.75,0.240896,36037518.5,23.45,0.2742,0.8,2.66,261.4,0.5807,1.0193,0.180519,Aten,0,1994,2039-08-03
NEO-100402,(NEO-100402) 2019 DC14,0.0613,20.73,0.229261,34296909.7,24.92,0.4201,1.9222,2.57,973.4,1.1146,2.7298,0.285625,Amor,0,2019,2029-01-14
NEO-101057,(NEO-101057) 2011 KT50,0.0294,14.4,0.11973,17911296.2,24.99,0.1296,2.0153,17.99,1044.9,1.7541,2.2764,0.133206,Atira,0,2011,2032-10-13
PHA-300078,(PHA-300078) 2011 VY20,1.105,23.71,0.014107,2110397.3,15.7,0.6864,2.1611,8.85,1160.4,0.6776,3.6446,0.01268,Apollo,1,2011,2028-06-07
NEO-103763,(NEO-103763) 2016 XX10,0.0099,12.37,0.022059,3300046.8,23.39,0.1466,1.3585,3.72,578.3,1.1593,1.5576,0.018316,Amor,0,2016,2038-03-12
NEO-102790,(NEO-102790) 2008 JW72,0.3083,6.18,0.375484,56171601.5,17.51,0.4737,1.574,2.42,721.3,0.8284,2.3196,0.459015,Apollo,0,2008,2033-06-10
NEO-101824,(NEO-101824) 1996 SD78,0.3045,19.19,0.3238,48439784.2,18.25,0.291,1.3008,2.95,541.9,0.9222,1.6793,0.297091,Apollo,0,1996,2042-08-23
NEO-103215,(NEO-103215) 2017 HZ83,0.4636,21.84,0.173625,25973877.5,17.13,0.55,2.3605,17.54,1324.7,1.0622,3.6588,0.224515,Amor,0,2017,2030-03-28
NEO-101142,(NEO-101142) 2020 TB69,0.0618,18.2,0.061866,9254961.6,23.88,0.3159,1.0995,2.75,421.1,0.7522,1.4467,0.076399,Apollo,0,2020,2041-10-26
NEO-103713,(NEO-103713) 1995 QX70,1.5584,13.82,0.400734,59948986.3,14.18,0.2522,1.8587,17.45,925.6,1.39,2.3274,0.361482,Atira,0,1995,2029-10-15
NEO-102560,(NEO-102560) 2016 PV66,0.0835,14.93,0.24582,36774209.6,23.04,0.4669,1.6392,6.42,766.5,0.8739,2.4045,0.248783,Apollo,0,2016,2040-09-19
NEO-103171,(NEO-103171) 2018 WR84,0.0081,16.36,0.020464,3061430.7,22.88,0.2815,0.9096,5.37,316.8,0.6536,1.1656,0.014734,Aten,0,2018,2044-04-14
NEO-103553,(NEO-103553) 2008 KK39,0.0251,21.24,0.061323,9173757.0,24.08,0.1341,1.6709,4.2,788.9,1.4467,1.895,0.052618,Atira,0,2008,2035-09-19
NEO-103278,(NEO-103278) 2016 QV69,0.0054,26.14,0.08068,12069611.7,25.41,0.2873,1.6388,10.32,766.2,1.1679,2.1096,0.102135,Amor,0,2016,2029-01-11
NEO-102856,(NEO-102856) 2024 FJ91,0.0666,24.78,0.007485,1119717.9,23.48,0.6603,1.6003,12.72,739.4,0.5436,2.657,0.005839,Apollo,0,2024,2036-06-08
NEO-100319,(NEO-100319) 1998 PO17,0.0285,27.61,0.068655,10270715.1,24.81,0.6215,1.5274,5.95,689.5,0.5781,2.4768,0.078776,Apollo,0,1998,2029-03-19
PHA-300387,(PHA-300387) 2012 WJ88,0.1629,18.94,0.013381,2001771.0,20.29,0.5159,1.0114,3.2,371.5,0.4896,1.5331,0.008504,Apollo,1,2012,2036-10-18
NEO-101235,(NEO-101235) 2001 ZX94,0.0288,11.94,0.015942,2384849.7,22.85,0.7264,1.0481,1.71,391.9,0.2868,1.8095,0.013521,Apollo,0,2001,2036-08-03
NEO-102533,(NEO-102533) 2012 QZ73,0.9405,9.67,0.346426,51824550.4,15.75,0.2036,2.6315,21.27,1559.2,2.0958,3.1672,0.362008,Atira,0,2012,2044-12-16
NEO-103122,(NEO-103122) 2009 HZ55,0.0307,17.44,0.014289,2137540.8,24.71,0.3028,1.0439,0.1,389.6,0.7278,1.36,0.016699,Apollo,0,2009,2026-02-23
NEO-103309,(NEO-103309) 1992 QK41,1.1118,7.93,0.063743,9535845.9,15.88,0.3994,1.4775,1.31,656.0,0.8874,2.0677,0.052,Apollo,0,1992,2038-08-14
NEO-101756,(NEO-101756) 2023 DQ48,0.44,11.32,0.148833,22265056.3,17.22,0.2988,2.5556,4.31,1492.2,1.7921,3.3191,0.189016,Atira,0,2023,2031-08-03
NEO-100574,(NEO-100574) 1997 LJ26,0.7698,10.8,0.224503,33585111.7,16.08,0.3594,1.4097,1.35,611.3,0.903,1.9163,0.171682,Apollo,0,1997,2039-10-08
NEO-100835,(NEO-100835) 1993 XG30,0.13,22.25,0.222661,33309630.8,22.6,0.2818,1.1833,14.91,470.2,0.8498,1.5168,0.171898,Apollo,0,1993,2044-02-08
NEO-102341,(NEO-102341) 2008 LO80,0.06,15.15,0.346078,51772489.7,24.21,0.4095,1.8698,6.42,933.8,1.1041,2.6355,0.352886,Amor,0,2008,2034-01-12
NEO-100272,(NEO-100272) 1992 JE56,0.0176,15.76,0.044255,6620411.0,23.08,0.3655,1.4779,19.5,656.2,0.9377,2.0182,0.030986,Apollo,0,1992,2030-12-19
NEO-102927,(NEO-102927) 2015 DJ27,0.0194,13.48,0.052455,7847209.6,24.53,0.369,2.2375,1.83,1222.4,1.412,3.063,0.058859,Atira,0,2015,2041-05-25
NEO-100917,(NEO-100917) 2000 BV66,0.0719,19.13,0.105084,15720383.5,22.92,0.5806,0.8645,1.95,293.6,0.3626,1.3664,0.127109,Aten,0,2000,2040-04-10
NEO-100526,(NEO-100526) 2009 CX44,0.005,7.77,0.302252,45216205.6,24.76,0.2792,1.6525,36.44,775.9,1.1912,2.1138,0.293152,Amor,0,2009,2036-08-09
NEO-103586,(NEO-103586) 2005 PY53,0.0437,17.35,0.008374,1252781.8,27.91,0.7227,0.7448,4.95,234.8,0.2066,1.2831,0.009999,Aten,0,2005,2033-10-02
NEO-100155,(NEO-100155) 1995 EM9,1.1463,19.38,0.182409,27287947.4,14.59,0.4574,1.4993,6.16,670.5,0.8136,2.185,0.136245,Apollo,0,1995,2040-10-20
PHA-300273,(PHA-300273) 2007 JB88,0.2057,26.0,0.05,7479893.5,19.08,0.4337,1.4101,1.74,611.6,0.7986,2.0217,0.041565,Apollo,1,2007,2030-08-27
NEO-100912,(NEO-100912) 2001 EU1,0.0597,12.69,0.020516,3069125.0,26.36,0.5131,1.302,5.27,542.6,0.6339,1.97,0.022201,Apollo,0,2001,2032-01-16
NEO-100474,(NEO-100474) 1990 CR90,0.0124,8.44,0.035341,5286918.6,24.68,0.3219,0.7698,0.47,246.7,0.522,1.0176,0.029593,Aten,0,1990,2025-07-24
NEO-102687,(NEO-102687) 2006 PV10,0.0105,23.97,0.332325,49715095.7,23.86,0.05,1.3625,28.72,580.9,1.2943,1.4306,0.244262,Amor,0,2006,2032-03-06
NEO-100074,(NEO-100074) 2018 MX40,0.002,6.9,0.004591,686732.1,22.61,0.1109,1.1948,1.19,477.0,1.0623,1.3273,0.004936,Amor,0,2018,2038-12-23
NEO-102890,(NEO-102890) 1990 CJ55,0.0899,12.94,0.08962,13406924.7,25.64,0.2875,1.3372,5.76,564.8,0.9528,1.7216,0.1127,Apollo,0,1990,2044-08-07
NEO-102993,(NEO-102993) 2006 RQ40,0.6153,23.48,0.122054,18259011.8,16.78,0.0548,2.9843,5.04,1883.0,2.8207,3.1479,0.134402,Atira,0,2006,2036-12-27
PHA-300072,(PHA-300072) 2023 VH79,1.2934,27.2,0.05,7479893.5,14.07,0.6117,1.3344,8.88,563.0,0.5181,2.1507,0.036188,Apollo,1,2023,2033-06-16
NEO-101480,(NEO-101480) 1992 CB8,0.13,24.07,0.160932,24075060.9,24.19,0.4227,1.4887,7.06,663.5,0.8594,2.1181,0.179147,Apollo,0,1992,2025-06-11
NEO-102995,(NEO-102995) 2000 MV18,0.0932,4.04,0.078838,11794001.5,25.32,0.5229,1.0348,3.4,384.5,0.4937,1.5759,0.086619,Apollo,0,2000,2044-09-05
PHA-300603,(PHA-300603) 2019 SO6,0.2821,34.33,0.05,7479893.5,18.74,0.6253,1.1743,2.45,464.8,0.44,1.9086,0.030201,Apollo,1,2019,2026-04-01
NEO-102689,(NEO-102689) 1997 OO13,0.0756,9.82,0.000252,37723.6,23.01,0.1568,1.5031,5.58,673.1,1.2673,1.7388,0.000268,Amor,0,1997,2041-07-12
NEO-102855,(NEO-102855) 2022 LU79,0.0166,11.84,0.015074,2254976.5,22.24,0.4667,1.2721,0.88,524.1,0.6785,1.8658,0.013962,Apollo,0,2022,2042-01-21
NEO-101564,(NEO-101564) 2002 AO8,0.135,21.32,0.024095,3604624.1,28.14,0.4927,1.7805,4.05,867.7,0.9031,2.6578,0.025565,Apollo,0,2002,2033-10-25
PHA-300413,(PHA-300413) 2013 HB2,0.3593,16.44,0.017567,2628048.0,17.69,0.5522,0.75,9.64,237.2,0.3358,1.1642,0.01543,Aten,1,2013,2041-07-23
NEO-103345,(NEO-103345) 2021 SW45,0.0049,19.83,0.012412,1856778.2,22.65,0.4895,1.4032,7.13,607.1,0.7163,2.0901,0.010218,Apollo,0,2021,2025-07-11
NEO-103536,(NEO-103536) 1999 SP69,0.1588,15.4,0.081081,12129614.6,19.28,0.3809,1.9724,11.39,1011.7,1.221,2.7237,0.079924,Amor,0,1999,2034-08-06
NEO-103652,(NEO-103652) 1991 SE34,0.0193,26.48,0.024206,3621189.0,23.06,0.3023,0.8111,4.97,266.8,0.5659,1.0564,0.016991,Aten,0,1991,2040-12-11
NEO-100741,(NEO-100741) 1995 UK12,1.9839,10.58,0.249645,37346310.5,14.1,0.073,1.8108,2.53,890.0,1.6786,1.9429,0.2037,Atira,0,1995,2044-08-05
NEO-102303,(NEO-102303) 2016 PY60,0.7974,18.46,0.289125,43252485.4,16.1,0.3685,1.7478,10.57,844.0,1.1038,2.3919,0.260539,Amor,0,2016,2033-05-04
NEO-103166,(NEO-103166) 1992 NA23,0.0146,6.0,0.048626,7274319.5,25.56,0.3487,1.5322,9.46,692.7,0.9978,2.0665,0.05186,Apollo,0,1992,2035-01-01
NEO-102731,(NEO-102731) 1997 JR72,0.0087,24.07,0.018752,2805236.6,25.61,0.1497,0.8167,6.72,269.6,0.6945,0.939,0.021032,Atira,0,1997,2037-12-08
NEO-100015,(NEO-100015) 2012 LG91,0.0212,27.33,0.014627,2188165.6,22.27,0.4039,1.0285,5.65,381.0,0.6131,1.4439,0.012409,Apollo,0,2012,2041-04-20
PHA-300490,(PHA-300490) 2017 MF59,0.5698,18.79,0.00258,385902.7,16.82,0.5817,0.75,2.78,237.2,0.3137,1.1863,0.001842,Aten,1,2017,2039-06-27
PHA-300601,(PHA-300601) 2011 WF7,0.753,17.47,0.001455,217604.4,16.48,0.15,0.8202,2.03,271.3,0.6972,0.9433,0.001156,Apollo,1,2011,2032-11-24
PHA-300131,(PHA-300131) 1997 RB88,0.3209,22.95,0.002663,398387.9,18.18,0.3455,1.844,5.6,914.6,1.2068,2.4811,0.002648,Apollo,1,1997,2043-04-23
PHA-300539,(PHA-300539) 2021 VM13,0.7182,32.39,0.002697,403501.3,16.36,0.1872,1.3121,4.88,549.0,1.0665,1.5578,0.002585,Apollo,1,2021,2039-12-15
PHA-300547,(PHA-300547) 2006 HP26,1.5801,19.87,0.038032,5689471.8,14.95,0.3922,1.5075,8.24,676.0,0.9163,2.0987,0.036505,Apollo,1,2006,2031-09-27
NEO-100063,(NEO-100063) 2006 OZ48,0.798,17.2,0.397451,59457876.3,15.91,0.4874,2.8589,6.41,1765.6,1.4654,4.2524,0.404412,Atira,0,2006,2037-02-13
NEO-100553,(NEO-100553) 2000 QD34,0.4868,5.73,0.091437,13678824.4,17.29,0.55,1.4768,10.6,655.5,0.6646,2.2891,0.086278,Apollo,0,2000,2032-04-28
NEO-100802,(NEO-100802) 1993 GP43,0.0093,13.24,0.051108,7645682.2,27.7,0.4616,0.9088,14.59,316.4,0.4893,1.3282,0.0573,Aten,0,1993,2044-08-13
NEO-102614,(NEO-102614) 1995 ML19,0.13,12.99,0.367659,55000988.4,24.93,0.4431,1.4757,2.71,654.8,0.8218,2.1295,0.404181,Apollo,0,1995,2036-08-13
NEO-101902,(NEO-101902) 2019 QH14,0.1983,13.26,0.449682,67271511.0,19.06,0.1249,2.8564,4.65,1763.3,2.4996,3.2132,0.403654,Atira,0,2019,2035-09-04
PHA-300208,(PHA-300208) 2014 VS77,0.571,35.77,0.011881,1777390.5,16.81,0.7968,1.259,13.65,516.0,0.2559,2.2621,0.007877,Apollo,1,2014,2037-01-17
NEO-102009,(NEO-102009) 1996 HH38,0.0602,13.71,0.001561,233581.1,25.72,0.3884,1.8232,1.52,899.2,1.115,2.5314,0.001732,Amor,0,1996,2038-09-03
NEO-101138,(NEO-101138) 1996 WS53,0.0294,30.42,0.019479,2913988.8,24.07,0.5089,1.8418,8.55,913.0,0.9045,2.7791,0.022658,Apollo,0,1996,2040-12-22
NEO-100936,(NEO-100936) 2006 SZ26,0.0486,11.47,0.001964,293882.9,22.68,0.5577,1.1192,23.32,432.5,0.495,1.7434,0.002545,Apollo,0,2006,2026-07-21
NEO-100314,(NEO-100314) 1994 ZO30,0.0364,16.14,0.008839,1322336.3,25.1,0.4967,0.9053,7.72,314.6,0.4556,1.3549,0.008265,Aten,0,1994,2044-05-22
PHA-300199,(PHA-300199) 2014 LV54,0.6691,28.11,0.019121,2860535.4,15.77,0.4845,1.7299,18.98,831.1,0.8918,2.5681,0.017084,Apollo,1,2014,2028-03-11
NEO-102136,(NEO-102136) 2015 UQ95,0.5361,21.15,0.088323,13212975.2,17.47,0.3432,1.39,6.84,598.6,0.913,1.8671,0.097237,Apollo,0,2015,2030-03-12
NEO-101814,(NEO-101814) 2018 WB21,0.0909,6.09,0.020234,3026954.9,29.45,0.4829,0.9191,3.72,321.9,0.4753,1.363,0.014598,Aten,0,2018,2044-11-04
NEO-100963,(NEO-100963) 1996 LH80,0.0884,16.33,0.094564,14146570.1,22.39,0.5862,1.9546,9.93,998.1,0.8089,3.1004,0.119292,Apollo,0,1996,2036-07-09
NEO-101578,(NEO-101578) 1999 HV29,0.0134,25.06,0.032038,4792754.0,26.58,0.1733,1.5088,6.06,676.9,1.2473,1.7703,0.027371,Amor,0,1999,2030-07-19
PHA-300540,(PHA-300540) 2024 TU38,0.1465,19.2,0.002501,374090.5,19.99,0.5297,1.6553,3.12,777.9,0.7785,2.5321,0.001683,Apollo,1,2024,2038-02-26
NEO-100600,(NEO-100600) 2005 OM70,0.0031,17.71,0.036422,5448701.9,27.0,0.3486,1.4015,1.2,606.0,0.913,1.89,0.029902,Apollo,0,2005,2025-07-10
NEO-103271,(NEO-103271) 2006 VO58,0.3847,5.33,0.232779,34823224.3,17.57,0.14,2.293,12.9,1268.2,1.9719,2.614,0.214005,Atira,0,2006,2039-01-16
NEO-101965,(NEO-101965) 1999 TE49,0.0138,31.99,0.07939,11876589.3,23.3,0.2891,1.7618,10.29,854.1,1.2525,2.2711,0.072636,Amor,0,1999,2038-03-14
NEO-102528,(NEO-102528) 2019 DC52,0.0164,10.24,0.003206,479628.8,22.94,0.49,1.7966,6.0,879.6,0.9162,2.677,0.002496,Apollo,0,2019,2042-04-09
NEO-100124,(NEO-100124) 1996 ZE40,0.0484,8.54,0.030099,4502679.9,23.14,0.75,1.7831,0.53,869.7,0.4458,3.1205,0.036886,Apollo,0,1996,2030-02-24
NEO-100828,(NEO-100828) 2020 VR77,0.0068,22.84,0.034498,5160879.1,23.07,0.3726,1.0337,0.24,383.9,0.6485,1.419,0.033601,Apollo,0,2020,2036-01-21
NEO-101294,(NEO-101294) 2002 OM55,0.0792,25.11,0.015747,2355728.6,23.34,0.5572,1.6679,14.23,786.8,0.7385,2.5974,0.014838,Apollo,0,2002,2036-03-02
NEO-103112,(NEO-103112) 1991 PW38,0.0048,25.63,0.079521,11896135.8,23.42,0.5013,2.0725,3.99,1089.8,1.0335,3.1115,0.10103,Amor,0,1991,2036-01-16
PHA-300522,(PHA-300522) 2004 WE64,0.6451,25.84,0.005532,827584.7,16.99,0.3689,0.75,12.66,237.2,0.4733,1.0267,0.0049,Aten,1,2004,2035-07-17
NEO-103466,(NEO-103466) 1994 NP49,0.0342,15.24,0.192427,28786678.2,25.35,0.1431,1.055,16.53,395.8,0.904,1.206,0.185533,Apollo,0,1994,2039-09-09
NEO-102200,(NEO-102200) 2017 DM67,0.0343,18.33,0.061198,9155025.3,29.74,0.2499,1.8901,0.79,949.1,1.4177,2.3625,0.07234,Atira,0,2017,2043-09-20
NEO-101005,(NEO-101005) 1996 OK60,0.13,17.81,0.04224,6319008.5,25.11,0.5373,1.2035,2.83,482.2,0.5569,1.8501,0.051209,Apollo,0,1996,2025-10-01
NEO-101898,(NEO-101898) 2002 ZU15,0.0117,20.75,0.014928,2233174.3,26.75,0.4739,0.7597,2.14,241.8,0.3997,1.1197,0.010684,Aten,0,2002,2039-05-07
NEO-102817,(NEO-102817) 2004 CJ39,0.0164,20.58,0.057206,8557898.8,23.44,0.3807,0.7,1.29,213.9,0.4335,0.9665,0.063176,Atira,0,2004,2025-08-19
NEO-102124,(NEO-102124) 2012 TC77,0.061,8.67,0.120372,18007354.1,23.68,0.477,1.4443,9.52,634.0,0.7555,2.1332,0.115564,Apollo,0,2012,2030-09-17
NEO-100778,(NEO-100778) 2019 QG94,0.0039,18.56,0.161357,24138598.8,31.5,0.1698,1.2482,10.52,509.4,1.0363,1.4602,0.186481,Amor,0,2019,2039-08-28
NEO-103149,(NEO-103149) 2010 FP32,0.0138,17.04,0.02715,4061549.7,22.92,0.5851,1.0693,8.54,403.9,0.4437,1.695,0.024027,Apollo,0,2010,2027-06-24
PHA-300629,(PHA-300629) 1999 MC94,0.7986,20.22,0.010518,1573407.0,15.62,0.1556,1.6372,4.25,765.1,1.3824,1.8919,0.00983,Apollo,1,1999,2038-09-20
NEO-103818,(NEO-103818) 2023 TT88,0.0844,17.43,0.03563,5330222.6,29.45,0.1891,1.2385,6.57,503.4,1.0043,1.4727,0.044524,Apollo,0,2023,2044-06-14
NEO-100958,(NEO-100958) 1990 AT70,0.4007,14.31,0.298921,44717920.4,17.61,0.2401,1.8689,6.42,933.2,1.4202,2.3177,0.262948,Atira,0,1990,2032-12-02
NEO-100143,(NEO-100143) 2017 QC36,0.135,8.44,0.010317,1543443.1,25.25,0.2085,1.0936,1.66,417.7,0.8656,1.3216,0.010139,Apollo,0,2017,2030-08-01
99942,99942 Apophis (2004 MN4),0.37,30.73,0.00025,37400.0,19.7,0.191,0.922,3.33,323.6,0.746,1.099,0.00025,Aten,1,2004,2029-04-13
NEO-101751,(NEO-101751) 1997 SF94,0.0535,20.85,0.002637,394515.4,25.67,0.4198,1.2011,0.1,480.8,0.6969,1.7054,0.002307,Apollo,0,1997,2038-11-19
NEO-103046,(NEO-103046) 1996 SM90,0.0086,11.27,0.01642,2456377.6,25.91,0.5882,0.9238,12.34,324.3,0.3804,1.4672,0.012078,Aten,0,1996,2043-10-23
NEO-103886,(NEO-103886) 2005 CA98,0.0441,9.02,0.007697,1151511.9,22.64,0.4544,1.1262,3.27,436.5,0.6144,1.638,0.0074,Apollo,0,2005,2043-05-10
NEO-102451,(NEO-102451) 1994 LD33,0.0648,26.67,0.017998,2692438.0,24.1,0.2838,0.9934,39.4,361.6,0.7115,1.2753,0.019285,Aten,0,1994,2044-12-02
NEO-101371,(NEO-101371) 2018 OV36,0.0159,22.9,0.4145,62008391.0,23.8,0.5592,1.2272,6.97,496.5,0.5409,1.9135,0.346405,Apollo,0,2018,2033-06-23
NEO-103199,(NEO-103199) 2008 XJ62,0.0461,18.16,0.386418,57807383.4,22.97,0.4661,1.6507,20.05,774.7,0.8814,2.4201,0.346314,Apollo,0,2008,2031-01-18
PHA-300237,(PHA-300237) 2004 GB24,2.1794,23.64,0.00611,914032.2,13.64,0.2963,1.7577,9.98,851.1,1.2368,2.2785,0.004315,Apollo,1,2004,2044-02-11
NEO-103769,(NEO-103769) 2004 FG51,0.0432,10.5,0.003916,585841.1,24.03,0.3292,1.6265,6.28,757.6,1.0911,2.1619,0.004266,Amor,0,2004,2031-06-14
NEO-101826,(NEO-101826) 2016 HO15,0.0257,24.81,0.050246,7516718.6,23.99,0.5529,1.0775,2.85,408.5,0.4817,1.6733,0.049023,Apollo,0,2016,2031-06-16
NEO-100265,(NEO-100265) 2009 HS18,0.13,20.68,0.380612,56938738.1,24.01,0.2165,1.669,38.3,787.6,1.3078,2.0303,0.485592,Atira,0,2009,2031-04-11
NEO-102563,(NEO-102563) 2013 PK30,1.2938,23.44,0.139713,20900734.4,14.95,0.0515,1.8263,10.18,901.4,1.7322,1.9203,0.179557,Atira,0,2013,2040-11-13
NEO-102483,(NEO-102483) 2011 DD83,0.0919,23.89,0.270724,40499774.3,23.9,0.4542,2.1331,1.05,1137.9,1.1642,3.102,0.193618,Amor,0,2011,2032-11-06
NEO-103224,(NEO-103224) 1993 JL11,0.0335,23.36,0.007231,1081728.1,31.5,0.231,1.7047,3.33,813.0,1.3109,2.0986,0.009177,Atira,0,1993,2035-10-13
PHA-300278,(PHA-300278) 2005 VO9,0.14,19.52,0.007407,1108015.1,20.15,0.5873,0.9713,4.49,349.6,0.4009,1.5417,0.007688,Aten,1,2005,2044-03-09
NEO-100106,(NEO-100106) 1993 KC17,0.002,13.71,0.005685,850536.4,23.36,0.5011,1.3469,7.12,571.0,0.6719,2.0219,0.005843,Apollo,0,1993,2042-06-06
NEO-101520,(NEO-101520) 2019 XX49,0.002,13.73,0.081153,12140310.9,22.73,0.5751,1.4305,15.29,624.9,0.6079,2.2532,0.066749,Apollo,0,2019,2026-09-20
NEO-101847,(NEO-101847) 1996 QP55,0.3934,6.36,0.063969,9569562.6,17.4,0.3291,2.5326,5.52,1472.1,1.6991,3.3661,0.063723,Atira,0,1996,2040-01-16
NEO-102057,(NEO-102057) 1999 AZ71,0.0236,13.87,0.032772,4902602.3,28.35,0.5762,1.1757,19.5,465.6,0.4983,1.8532,0.029482,Apollo,0,1999,2039-07-26
NEO-103229,(NEO-103229) 2022 TU46,0.2779,15.34,0.170415,25493712.9,18.07,0.3468,1.6136,12.59,748.6,1.054,2.1731,0.221178,Amor,0,2022,2026-10-12
NEO-102035,(NEO-102035) 2007 AL69,0.0101,18.76,0.053024,7932243.7,22.87,0.3613,1.3596,7.93,579.0,0.8683,1.8508,0.053243,Apollo,0,2007,2027-10-03
NEO-103936,(NEO-103936) 2025 BQ75,0.6129,23.19,0.133089,19909891.6,16.74,0.3079,1.3514,7.18,573.8,0.9353,1.7675,0.112882,Apollo,0,2025,2032-02-05
PHA-300262,(PHA-300262) 1996 ZS41,2.1967,23.27,0.023878,3572078.8,13.17,0.3996,1.4789,9.34,656.9,0.8879,2.0699,0.020899,Apollo,1,1996,2037-03-01
NEO-103966,(NEO-103966) 1995 PT96,0.0214,25.19,0.361017,54007333.4,22.95,0.2329,0.9717,3.39,349.8,0.7454,1.1979,0.391655,Aten,0,1995,2028-12-09
NEO-101295,(NEO-101295) 2022 DL90,0.8954,8.7,0.170057,25440105.7,15.64,0.3188,2.4022,4.33,1359.9,1.6364,3.1681,0.175815,Atira,0,2022,2025-06-16
NEO-103376,(NEO-103376) 2006 WJ9,0.0315,20.09,0.018155,2715944.4,22.23,0.3277,0.7322,0.1,228.8,0.4922,0.9721,0.017408,Atira,0,2006,2044-01-15
PHA-300268,(PHA-300268) 1998 PZ55,0.1413,26.44,0.019298,2886949.9,19.65,0.4825,1.3644,0.82,582.1,0.7061,2.0228,0.017368,Apollo,1,1998,2043-10-17
NEO-100128,(NEO-100128) 1993 JH66,0.0536,10.91,0.059874,8957049.7,23.68,0.1015,1.5503,17.61,705.0,1.3929,1.7076,0.0694,Atira,0,1993,2035-01-15
NEO-103492,(NEO-103492) 2013 JP5,0.9018,17.04,0.411963,61628740.6,15.71,0.4222,1.1,10.83,421.4,0.6356,1.5644,0.4541,Apollo,0,2013,2041-11-01
NEO-101397,(NEO-101397) 2000 WA47,0.0214,16.05,0.001256,187880.8,22.29,0.4159,1.4501,0.46,637.8,0.847,2.0532,0.001515,Apollo,0,2000,2041-03-19
NEO-102727,(NEO-102727) 2009 FC74,0.0356,23.71,0.081104,12133054.2,23.33,0.192,1.5335,5.85,693.6,1.2392,1.8279,0.070771,Amor,0,2009,2029-02-16
NEO-101344,(NEO-101344) 2001 LQ29,0.0226,29.89,0.022002,3291411.3,24.7,0.5227,1.5263,5.75,688.7,0.7285,2.324,0.028544,Apollo,0,2001,2028-04-20
NEO-103823,(NEO-103823) 2016 JW16,0.0752,18.15,0.035272,5276595.9,23.32,0.5415,1.7085,1.81,815.7,0.7834,2.6336,0.041505,Apollo,0,2016,2042-02-23
NEO-102759,(NEO-102759) 2024 BT38,0.9878,10.36,0.602815,90179896.9,15.64,0.55,1.7175,8.31,822.1,0.7729,2.6621,0.426403,Apollo,0,2024,2025-04-22
NEO-101590,(NEO-101590) 2019 WG27,0.13,23.34,0.43954,65754285.3,23.96,0.1961,1.665,6.01,784.7,1.3385,1.9914,0.447748,Atira,0,2019,2031-03-26
NEO-103656,(NEO-103656) 1998 GS46,0.0254,4.0,0.003303,494085.6,30.69,0.432,1.014,0.62,372.9,0.5759,1.452,0.003086,Apollo,0,1998,2044-07-09
NEO-100874,(NEO-100874) 2020 OW34,0.0558,11.22,0.071007,10622491.4,23.24,0.05,1.7418,11.89,839.6,1.6547,1.8289,0.075244,Atira,0,2020,2032-10-20
NEO-103701,(NEO-103701) 1996 HD59,0.0314,26.28,0.01308,1956704.7,23.19,0.5384,0.7855,8.79,254.3,0.3625,1.2084,0.009642,Aten,0,1996,2043-12-21
NEO-101933,(NEO-101933) 1995 AL28,0.3658,11.68,0.131003,19597841.2,17.5,0.55,2.1409,0.5,1144.2,0.9634,3.3185,0.125323,Apollo,0,1995,2038-07-27
NEO-101803,(NEO-101803) 1994 HR8,0.0109,13.79,0.368315,55099124.3,23.05,0.5481,1.3486,4.06,572.0,0.6094,2.0878,0.426061,Apollo,0,1994,2035-01-24
NEO-102225,(NEO-102225) 2015 XA62,0.0546,14.11,0.018641,2788624.2,22.22,0.5454,1.4811,0.41,658.4,0.6734,2.2889,0.01675,Apollo,0,2015,2028-03-12
NEO-102385,(NEO-102385) 2021 YJ9,0.051,23.82,0.052995,7927916.1,22.25,0.0678,1.742,3.75,839.8,1.6239,1.8602,0.054494,Atira,0,2021,2037-02-03
PHA-300145,(PHA-300145) 2011 YU41,0.4144,23.4,0.035852,5363385.8,17.06,0.15,1.6257,13.63,757.1,1.3819,1.8696,0.02844,Apollo,1,2011,2035-09-19
NEO-103054,(NEO-103054) 1990 SQ42,0.0847,11.2,0.005806,868515.4,22.71,0.2136,0.7,6.03,213.9,0.5505,0.8495,0.005541,Atira,0,1990,2035-05-16
NEO-100161,(NEO-100161) 1991 CR73,0.002,17.26,0.018115,2709937.0,22.66,0.1209,1.0194,3.64,375.9,0.8961,1.1427,0.017888,Apollo,0,1991,2025-03-23
NEO-101767,(NEO-101767) 1998 WF73,0.022,5.92,0.006513,974338.4,25.1,0.269,1.1188,0.73,432.2,0.8179,1.4197,0.007409,Apollo,0,1998,2027-04-26
NEO-103316,(NEO-103316) 2000 PM50,0.0428,21.38,0.420887,62963750.7,23.51,0.2191,1.034,7.71,384.1,0.8075,1.2606,0.504538,Apollo,0,2000,2034-03-24
NEO-101259,(NEO-101259) 1994 UE39,0.0466,17.42,0.272268,40730697.5,23.1,0.1047,2.0958,1.0,1108.2,1.8763,2.3153,0.197664,Atira,0,1994,2031-04-03
NEO-103764,(NEO-103764) 2021 LA6,0.066,31.44,0.251041,37555164.8,25.08,0.2983,1.2558,1.54,514.0,0.8812,1.6303,0.306392,Apollo,0,2021,2041-12-07
NEO-100157,(NEO-100157) 2006 RC65,0.042,5.86,0.036749,5497505.9,29.94,0.1451,1.1749,8.03,465.1,1.0044,1.3454,0.043653,Apollo,0,2006,2031-05-19
NEO-101513,(NEO-101513) 2024 RX20,0.016,7.91,0.017475,2614289.5,22.92,0.3238,1.5217,1.7,685.6,1.029,2.0145,0.01608,Amor,0,2024,2034-07-24
NEO-100927,(NEO-100927) 2002 RH72,0.9303,22.01,0.197438,29536337.4,15.77,0.4369,1.519,15.8,683.8,0.8553,2.1827,0.186969,Apollo,0,2002,2039-03-05
NEO-103562,(NEO-103562) 2014 RZ52,0.7759,9.9,0.163325,24433051.4,16.03,0.4781,1.6904,0.5,802.7,0.8821,2.4987,0.124388,Apollo,0,2014,2025-11-21
NEO-103855,(NEO-103855) 2004 UB15,0.0672,17.72,0.058037,8682267.3,23.29,0.4338,1.4827,14.66,659.4,0.8395,2.126,0.052627,Apollo,0,2004,2029-02-25
NEO-101453,(NEO-101453) 2022 CR84,0.0151,14.96,0.050456,7548118.8,23.69,0.2659,1.059,0.39,398.0,0.7774,1.3405,0.046718,Apollo,0,2022,2026-01-22
NEO-102270,(NEO-102270) 2006 CO24,0.0549,16.62,0.030149,4510273.8,27.34,0.1544,1.3615,2.02,580.2,1.1512,1.5717,0.035476,Amor,0,2006,2027-09-03
NEO-100118,(NEO-100118) 2021 LW34,0.0571,16.89,0.271948,40682908.1,22.1,0.1224,1.7796,1.98,867.1,1.5618,1.9975,0.278808,Atira,0,2021,2044-07-12
NEO-101922,(NEO-101922) 2015 BN53,0.1153,13.06,0.009806,1466964.8,27.63,0.3556,1.6199,4.73,753.0,1.0438,2.1959,0.007209,Amor,0,2015,2041-06-09
NEO-102462,(NEO-102462) 2022 EL30,0.0165,4.66,0.043723,6540887.5,24.86,0.1757,1.4999,6.91,671.0,1.2364,1.7634,0.055606,Amor,0,2022,2041-11-21
NEO-100576,(NEO-100576) 2005 FL72,0.0052,12.32,0.048794,7299493.4,22.7,0.246,0.8944,1.39,308.9,0.6744,1.1144,0.045987,Aten,0,2005,2037-01-17
NEO-100771,(NEO-100771) 2020 FN31,0.0238,13.33,0.41578,62199845.3,25.63,0.5351,1.3816,5.89,593.2,0.6424,2.1209,0.379098,Apollo,0,2020,2026-07-16
PHA-300200,(PHA-300200) 1996 KL25,1.6703,13.42,0.047405,7091715.0,14.7,0.4397,1.3571,0.52,577.4,0.7603,1.9539,0.039222,Apollo,1,1996,2042-11-23
NEO-102746,(NEO-102746) 1991 VR83,0.002,12.29,0.010983,1643057.0,23.12,0.4084,1.5237,1.36,687.0,0.9014,2.1461,0.010958,Apollo,0,1991,2044-08-10
NEO-100633,(NEO-100633) 2024 XR24,0.035,15.71,0.016268,2433642.8,23.22,0.1337,0.994,1.43,362.0,0.8611,1.1268,0.012992,Aten,0,2024,2029-09-22
NEO-100685,(NEO-100685) 1998 PU58,0.0137,20.35,0.009418,1408945.7,22.86,0.4633,1.3106,12.57,548.0,0.7034,1.9179,0.007428,Apollo,0,1998,2043-01-22
NEO-100571,(NEO-100571) 2008 HK92,0.071,17.04,0.047617,7123424.8,25.91,0.1273,1.9399,9.51,986.9,1.693,2.1867,0.043247,Atira,0,2008,2030-05-19
PHA-300254,(PHA-300254) 2020 PG29,0.5435,29.36,0.016404,2453983.4,16.6,0.4342,1.9136,6.11,966.9,1.0827,2.7445,0.009902,Apollo,1,2020,2027-08-23
NEO-103733,(NEO-103733) 2023 CZ54,0.0195,19.44,0.007279,1088996.1,25.37,0.5823,1.0542,30.49,395.3,0.4404,1.668,0.006493,Apollo,0,2023,2040-02-17
NEO-100675,(NEO-100675) 1994 UW47,0.0759,24.57,0.057153,8550019.3,22.4,0.7026,1.5132,0.95,679.9,0.45,2.5763,0.063852,Apollo,0,1994,2043-08-02
PHA-300690,(PHA-300690) 2001 WG87,1.1101,23.74,0.013713,2051496.1,15.31,0.589,1.4596,1.8,644.0,0.5999,2.3192,0.008312,Apollo,1,2001,2041-06-15
NEO-102278,(NEO-102278) 2013 TV96,0.095,17.88,0.01758,2629870.7,24.82,0.339,1.4182,4.17,616.9,0.9374,1.8989,0.019295,Apollo,0,2013,2028-04-05
PHA-300634,(PHA-300634) 2006 ZY17,1.0385,19.41,0.01868,2794492.6,15.43,0.5476,1.1866,4.93,472.1,0.5369,1.8364,0.020193,Apollo,1,2006,2037-03-18
NEO-103919,(NEO-103919) 1991 GY63,0.0207,21.04,0.004611,689870.5,24.66,0.4261,1.7504,6.09,845.9,1.0045,2.4963,0.003727,Apollo,0,1991,2031-12-22
NEO-100581,(NEO-100581) 2015 OK28,0.0878,21.55,0.013169,1970019.0,24.27,0.1003,1.3103,4.65,547.9,1.1789,1.4418,0.013328,Amor,0,2015,2039-11-07
NEO-103862,(NEO-103862) 2023 PA62,0.0229,20.16,0.026246,3926277.1,26.05,0.1402,1.3992,2.99,604.5,1.2029,1.5954,0.021523,Amor,0,2023,2043-02-14
NEO-100105,(NEO-100105) 2025 ZF28,0.0107,16.55,0.05181,7750664.9,24.34,0.3943,1.1784,4.41,467.2,0.7138,1.643,0.046506,Apollo,0,2025,2037-11-12
NEO-102032,(NEO-102032) 2012 GR45,0.7341,13.98,0.069003,10322676.2,16.59,0.3067,2.1877,18.04,1181.9,1.5169,2.8586,0.075068,Atira,0,2012,2033-03-16
NEO-103694,(NEO-103694) 2009 KN52,0.0035,4.0,0.020984,3139146.6,27.24,0.4219,0.7,2.66,213.9,0.4046,0.9954,0.02102,Aten,0,2009,2030-12-14
PHA-300185,(PHA-300185) 2007 PU83,0.3263,19.09,0.006674,998432.5,17.92,0.3478,1.4948,14.79,667.5,0.9749,2.0147,0.005032,Apollo,1,2007,2029-04-14
NEO-103519,(NEO-103519) 1993 BJ75,0.0527,15.6,0.003305,494407.5,26.16,0.2157,1.2255,4.94,495.5,0.9611,1.4898,0.003816,Apollo,0,1993,2025-11-16
NEO-102605,(NEO-102605) 2005 AT61,0.4244,17.33,0.071036,10626854.5,17.29,0.2075,1.387,1.95,596.6,1.0992,1.6747,0.052,Amor,0,2005,2035-11-21
NEO-102840,(NEO-102840) 2004 SD37,0.0059,9.01,0.001717,256802.0,31.35,0.2674,1.4284,4.5,623.5,1.0465,1.8102,0.001467,Amor,0,2004,2041-06-04
NEO-101036,(NEO-101036) 1990 CG73,0.0062,22.4,0.041325,6182070.7,24.95,0.2661,1.3566,2.52,577.1,0.9956,1.7176,0.03745,Apollo,0,1990,2031-10-08
NEO-100994,(NEO-100994) 1995 FF66,0.015,19.53,0.003471,519288.9,26.45,0.1212,0.7147,7.69,220.7,0.6281,0.8013,0.002792,Atira,0,1995,2029-12-14
NEO-103848,(NEO-103848) 2001 AF81,0.318,14.48,0.058401,8736717.7,17.91,0.1577,1.5367,4.47,695.8,1.2944,1.7791,0.058773,Amor,0,2001,2036-12-27
PHA-300236,(PHA-300236) 2004 BB60,0.2846,38.65,0.018634,2787672.5,18.35,0.3191,1.4246,6.05,621.0,0.97,1.8791,0.015767,Apollo,1,2004,2025-12-21
NEO-102520,(NEO-102520) 1993 WZ93,0.0039,14.98,0.03952,5912166.4,23.89,0.5672,0.8421,7.61,282.2,0.3645,1.3197,0.049182,Aten,0,1993,2044-06-21
NEO-100934,(NEO-100934) 2009 OU56,0.2022,8.46,0.475447,71125872.0,19.29,0.1311,1.4853,21.26,661.2,1.2906,1.68,0.34564,Amor,0,2009,2030-11-11
NEO-103847,(NEO-103847) 1996 EW80,0.0134,33.86,0.066778,9989853.4,25.05,0.5539,1.7555,0.33,849.6,0.7832,2.7278,0.046986,Apollo,0,1996,2043-01-05
NEO-102554,(NEO-102554) 1996 SX38,0.0085,22.3,0.011739,1756184.5,27.29,0.7126,1.1754,5.92,465.4,0.3378,2.0129,0.014093,Apollo,0,1996,2028-12-09
NEO-100099,(NEO-100099) 2009 RK22,0.0421,8.54,0.035739,5346498.0,22.27,0.0679,1.6528,10.37,776.1,1.5407,1.765,0.040264,Atira,0,2009,2040-01-27
NEO-103186,(NEO-103186) 2021 MC64,0.0043,16.11,0.007022,1050466.8,22.93,0.4216,1.4742,7.37,653.7,0.8527,2.0956,0.007609,Apollo,0,2021,2026-08-09
NEO-100361,(NEO-100361) 2008 WA81,0.0303,12.72,0.001114,166592.1,26.43,0.6983,1.0072,3.49,369.2,0.3039,1.7104,0.00144,Apollo,0,2008,2039-10-20
PHA-300258,(PHA-300258) 2007 SP55,0.3189,20.99,0.031961,4781340.0,18.3,0.297,1.2242,5.18,494.7,0.8606,1.5878,0.028419,Apollo,1,2007,2043-12-27
PHA-300659,(PHA-300659) 2012 PU86,0.5278,12.48,0.03453,5165556.3,16.94,0.4575,1.3879,5.02,597.2,0.753,2.0228,0.02672,Apollo,1,2012,2038-04-02
NEO-100732,(NEO-100732) 2012 JQ96,0.13,17.96,0.242171,36228303.3,22.1,0.1928,1.3615,15.53,580.3,1.099,1.6241,0.312923,Amor,0,2012,2034-12-13
NEO-103753,(NEO-103753) 2008 QS51,0.1929,13.39,0.15016,22463608.4,19.51,0.3512,1.9855,22.9,1021.8,1.2881,2.6828,0.127375,Amor,0,2008,2032-01-11
NEO-101178,(NEO-101178) 2004 OY85,0.0557,17.74,0.031661,4736423.9,31.5,0.3316,1.6394,10.52,766.7,1.0958,2.1831,0.03488,Amor,0,2004,2026-10-07
NEO-103660,(NEO-103660) 2010 TL8,0.3817,13.3,0.113996,17053527.5,17.17,0.2533,1.5478,7.21,703.3,1.1558,1.9398,0.11596,Amor,0,2010,2035-06-28
NEO-103441,(NEO-103441) 2002 UL78,0.13,14.67,0.145489,21764918.4,23.71,0.3934,0.9161,4.44,320.3,0.5557,1.2766,0.161307,Aten,0,2002,2041-12-22
NEO-101418,(NEO-101418) 2009 HN64,0.5955,9.47,0.316232,47307568.8,17.39,0.4181,2.4281,25.4,1381.9,1.4129,3.4432,0.410947,Atira,0,2009,2038-05-14
NEO-102873,(NEO-102873) 2003 LP63,0.8601,15.52,0.351122,52527043.6,16.03,0.3937,2.6532,1.51,1578.5,1.6087,3.6978,0.445336,Atira,0,2003,2031-09-04
NEO-101086,(NEO-101086) 2010 TD60,0.0157,28.22,0.039885,5966704.9,22.7,0.6242,1.6903,6.22,802.6,0.6351,2.7454,0.037868,Apollo,0,2010,2032-03-03
NEO-101994,(NEO-101994) 2015 YS65,2.2652,14.4,0.220369,32966786.2,13.86,0.3054,2.651,4.02,1576.5,1.8415,3.4605,0.20149,Atira,0,2015,2037-12-10
NEO-103803,(NEO-103803) 2009 BZ95,0.0305,13.66,0.022268,3331280.0,27.6,0.2387,1.4042,21.81,607.8,1.0691,1.7394,0.02648,Amor,0,2009,2041-12-22
NEO-102426,(NEO-102426) 2007 PA7,0.0025,11.84,0.026912,4025985.9,24.21,0.5788,1.5866,45.0,729.9,0.6682,2.505,0.033274,Apollo,0,2007,2043-05-17
PHA-300638,(PHA-300638) 2000 QK36,0.2609,22.11,0.019507,2918276.4,18.56,0.3072,0.9495,2.39,337.9,0.6578,1.2411,0.021455,Aten,1,2000,2044-12-25
PHA-300533,(PHA-300533) 2002 KK69,1.3335,36.84,0.012773,1910809.3,14.55,0.4539,1.1793,10.14,467.8,0.6441,1.7146,0.009008,Apollo,1,2002,2041-12-05
NEO-103225,(NEO-103225) 2005 KF66,0.1883,15.72,0.131647,19694044.6,19.38,0.1469,1.5008,22.49,671.5,1.2803,1.7212,0.137215,Amor,0,2005,2030-12-06
NEO-102961,(NEO-102961) 1995 BE84,0.0136,9.3,0.023421,3503799.7,23.87,0.7267,1.8367,4.54,909.2,0.502,3.1714,0.018283,Apollo,0,1995,2025-01-19
NEO-101550,(NEO-101550) 1992 MU30,1.7512,18.1,0.230259,34446316.8,14.47,0.215,1.7661,9.81,857.2,1.3864,2.1458,0.24606,Atira,0,1992,2029-03-09
NEO-103061,(NEO-103061) 2006 WH2,0.0625,26.13,0.382128,57165495.5,22.44,0.7,1.5187,37.92,683.6,0.4556,2.5817,0.457727,Apollo,0,2006,2030-01-16
NEO-102619,(NEO-102619) 2002 JL37,0.9411,16.09,0.164091,24547677.2,15.54,0.1389,2.3061,5.92,1279.1,1.9858,2.6263,0.164244,Atira,0,2002,2037-02-22
PHA-300249,(PHA-300249) 2004 ZG50,0.14,16.13,0.002441,365187.4,19.21,0.1938,0.947,8.17,336.6,0.7635,1.1306,0.001886,Aten,1,2004,2043-04-18
NEO-101195,(NEO-101195) 2011 QO76,0.002,16.29,0.004059,607151.9,22.69,0.2139,1.6847,1.72,798.7,1.3244,2.045,0.004904,Atira,0,2011,2032-07-16
NEO-101307,(NEO-101307) 2021 BK37,0.043,18.77,0.03047,4558303.8,25.39,0.1774,1.8397,2.12,911.4,1.5134,2.1661,0.028394,Atira,0,2021,2037-07-17
NEO-101956,(NEO-101956) 2021 XY25,0.0404,8.49,0.065842,9849853.6,24.08,0.3514,1.6404,0.66,767.4,1.0639,2.217,0.072364,Amor,0,2021,2038-11-27
NEO-101091,(NEO-101091) 2001 DH93,0.13,19.27,0.138607,20735249.9,22.87,0.481,0.8365,4.32,279.4,0.4341,1.2389,0.145983,Aten,0,2001,2026-02-08
NEO-100103,(NEO-100103) 2005 UH45,0.002,21.39,0.01131,1691994.6,23.95,0.5587,1.2889,3.44,534.5,0.5689,2.009,0.008171,Apollo,0,2005,2038-08-14
PHA-300602,(PHA-300602) 1996 HM33,0.5218,19.94,0.004769,713357.9,16.49,0.586,0.7831,0.89,253.1,0.3242,1.242,0.004516,Aten,1,1996,2039-12-15
NEO-100719,(NEO-100719) 2013 RL73,0.2532,12.28,0.618097,92466062.9,18.78,0.0594,1.9736,3.61,1012.7,1.8563,2.0909,0.7,Atira,0,2013,2031-09-01
NEO-100199,(NEO-100199) 1992 RZ45,0.0328,16.3,0.008107,1212808.5,26.64,0.1635,1.5583,1.79,710.5,1.3035,1.8131,0.006958,Atira,0,1992,2036-12-23
NEO-103328,(NEO-103328) 2010 UU74,0.0949,20.59,0.17081,25552798.4,22.63,0.1897,1.9943,2.75,1028.7,1.616,2.3726,0.153528,Atira,0,2010,2036-09-09
NEO-100328,(NEO-100328) 1995 TC76,0.0041,13.09,0.03539,5294266.8,23.39,0.1318,1.6461,7.29,771.4,1.4292,1.8631,0.041738,Atira,0,1995,2041-12-25
PHA-300209,(PHA-300209) 1999 FT77,0.2464,42.83,0.018629,2786793.3,18.52,0.3092,1.583,1.95,727.5,1.0935,2.0726,0.013772,Apollo,1,1999,2027-06-02
NEO-103462,(NEO-103462) 2011 FO4,0.0062,23.88,0.01751,2619526.3,23.73,0.5129,0.9794,6.0,354.0,0.477,1.4818,0.016977,Aten,0,2011,2027-09-19
PHA-300475,(PHA-300475) 2000 RE70,0.6184,15.31,0.013753,2057385.0,16.57,0.6367,1.0802,14.53,410.0,0.3924,1.7679,0.014872,Apollo,1,2000,2026-09-17
NEO-102464,(NEO-102464) 2009 QR52,0.0348,17.6,0.008367,1251667.1,23.12,0.4156,1.1053,3.64,424.4,0.6459,1.5647,0.007142,Apollo,0,2009,2029-06-22
NEO-101074,(NEO-101074) 2013 HM62,0.0106,13.78,0.03979,5952534.5,22.9,0.3704,1.4827,6.33,659.4,0.9335,2.0319,0.030725,Apollo,0,2013,2033-08-13
NEO-100825,(NEO-100825) 2000 FD91,0.0587,8.7,0.078006,11669565.9,22.54,0.2593,1.3282,5.4,559.1,0.9838,1.6727,0.055911,Apollo,0,2000,2041-03-07
NEO-101474,(NEO-101474) 1996 HC48,0.13,17.91,0.358661,53654936.2,22.34,0.6268,1.7964,18.6,879.4,0.6705,2.9224,0.319181,Apollo,0,1996,2039-02-01
PHA-300248,(PHA-300248) 2008 UN79,1.0738,23.28,0.0001,14959.8,15.59,0.746,2.131,12.46,1136.2,0.5413,3.7207,6.7e-05,Apollo,1,2008,2041-09-10
NEO-103282,(NEO-103282) 2012 SA69,0.0499,15.31,0.04613,6900960.0,23.26,0.4444,1.0479,6.97,391.8,0.5822,1.5137,0.039649,Apollo,0,2012,2025-06-03
PHA-300376,(PHA-300376) 2006 VF20,0.2355,24.11,0.005637,843244.9,18.81,0.5086,0.9688,6.29,348.3,0.476,1.4616,0.003561,Aten,1,2006,2036-02-18
NEO-100023,(NEO-100023) 2005 MJ29,0.0332,12.07,0.03974,5944995.0,24.67,0.414,0.7042,6.18,215.8,0.4127,0.9957,0.036892,Aten,0,2005,2036-12-19
NEO-102832,(NEO-102832) 2015 JV19,0.0583,14.88,0.363165,54328710.3,24.82,0.4848,1.8391,7.96,911.0,0.9475,2.7307,0.357466,Apollo,0,2015,2042-03-08
NEO-101616,(NEO-101616) 1997 YB15,0.0279,12.36,0.050946,7621426.0,25.53,0.4417,1.8173,29.45,894.8,1.0146,2.62,0.04716,Apollo,0,1997,2035-06-03
NEO-102830,(NEO-102830) 2003 HL69,0.0624,24.09,0.00243,363559.3,29.5,0.3425,1.1945,2.4,476.9,0.7854,1.6037,0.002467,Apollo,0,2003,2040-11-05
NEO-100653,(NEO-100653) 2002 NZ5,0.01,14.24,0.023437,3506116.5,23.86,0.4785,1.1282,4.86,437.7,0.5883,1.668,0.018548,Apollo,0,2002,2027-05-27
NEO-103252,(NEO-103252) 2018 FF42,0.4561,13.48,0.316532,47352570.8,16.47,0.55,2.1741,11.54,1170.9,0.9783,3.3698,0.314983,Apollo,0,2018,2037-09-05
NEO-103741,(NEO-103741) 1999 KF3,0.0316,14.22,0.049002,7330648.4,23.97,0.3116,1.704,3.41,812.5,1.173,2.235,0.053543,Amor,0,1999,2040-04-27
PHA-300543,(PHA-300543) 2024 BM22,0.3351,17.58,0.022178,3317783.6,17.59,0.82,0.8706,4.39,296.7,0.1567,1.5845,0.020498,Aten,1,2024,2044-02-27
NEO-100409,(NEO-100409) 2000 BY29,0.0093,25.47,0.023136,3461067.1,23.45,0.3559,1.107,5.66,425.4,0.7131,1.501,0.017142,Apollo,0,2000,2025-07-23
NEO-100303,(NEO-100303) 1990 HV98,0.0775,17.61,0.016283,2435970.7,28.35,0.1782,0.8185,3.89,270.5,0.6726,0.9644,0.02087,Atira,0,1990,2033-02-08
NEO-101681,(NEO-101681) 2015 PD27,0.0448,6.38,0.028662,4287702.1,22.4,0.3999,1.4261,26.84,622.0,0.8558,1.9964,0.020618,Apollo,0,2015,2028-11-07
NEO-101143,(NEO-101143) 1995 UU12,1.1296,20.11,0.39391,58928128.5,15.26,0.1943,1.2054,8.58,483.4,0.9712,1.4396,0.325783,Apollo,0,1995,2032-07-27
NEO-102983,(NEO-102983) 2016 JF81,0.0439,6.03,0.077135,11539189.1,31.5,0.3681,0.7263,5.09,226.1,0.459,0.9937,0.054147,Aten,0,2016,2025-12-08
NEO-103219,(NEO-103219) 2006 WX21,0.1205,15.81,0.204864,30647215.0,24.37,0.374,1.8724,8.61,935.8,1.1721,2.5727,0.254127,Amor,0,2006,2026-10-07
NEO-103459,(NEO-103459) 2009 JC58,1.6119,13.14,0.128352,19201116.2,14.57,0.1594,2.3163,9.53,1287.6,1.9471,2.6855,0.122445,Atira,0,2009,2038-12-03
PHA-300474,(PHA-300474) 2019 DT98,0.6306,22.91,0.020592,3080544.0,17.15,0.5043,1.5879,3.23,730.8,0.7871,2.3887,0.013594,Apollo,1,2019,2034-03-10
NEO-100496,(NEO-100496) 2024 NZ34,0.0285,8.11,0.103426,15472371.8,24.5,0.3889,1.2041,3.64,482.6,0.7358,1.6724,0.087464,Apollo,0,2024,2033-09-17
NEO-101405,(NEO-101405) 2017 NF29,0.0683,11.25,0.019732,2951854.5,23.87,0.4934,1.2114,3.72,487.0,0.6138,1.8091,0.018661,Apollo,0,2017,2029-01-16
1,1 Ceres,939.4,9.15,1.68,251300000.0,3.34,0.076,2.767,10.59,1681.6,2.557,2.977,1.58,Main Belt,0,1801,2024-07-06
NEO-103018,(NEO-103018) 2005 YE69,0.0393,22.75,0.017133,2563030.8,24.35,0.4723,1.7556,0.1,849.7,0.9265,2.5848,0.015427,Apollo,0,2005,2043-03-15
NEO-102150,(NEO-102150) 2022 LX28,0.006,6.04,0.027425,4102696.4,25.32,0.291,1.4669,3.37,648.9,1.0401,1.8937,0.027379,Amor,0,2022,2041-12-15
NEO-100626,(NEO-100626) 2004 GY16,0.0495,20.11,0.04833,7230066.6,26.19,0.2336,1.6761,11.03,792.6,1.2847,2.0676,0.045135,Amor,0,2004,2027-08-04
NEO-102874,(NEO-102874) 2016 LG46,0.0306,19.44,0.03021,4519414.7,26.59,0.1087,0.7776,0.97,250.4,0.693,0.8621,0.038567,Atira,0,2016,2042-01-19
NEO-100990,(NEO-100990) 2021 YT10,4.2953,16.28,0.306945,45918359.4,12.58,0.3881,1.6775,13.38,793.6,1.0265,2.3285,0.221002,Amor,0,2021,2043-09-22
PHA-300763,(PHA-300763) 2021 CN61,0.4302,20.58,0.011147,1667528.8,17.39,0.2237,1.1569,4.65,454.5,0.8981,1.4157,0.011754,Apollo,1,2021,2031-01-01
NEO-100187,(NEO-100187) 1998 OB85,0.0056,16.93,0.004572,683981.8,23.87,0.3098,0.9654,9.3,346.5,0.6663,1.2645,0.00468,Aten,0,1998,2034-09-03
NEO-101841,(NEO-101841) 2009 YH22,0.3235,14.49,0.179627,26871762.8,17.73,0.241,2.0918,6.46,1105.0,1.5876,2.5959,0.198724,Atira,0,2009,2041-11-18
NEO-103621,(NEO-103621) 2009 OA68,0.0252,14.84,0.298142,44601482.6,24.55,0.2805,1.2919,6.09,536.3,0.9295,1.6543,0.272668,Apollo,0,2009,2037-10-02
NEO-101167,(NEO-101167) 1993 ZE93,2.3575,18.87,0.168391,25190956.9,13.32,0.4165,1.9425,11.48,988.9,1.1334,2.7516,0.210098,Amor,0,1993,2028-06-12
NEO-103085,(NEO-103085) 1993 AH52,0.0137,4.0,0.011797,1764813.3,23.83,0.0586,1.1787,0.47,467.4,1.1096,1.2477,0.014002,Amor,0,1993,2040-04-13
NEO-100959,(NEO-100959) 2020 PO26,2.2253,10.72,0.101071,15120067.4,13.48,0.3167,2.3145,32.22,1286.1,1.5814,3.0475,0.080041,Atira,0,2020,2039-06-02
PHA-300436,(PHA-300436) 2023 WT46,0.14,21.86,0.008415,1258914.7,19.75,0.6337,1.772,3.86,861.5,0.6491,2.8948,0.008491,Apollo,1,2023,2030-09-16
NEO-100056,(NEO-100056) 2000 RX33,0.7984,3.5,0.070739,10582374.3,16.34,0.2227,1.5868,11.69,730.1,1.2334,1.9402,0.076912,Amor,0,2000,2035-03-27
PHA-300771,(PHA-300771) 1996 HY17,0.221,30.3,0.020189,3020157.9,19.32,0.2054,1.005,3.93,368.0,0.7986,1.2114,0.015076,Apollo,1,1996,2030-06-12
NEO-100925,(NEO-100925) 2022 SH72,0.0053,10.3,0.003273,489648.6,25.58,0.5122,2.11,4.1,1119.4,1.0293,3.1906,0.003277,Amor,0,2022,2034-06-10
NEO-103863,(NEO-103863) 2001 SZ38,0.0207,18.72,0.00777,1162421.8,24.29,0.5318,1.6301,3.45,760.2,0.7632,2.4971,0.010005,Apollo,0,2001,2033-11-13
NEO-100059,(NEO-100059) 2022 AG68,0.0028,22.88,0.012993,1943747.2,25.07,0.2108,1.0544,5.14,395.5,0.8321,1.2767,0.016327,Apollo,0,2022,2042-04-16
NEO-101403,(NEO-101403) 2007 AP93,0.0022,26.43,0.072746,10882703.8,22.99,0.1308,1.5921,2.48,733.7,1.3839,1.8002,0.056025,Atira,0,2007,2029-08-26
NEO-100267,(NEO-100267) 2010 MW1,0.0455,22.4,0.004932,737876.8,22.24,0.5937,1.0492,3.55,392.5,0.4263,1.6721,0.003545,Apollo,0,2010,2032-08-11
NEO-101918,(NEO-101918) 2009 QL64,0.0309,22.44,0.064839,9699736.9,24.71,0.5192,1.2495,20.42,510.1,0.6008,1.8982,0.083367,Apollo,0,2009,2040-09-26
NEO-103222,(NEO-103222) 1995 EH10,0.0198,12.03,0.003581,535714.1,23.48,0.2646,1.1601,7.26,456.4,0.8532,1.4671,0.002731,Apollo,0,1995,2037-02-21
NEO-103887,(NEO-103887) 2008 HP19,0.3714,10.67,0.063134,9444700.9,17.73,0.2494,2.6569,12.68,1581.8,1.9944,3.3195,0.062669,Atira,0,2008,2037-05-11
NEO-102987,(NEO-102987) 1998 YN94,0.6124,20.34,0.070735,10581856.4,16.98,0.4806,1.6836,2.89,797.9,0.8745,2.4927,0.089676,Apollo,0,1998,2029-05-24
NEO-100903,(NEO-100903) 2017 EX69,0.9737,14.45,0.099112,14826986.8,15.78,0.1303,1.9761,13.27,1014.6,1.7186,2.2336,0.072962,Atira,0,2017,2035-03-21
PHA-300600,(PHA-300600) 2015 AW92,1.2935,17.69,0.05,7479893.5,14.94,0.351,1.6805,8.17,795.7,1.0907,2.2702,0.03885,Apollo,1,2015,2027-07-04
PHA-300560,(PHA-300560) 2007 MJ68,0.3021,24.4,0.026765,4003968.9,18.42,0.2886,1.2835,11.43,531.1,0.913,1.6539,0.019355,Apollo,1,2007,2035-11-01
NEO-101673,(NEO-101673) 2008 VZ34,0.6247,11.32,0.167315,25029901.5,16.9,0.1841,1.8908,3.27,949.6,1.5426,2.2389,0.132765,Atira,0,2008,2041-12-08
NEO-102001,(NEO-102001) 1999 KG61,1.6546,13.12,0.06521,9755312.9,14.98,0.2042,2.2279,4.66,1214.6,1.7729,2.6829,0.07237,Atira,0,1999,2028-03-20
PHA-300333,(PHA-300333) 2001 JK50,1.0298,26.47,0.044433,6647138.5,14.92,0.3174,1.6737,32.8,790.9,1.1425,2.205,0.036722,Apollo,1,2001,2028-12-13
NEO-103480,(NEO-103480) 2019 OZ67,0.1271,17.22,0.043314,6479611.0,24.89,0.2394,1.9299,8.45,979.3,1.4679,2.3919,0.041806,Atira,0,2019,2036-06-17
NEO-102103,(NEO-102103) 2003 GH8,0.028,19.78,0.07099,10619930.8,24.75,0.4441,1.7301,20.99,831.2,0.9618,2.4985,0.073227,Apollo,0,2003,2026-10-05
PHA-300424,(PHA-300424) 1998 YP90,0.3389,17.98,0.019953,2984984.7,18.66,0.766,1.1783,31.56,467.2,0.2757,2.0808,0.018373,Apollo,1,1998,2031-10-16
NEO-101079,(NEO-101079) 1994 DM22,0.0291,18.32,0.422425,63193906.5,22.34,0.3535,2.1997,2.5,1191.6,1.422,2.9773,0.426574,Atira,0,1994,2036-09-15
NEO-102708,(NEO-102708) 1996 GT35,0.0726,14.51,0.028826,4312265.3,22.93,0.2662,1.1095,14.92,426.8,0.8141,1.4048,0.025058,Apollo,0,1996,2038-11-01
NEO-103844,(NEO-103844) 2016 YN93,0.005,15.42,0.300351,44931863.0,24.38,0.2521,1.3103,1.74,547.8,0.98,1.6406,0.279783,Apollo,0,2016,2036-12-24
NEO-101245,(NEO-101245) 2006 OC9,0.036,10.33,0.004625,691902.8,23.05,0.1426,0.8732,6.95,298.0,0.7487,0.9977,0.005278,Aten,0,2006,2027-05-07
NEO-100713,(NEO-100713) 2003 EW2,0.0148,14.97,0.248313,37147099.0,23.07,0.4322,1.0827,11.03,411.5,0.6147,1.5507,0.18652,Apollo,0,2003,2043-06-04
NEO-101286,(NEO-101286) 2003 DQ46,0.009,6.08,0.024599,3679884.7,22.21,0.666,1.2666,5.63,520.6,0.4231,2.1101,0.023979,Apollo,0,2003,2036-04-25
NEO-101840,(NEO-101840) 2012 SO77,0.0178,13.93,0.008756,1309853.2,22.52,0.5964,1.2666,14.73,520.6,0.5112,2.022,0.010281,Apollo,0,2012,2043-06-15
NEO-100693,(NEO-100693) 1998 LE65,0.0426,24.76,0.209961,31409687.2,24.57,0.6282,1.7485,13.22,844.5,0.6501,2.8469,0.204465,Apollo,0,1998,2029-10-28
NEO-100141,(NEO-100141) 1997 YJ11,0.0691,15.21,0.040104,5999399.2,23.64,0.4167,1.8126,3.53,891.3,1.0573,2.5679,0.051696,Amor,0,1997,2038-05-09
NEO-103408,(NEO-103408) 2005 AP66,1.4235,9.2,0.228229,34142569.6,14.82,0.2674,1.752,1.51,847.0,1.2835,2.2205,0.245232,Amor,0,2005,2033-04-09
PHA-300518,(PHA-300518) 2018 FF89,0.3406,21.36,0.005726,856557.2,17.7,0.3469,1.3243,27.27,556.6,0.8649,1.7837,0.004481,Apollo,1,2018,2037-11-04
PHA-300166,(PHA-300166) 2012 AN20,0.3414,16.63,0.004492,671992.9,17.96,0.3977,1.5463,8.24,702.3,0.9313,2.1612,0.003856,Apollo,1,2012,2043-03-13
NEO-102419,(NEO-102419) 1999 PU36,0.9097,20.62,0.132128,19766029.8,15.57,0.1875,1.7914,2.96,875.8,1.4554,2.1274,0.169011,Atira,0,1999,2025-06-24
NEO-102031,(NEO-102031) 2004 BJ43,0.005,13.63,0.44455,66503749.0,23.23,0.1659,1.3527,11.0,574.6,1.1283,1.5771,0.313178,Amor,0,2004,2042-01-25
NEO-103305,(NEO-103305) 2021 TF11,0.0114,18.5,0.006375,953639.1,22.32,0.2933,0.9846,4.02,356.9,0.6959,1.2734,0.008229,Aten,0,2021,2041-05-27
PHA-300562,(PHA-300562) 2007 HT64,0.2963,14.55,0.003992,597228.9,18.39,0.3892,1.8813,3.69,942.5,1.1492,2.6135,0.002659,Apollo,1,2007,2030-02-21
NEO-101330,(NEO-101330) 2022 ET44,0.13,7.49,0.2441,36516832.2,25.42,0.2647,1.8174,17.04,894.9,1.3363,2.2985,0.212066,Atira,0,2022,2034-12-23
NEO-102445,(NEO-102445) 2022 AS41,1.6267,20.09,0.152417,22801229.6,14.33,0.2978,2.546,4.89,1483.8,1.7879,3.3042,0.170833,Atira,0,2022,2025-04-18
NEO-101481,(NEO-101481) 2022 QN21,0.0032,12.65,0.007217,1079685.6,25.82,0.2212,1.6639,10.26,783.9,1.2958,2.032,0.007209,Amor,0,2022,2034-05-28
NEO-102168,(NEO-102168) 2024 ED78,0.008,11.5,0.007187,1075158.0,24.99,0.6563,0.8715,1.7,297.2,0.2995,1.4434,0.006241,Aten,0,2024,2036-05-01
NEO-101592,(NEO-101592) 1996 JX28,0.0157,23.97,0.015275,2285084.2,29.64,0.268,1.7553,0.13,849.4,1.2849,2.2257,0.016338,Amor,0,1996,2026-12-23
NEO-103338,(NEO-103338) 1992 SN86,0.3694,6.74,0.158521,23714455.8,17.56,0.2843,2.1209,1.95,1128.1,1.5179,2.7238,0.156956,Atira,0,1992,2043-02-17
NEO-101752,(NEO-101752) 2014 UF77,0.0023,14.43,0.050283,7522273.5,22.51,0.4598,1.2615,14.29,517.5,0.6814,1.8416,0.042021,Apollo,0,2014,2041-09-24
PHA-300373,(PHA-300373) 1997 PG71,0.8153,17.21,0.014981,2241186.4,16.88,0.5273,1.8832,44.38,943.9,0.8902,2.8762,0.01107,Apollo,1,1997,2040-08-23
NEO-100028,(NEO-100028) 2010 AC95,0.0221,12.97,0.013463,2014073.5,27.61,0.3304,1.124,0.87,435.2,0.7526,1.4954,0.010798,Apollo,0,2010,2025-11-03
NEO-101056,(NEO-101056) 2014 HS98,1.7563,13.6,0.095435,14276926.3,14.5,0.2009,1.5739,16.8,721.2,1.2576,1.8901,0.085444,Amor,0,2014,2038-05-25
PHA-300360,(PHA-300360) 2019 TC21,0.3175,23.82,0.013476,2016006.1,18.17,0.23,2.0157,8.55,1045.3,1.5522,2.4792,0.009501,Apollo,1,2019,2031-12-14
NEO-101507,(NEO-101507) 2011 OB37,0.0287,23.07,0.075816,11341974.4,24.46,0.1558,1.3602,14.97,579.4,1.1483,1.5721,0.06113,Amor,0,2011,2043-06-08
NEO-103330,(NEO-103330) 1990 OP44,0.9797,20.12,0.595922,89148640.3,15.48,0.1332,2.0543,8.19,1075.5,1.7807,2.3279,0.7,Atira,0,1990,2030-08-09
NEO-100281,(NEO-100281) 1997 MT47,0.0183,12.32,0.016987,2541199.6,25.89,0.2864,1.1579,4.44,455.1,0.8263,1.4894,0.022034,Apollo,0,1997,2031-11-08
NEO-101582,(NEO-101582) 2022 PF59,0.0196,15.2,0.029505,4413864.9,25.56,0.3233,1.6898,6.68,802.3,1.1435,2.2361,0.038282,Amor,0,2022,2040-12-01
NEO-102842,(NEO-102842) 2011 RU93,0.1059,15.36,0.002897,433415.8,23.61,0.2338,1.1907,4.72,474.6,0.9124,1.469,0.003173,Apollo,0,2011,2037-12-21
NEO-100512,(NEO-100512) 2024 XM31,0.2238,19.45,0.270872,40521864.5,18.95,0.55,2.6135,17.4,1543.2,1.1761,4.0509,0.328538,Amor,0,2024,2030-03-17
NEO-103592,(NEO-103592) 2017 JB49,0.1344,16.28,0.02475,3702616.0,23.52,0.3597,1.7965,4.75,879.5,1.1503,2.4428,0.024377,Amor,0,2017,2040-05-06
NEO-101349,(NEO-101349) 2018 TK52,0.1234,18.46,0.154048,23045183.0,25.5,0.7,2.2613,20.36,1242.0,0.6784,3.8442,0.137045,Apollo,0,2018,2033-01-26
NEO-103146,(NEO-103146) 2006 AX60,0.0087,14.19,0.126587,18937139.7,22.9,0.3807,1.1389,0.52,444.0,0.7053,1.5726,0.137349,Apollo,0,2006,2033-01-01
NEO-103832,(NEO-103832) 2009 PF15,0.0907,13.02,0.085195,12744939.0,22.82,0.3592,1.2309,5.19,498.8,0.7887,1.673,0.099171,Apollo,0,2009,2035-08-11
NEO-100347,(NEO-100347) 2007 TA27,0.13,20.92,0.382184,57173950.4,23.49,0.3861,0.8786,3.55,300.8,0.5393,1.2178,0.391209,Aten,0,2007,2036-11-21
NEO-101602,(NEO-101602) 1991 BL6,0.0116,18.56,0.426462,63797753.0,24.88,0.3084,1.5934,12.21,734.6,1.1019,2.0849,0.542621,Amor,0,1991,2031-05-01
NEO-101694,(NEO-101694) 1995 HV9,0.0048,17.79,0.005704,853378.9,23.96,0.0844,1.2939,5.03,537.6,1.1847,1.4031,0.005191,Amor,0,1995,2026-06-12
NEO-100598,(NEO-100598) 2006 QB17,0.0197,19.53,0.146938,21981647.1,22.33,0.3329,1.1719,1.2,463.4,0.7818,1.562,0.160845,Apollo,0,2006,2041-08-15
NEO-101370,(NEO-101370) 1991 DY69,0.0499,19.39,0.19714,29491703.5,28.14,0.5585,1.6477,3.72,772.6,0.7275,2.568,0.174273,Apollo,0,1991,2027-03-19
NEO-103607,(NEO-103607) 2013 HX68,0.0213,9.08,0.003245,485495.2,27.69,0.1565,0.8262,28.72,274.3,0.697,0.9555,0.003579,Atira,0,2013,2031-07-09
NEO-103239,(NEO-103239) 2025 ZD41,0.0196,20.58,0.00541,809320.7,30.4,0.3241,1.084,12.46,412.2,0.7326,1.4353,0.006822,Apollo,0,2025,2044-02-20
NEO-100050,(NEO-100050) 2004 GG29,0.0533,14.41,0.033239,4972465.3,22.91,0.7025,0.7,6.87,213.9,0.2082,1.1918,0.028266,Aten,0,2004,2040-11-22
NEO-101353,(NEO-101353) 2015 SW70,0.0511,7.15,0.045276,6773129.0,22.25,0.4777,1.5145,4.25,680.7,0.791,2.238,0.034389,Apollo,0,2015,2033-11-26
NEO-103346,(NEO-103346) 1998 BM71,0.0727,19.56,0.073588,11008567.8,22.64,0.4928,1.4777,8.94,656.1,0.7494,2.206,0.075773,Apollo,0,1998,2034-02-13
NEO-100427,(NEO-100427) 1990 EQ7,0.0226,24.47,0.006553,980365.7,25.14,0.75,0.9208,0.23,322.7,0.2302,1.6113,0.007764,Aten,0,1990,2025-06-25
NEO-101377,(NEO-101377) 2014 NH80,0.0462,10.64,0.196669,29421311.8,24.24,0.6616,1.1385,4.01,443.7,0.3852,1.8918,0.250528,Apollo,0,2014,2026-03-15
NEO-100016,(NEO-100016) 1990 JN88,0.0409,21.13,0.058952,8819030.1,22.38,0.1912,1.4552,1.96,641.2,1.177,1.7334,0.041425,Amor,0,1990,2041-02-26
NEO-102041,(NEO-102041) 2000 ZP13,0.13,25.32,0.12874,19259167.1,23.3,0.5605,1.762,13.53,854.3,0.7743,2.7496,0.133537,Apollo,0,2000,2042-05-22
PHA-300571,(PHA-300571) 2006 JU92,0.5369,21.51,0.0001,14959.8,16.69,0.4701,1.4893,6.36,663.8,0.7892,2.1893,9.6e-05,Apollo,1,2006,2025-12-25
PHA-300194,(PHA-300194) 2013 MG92,0.5883,22.65,0.024952,3732721.2,16.83,0.389,1.5388,9.51,697.2,0.9402,2.1374,0.016923,Apollo,1,2013,2034-11-22
NEO-100817,(NEO-100817) 2001 JQ96,0.0865,23.17,0.008039,1202656.5,23.44,0.3012,1.9018,4.06,957.9,1.329,2.4745,0.008769,Atira,0,2001,2034-07-10
NEO-101190,(NEO-101190) 1995 HH89,0.6013,14.17,0.276353,41341758.4,17.0,0.1713,1.1,27.73,421.4,0.9116,1.2884,0.353689,Apollo,0,1995,2027-12-21
NEO-100081,(NEO-100081) 2005 XE52,1.4312,9.39,0.18959,28362219.5,14.91,0.3205,1.5461,12.28,702.2,1.0506,2.0417,0.176786,Amor,0,2005,2026-08-10
PHA-300621,(PHA-300621) 2025 JD47,0.372,11.33,0.013535,2024743.3,17.29,0.7226,1.4034,39.07,607.2,0.3893,2.4174,0.010777,Apollo,1,2025,2031-11-10
NEO-102062,(NEO-102062) 2015 NM22,0.0075,20.71,0.038552,5767239.2,23.28,0.5022,1.337,18.36,564.6,0.6656,2.0083,0.042916,Apollo,0,2015,2030-08-28
NEO-101150,(NEO-101150) 2021 YT42,0.13,20.72,0.393668,58891894.5,24.84,0.2721,1.8191,9.7,896.1,1.324,2.3141,0.383325,Atira,0,2021,2044-08-19
PHA-300152,(PHA-300152) 2019 RS96,0.7987,16.54,0.007489,1120397.1,16.19,0.615,2.547,22.58,1484.7,0.9805,4.1135,0.008025,Apollo,1,2019,2043-01-06
NEO-103184,(NEO-103184) 2012 EG34,0.0736,15.72,0.03774,5645882.4,25.07,0.3192,1.077,16.69,408.2,0.7333,1.4208,0.028605,Apollo,0,2012,2039-12-18
NEO-101849,(NEO-101849) 1997 RO49,0.0052,17.13,0.090864,13592997.1,23.04,0.1145,1.3922,19.0,600.0,1.2328,1.5515,0.07686,Amor,0,1997,2036-07-08
NEO-103496,(NEO-103496) 1995 RY91,0.002,18.62,0.010434,1560858.5,23.7,0.0811,0.7,2.97,213.9,0.6432,0.7568,0.012211,Atira,0,1995,2035-12-24
PHA-300607,(PHA-300607) 2019 YT59,0.2078,25.47,0.000772,115456.8,19.69,0.5008,2.0278,0.71,1054.7,1.0123,3.0432,0.000577,Apollo,1,2019,2028-04-13
NEO-102957,(NEO-102957) 2014 QK86,0.0369,12.82,0.047562,7115141.7,22.63,0.6782,1.4053,0.1,608.5,0.4522,2.3584,0.034039,Apollo,0,2014,2037-03-05
NEO-100607,(NEO-100607) 1990 BK98,0.0148,12.82,0.033768,5051574.7,23.09,0.1862,1.3873,4.9,596.9,1.129,1.6457,0.037726,Amor,0,1990,2025-10-10
PHA-300537,(PHA-300537) 2012 CW19,0.3876,18.84,0.014569,2179472.8,17.14,0.82,2.0141,9.56,1044.0,0.3625,3.6657,0.012622,Apollo,1,2012,2028-01-13
NEO-102285,(NEO-102285) 2020 ME57,0.15,18.11,0.082048,12274207.9,19.67,0.3682,2.5226,6.2,1463.4,1.5937,3.4515,0.077947,Atira,0,2020,2027-01-10
NEO-103544,(NEO-103544) 2001 XS66,0.0823,24.04,0.023531,3520181.6,25.89,0.2692,0.7,3.96,213.9,0.5115,0.8885,0.027827,Atira,0,2001,2039-08-19
NEO-103192,(NEO-103192) 2017 HP69,0.024,5.72,0.182048,27234042.5,26.41,0.3921,1.2532,5.79,512.4,0.7618,1.7447,0.236512,Apollo,0,2017,2033-02-14
NEO-101414,(NEO-101414) 2007 VS53,2.7174,16.41,0.075371,11275340.9,14.24,0.02,2.3052,14.89,1278.4,2.2591,2.3513,0.093497,Atira,0,2007,2042-04-04
NEO-103654,(NEO-103654) 1990 VA55,0.0052,8.99,0.020393,3050707.8,24.75,0.3484,1.3825,1.59,593.7,0.9009,1.8642,0.017252,Apollo,0,1990,2033-05-13
NEO-101499,(NEO-101499) 2006 XF16,0.002,5.13,0.016289,2436810.1,22.91,0.2289,0.9538,12.05,340.2,0.7354,1.1721,0.014381,Aten,0,2006,2042-07-25
NEO-102954,(NEO-102954) 1990 OH27,0.011,8.14,0.023829,3564840.7,24.69,0.3717,1.9202,1.53,971.9,1.2064,2.634,0.026555,Amor,0,1990,2030-08-03
NEO-101037,(NEO-101037) 2002 CT22,0.1202,13.57,0.314907,47109352.2,23.55,0.1558,1.9276,5.35,977.5,1.6273,2.2278,0.222851,Atira,0,2002,2041-06-11
PHA-300630,(PHA-300630) 2021 VK22,0.14,34.07,0.020047,2998993.5,20.04,0.665,1.0574,11.41,397.1,0.3542,1.7606,0.018491,Apollo,1,2021,2030-11-10
NEO-102892,(NEO-102892) 2016 TU31,0.135,24.84,0.067604,10113364.6,27.27,0.2163,1.2214,7.31,493.1,0.9573,1.4856,0.050316,Apollo,0,2016,2032-01-03
PHA-300627,(PHA-300627) 2019 TN24,0.1649,20.14,0.027024,4042660.9,19.5,0.6872,1.2588,19.92,515.8,0.3937,2.1238,0.027939,Apollo,1,2019,2033-05-25
NEO-102453,(NEO-102453) 2020 TA77,0.1204,23.85,0.013673,2045439.9,25.28,0.653,1.7008,0.99,810.2,0.5901,2.8115,0.010967,Apollo,0,2020,2032-05-26
NEO-101960,(NEO-101960) 1990 PG80,0.5334,11.19,0.65,97238616.0,17.09,0.55,1.8379,11.93,910.1,0.8271,2.8488,0.7,Apollo,0,1990,2038-07-13
NEO-101272,(NEO-101272) 2023 OL2,0.0075,21.52,0.110971,16601004.3,22.52,0.6666,1.5039,8.42,673.6,0.5014,2.5063,0.135043,Apollo,0,2023,2032-10-16
NEO-101501,(NEO-101501) 2019 CY20,0.1267,18.13,0.393569,58877030.3,24.17,0.4404,1.9336,3.66,982.0,1.082,2.7852,0.324324,Amor,0,2019,2026-05-07
NEO-103418,(NEO-103418) 2018 OW45,0.5324,5.96,0.133524,19974895.9,16.75,0.3405,2.5519,0.99,1489.0,1.683,3.4208,0.110041,Atira,0,2018,2038-02-14
NEO-103391,(NEO-103391) 1990 PA45,0.0315,27.43,0.22744,34024506.6,24.52,0.7,2.024,3.85,1051.7,0.6072,3.4408,0.286166,Apollo,0,1990,2025-04-07
NEO-101935,(NEO-101935) 2013 UG74,0.0288,14.23,0.043855,6560618.7,24.34,0.61,0.7,2.0,213.9,0.273,1.127,0.033908,Aten,0,2013,2037-02-22
NEO-100097,(NEO-100097) 2009 WF7,0.0374,18.14,0.018151,2715320.4,25.61,0.2991,1.3828,0.86,593.9,0.9692,1.7965,0.015242,Apollo,0,2009,2031-06-14
PHA-300536,(PHA-300536) 2025 UK28,0.4439,22.82,0.031731,4746931.3,16.8,0.3438,0.9135,19.77,318.9,0.5995,1.2276,0.027165,Aten,1,2025,2041-05-14
NEO-102588,(NEO-102588) 2007 ZV26,0.9531,14.3,0.298036,44585570.0,15.76,0.1462,2.7253,3.41,1643.3,2.3269,3.1237,0.230804,Atira,0,2007,2041-12-26
NEO-103070,(NEO-103070) 1993 FM62,0.0469,22.4,0.080368,12022847.8,26.01,0.2295,1.3002,19.79,541.5,1.0018,1.5985,0.077595,Apollo,0,1993,2026-08-06
NEO-101204,(NEO-101204) 2015 CJ95,1.1363,9.91,0.077713,11625646.6,15.0,0.3496,1.3201,1.99,554.0,0.8586,1.7817,0.062985,Apollo,0,2015,2027-01-19
NEO-101061,(NEO-101061) 1993 KK54,0.0113,15.44,0.029492,4411885.0,23.12,0.1135,1.5699,8.68,718.4,1.3917,1.748,0.026352,Atira,0,1993,2043-09-26
NEO-100818,(NEO-100818) 2019 ED72,0.052,17.64,0.08688,12997116.6,23.46,0.3128,0.9422,10.25,334.1,0.6475,1.237,0.096956,Aten,0,2019,2044-04-26
NEO-102446,(NEO-102446) 2012 QE21,0.13,16.04,0.077261,11558014.0,24.84,0.5948,1.433,4.52,626.5,0.5806,2.2853,0.072439,Apollo,0,2012,2031-10-27
NEO-103795,(NEO-103795) 2011 GM58,0.0294,14.29,0.02019,3020427.1,22.25,0.4954,1.5809,2.63,726.0,0.7977,2.3641,0.024022,Apollo,0,2011,2031-03-24
NEO-101273,(NEO-101273) 1995 OZ98,1.6656,13.71,0.197445,29537407.0,14.14,0.2195,1.7525,18.69,847.4,1.3679,2.1372,0.198775,Atira,0,1995,2029-10-25
NEO-103483,(NEO-103483) 2000 LO78,1.1421,13.62,0.416652,62330268.8,15.12,0.3866,1.5136,3.78,680.2,0.9285,2.0988,0.47324,Apollo,0,2000,2031-06-28
NEO-102495,(NEO-102495) 2003 MN27,0.0167,22.76,0.019408,2903428.4,28.93,0.3666,1.2532,2.91,512.4,0.7938,1.7126,0.0225,Apollo,0,2003,2029-09-17
NEO-103495,(NEO-103495) 2021 DO65,0.0734,22.09,0.281786,42154659.4,22.99,0.1259,1.1501,0.83,450.5,1.0054,1.2949,0.308055,Apollo,0,2021,2043-04-07
NEO-103944,(NEO-103944) 2004 RB69,0.0201,14.77,0.009718,1453745.6,27.72,0.0784,1.2089,3.38,485.5,1.1141,1.3037,0.010742,Amor,0,2004,2028-02-06
NEO-100012,(NEO-100012) 2015 OM68,0.0181,4.0,0.001187,177621.2,25.23,0.1903,1.4416,15.6,632.2,1.1672,1.716,0.001428,Amor,0,2015,2027-11-07
PHA-300591,(PHA-300591) 2008 YF28,0.1846,22.46,0.002369,354359.5,19.17,0.7356,1.0226,0.64,377.7,0.2703,1.7749,0.001785,Apollo,1,2008,2037-06-08
NEO-101360,(NEO-101360) 2024 SP33,2.1416,14.84,0.272499,40765237.1,13.96,0.1372,2.2486,9.95,1231.6,1.94,2.5572,0.338907,Atira,0,2024,2037-08-19
NEO-102765,(NEO-102765) 2013 XB68,0.0841,5.72,0.023988,3588514.9,23.78,0.1158,1.5656,5.25,715.5,1.3842,1.7469,0.019113,Atira,0,2013,2036-07-16
NEO-103539,(NEO-103539) 1999 RM90,0.0764,13.26,0.445266,66610825.6,23.85,0.6392,1.5291,17.26,690.6,0.5517,2.5065,0.53517,Apollo,0,1999,2044-09-23
NEO-103315,(NEO-103315) 1993 XY29,1.4826,12.62,0.074019,11073071.4,14.84,0.55,1.3947,2.85,601.6,0.6276,2.1618,0.076324,Apollo,0,1993,2033-07-12
NEO-100758,(NEO-100758) 2019 NS95,0.0366,12.21,0.050042,7486119.2,23.58,0.4746,1.422,5.49,619.4,0.7471,2.0969,0.05285,Apollo,0,2019,2032-02-20
NEO-103275,(NEO-103275) 2000 UM97,0.3835,15.08,0.076262,11408590.4,17.16,0.1869,2.1967,12.56,1189.2,1.7861,2.6073,0.060322,Atira,0,2000,2032-09-27
NEO-103576,(NEO-103576) 2024 OU76,1.1921,16.41,0.567446,84888775.3,15.18,0.1602,1.9743,11.83,1013.2,1.6581,2.2905,0.501874,Atira,0,2024,2037-09-17
NEO-102871,(NEO-102871) 2002 LL9,0.002,26.75,0.003647,545556.0,24.98,0.1671,1.3468,2.33,570.9,1.1217,1.5719,0.004562,Amor,0,2002,2037-07-25
NEO-100246,(NEO-100246) 2017 CX72,0.4511,9.09,0.079686,11920833.3,17.33,0.2462,1.1,18.29,421.4,0.8292,1.3708,0.073603,Apollo,0,2017,2033-09-18
NEO-100951,(NEO-100951) 1997 FC41,0.0023,10.35,0.003883,580916.2,24.92,0.681,1.0378,8.02,386.2,0.3311,1.7445,0.002805,Apollo,0,1997,2036-02-23
NEO-103794,(NEO-103794) 1993 KA84,0.2257,14.55,0.244121,36520051.1,19.5,0.5026,2.46,5.25,1409.3,1.2236,3.6965,0.26602,Amor,0,1993,2044-10-06
NEO-100459,(NEO-100459) 2011 ZL58,0.006,20.51,0.061042,9131693.4,26.79,0.6948,1.7135,4.79,819.3,0.5229,2.9041,0.059631,Apollo,0,2011,2037-11-17
NEO-102022,(NEO-102022) 2020 ZD85,0.0718,10.91,0.149316,22337326.5,24.14,0.4176,1.3551,13.41,576.1,0.7891,1.921,0.168656,Apollo,0,2020,2031-09-19
NEO-103742,(NEO-103742) 2020 EY46,0.042,18.88,0.428456,64096124.0,23.52,0.0581,1.5026,6.26,672.8,1.4153,1.5899,0.344915,Atira,0,2020,2031-01-18
NEO-101012,(NEO-101012) 2009 GG16,0.018,19.27,0.164987,24681636.5,22.43,0.2911,1.4613,2.25,645.2,1.0359,1.8866,0.150148,Amor,0,2009,2035-03-28
NEO-103336,(NEO-103336) 2009 QV20,0.0079,21.28,0.006499,972240.9,22.23,0.2779,1.9706,12.59,1010.4,1.423,2.5181,0.008052,Atira,0,2009,2036-12-18
NEO-100195,(NEO-100195) 1994 QN96,0.5968,16.96,0.229362,34311994.2,16.47,0.2877,1.27,0.5,522.7,0.9046,1.6354,0.26659,Apollo,0,1994,2026-08-24
NEO-102800,(NEO-102800) 2021 HE80,0.0103,11.74,0.009288,1389446.3,22.95,0.399,1.6468,19.65,771.9,0.9897,2.3038,0.010126,Apollo,0,2021,2031-09-21
NEO-100502,(NEO-100502) 2020 NV24,0.0556,27.51,0.023059,3449568.6,23.83,0.0937,1.8917,4.04,950.3,1.7144,2.069,0.017063,Atira,0,2020,2029-04-23
PHA-300465,(PHA-300465) 2021 LG49,0.4837,30.12,0.004024,602016.5,17.27,0.6704,1.9085,14.47,963.0,0.629,3.1881,0.003992,Apollo,1,2021,2027-06-08
NEO-102537,(NEO-102537) 2009 TE45,0.0022,20.48,0.033501,5011668.3,24.1,0.7031,1.4131,1.23,613.5,0.4195,2.4067,0.026133,Apollo,0,2009,2028-07-20
NEO-100827,(NEO-100827) 2017 ZZ51,0.0273,30.0,0.014006,2095211.2,26.4,0.6823,1.7092,6.07,816.1,0.5429,2.8754,0.009875,Apollo,0,2017,2026-12-11
NEO-103193,(NEO-103193) 2024 ZX49,0.0166,17.35,0.051632,7723978.5,22.26,0.346,1.6279,3.05,758.7,1.0646,2.1912,0.039629,Amor,0,2024,2031-02-05
NEO-103959,(NEO-103959) 1992 KT3,0.3726,7.23,0.164736,24644149.1,17.92,0.55,1.7095,23.26,816.4,0.7693,2.6497,0.130752,Apollo,0,1992,2039-05-11
NEO-101617,(NEO-101617) 2007 JR2,0.0332,14.57,0.009057,1354848.5,23.42,0.6509,1.0954,9.91,418.8,0.3825,1.8084,0.00642,Apollo,0,2007,2040-11-14
NEO-102667,(NEO-102667) 2020 VB49,0.1264,13.19,0.084289,12609453.4,26.6,0.7054,1.0103,21.63,370.9,0.2977,1.723,0.069154,Apollo,0,2020,2031-03-13
NEO-101593,(NEO-101593) 2002 DW48,0.13,16.39,0.397003,59390818.3,24.61,0.2081,0.9987,2.49,364.5,0.7908,1.2065,0.311927,Aten,0,2002,2028-04-03
NEO-100549,(NEO-100549) 2022 GC60,0.0703,13.42,0.309248,46262890.4,25.52,0.216,1.0144,5.08,373.2,0.7953,1.2335,0.284272,Apollo,0,2022,2028-05-15
PHA-300729,(PHA-300729) 2003 NK91,0.259,36.52,0.022987,3438738.9,18.37,0.4125,1.8534,27.7,921.6,1.0888,2.618,0.016294,Apollo,1,2003,2029-05-25
NEO-103778,(NEO-103778) 2015 LU48,0.0937,19.42,0.063101,9439732.7,22.53,0.5172,1.6513,4.18,775.1,0.7972,2.5055,0.05692,Apollo,0,2015,2031-07-20
NEO-101463,(NEO-101463) 1998 BC16,0.0127,23.37,0.178367,26683263.9,23.32,0.7,1.2999,13.56,541.3,0.39,2.2098,0.143724,Apollo,0,1998,2027-03-02
NEO-100043,(NEO-100043) 2022 JY72,0.0522,20.7,0.023175,3466934.7,25.57,0.3978,0.7,2.74,213.9,0.4215,0.9785,0.018818,Atira,0,2022,2029-06-19
NEO-100316,(NEO-100316) 2000 OY95,0.0241,4.83,0.014971,2239700.3,23.64,0.75,0.7,3.79,213.9,0.175,1.225,0.0153,Aten,0,2000,2032-08-28
NEO-100173,(NEO-100173) 2010 EW27,0.0083,21.9,0.220519,32989160.7,23.47,0.4001,1.0899,11.29,415.6,0.6539,1.526,0.202858,Apollo,0,2010,2037-06-27
NEO-100513,(NEO-100513) 2024 AC36,0.5477,29.76,0.197968,29615658.8,17.13,0.4141,1.4368,24.24,629.1,0.8418,2.0318,0.171829,Apollo,0,2024,2036-05-20
PHA-300531,(PHA-300531) 2011 NA70,0.4835,16.8,0.05,7479893.5,17.49,0.6876,2.5784,40.55,1512.2,0.8054,4.3514,0.049,Apollo,1,2011,2036-02-17
NEO-100275,(NEO-100275) 2017 LM64,0.0164,24.21,0.031676,4738683.4,24.91,0.247,1.2728,18.28,524.5,0.9585,1.5871,0.023312,Apollo,0,2017,2036-05-20
NEO-100308,(NEO-100308) 2014 HX78,2.0782,3.66,0.306011,45778587.8,14.16,0.2696,1.7122,6.2,818.3,1.2506,2.1737,0.347551,Amor,0,2014,2040-11-11
NEO-103748,(NEO-103748) 2002 WS19,0.0213,21.61,0.020673,3092622.1,28.02,0.448,1.344,12.56,569.1,0.742,1.9461,0.017842,Apollo,0,2002,2037-01-09
NEO-102845,(NEO-102845) 2016 LJ77,0.0224,17.55,0.022521,3369153.2,23.08,0.3888,1.1387,7.78,443.8,0.696,1.5814,0.025854,Apollo,0,2016,2032-08-21
NEO-102881,(NEO-102881) 1999 QL3,0.0879,26.03,0.044587,6670061.4,22.75,0.1013,1.1448,5.02,447.4,1.0289,1.2607,0.045706,Amor,0,1999,2030-12-04
PHA-300049,(PHA-300049) 2016 HR71,0.2893,17.87,0.0411,6148422.7,18.37,0.4242,1.7534,7.9,848.1,1.0096,2.4972,0.02601,Apollo,1,2016,2038-03-15
NEO-101872,(NEO-101872) 2004 JZ50,0.0373,12.54,0.000324,48519.1,29.37,0.2261,1.7209,5.23,824.6,1.3318,2.11,0.000255,Atira,0,2004,2044-02-04
NEO-101114,(NEO-101114) 2025 QF43,0.0659,15.59,0.00112,167475.9,23.07,0.3718,1.7644,9.0,856.0,1.1085,2.4203,0.000841,Amor,0,2025,2029-10-23
NEO-103880,(NEO-103880) 2025 PU32,0.01,11.67,0.008627,1290579.6,27.08,0.482,0.9539,3.39,340.3,0.4941,1.4136,0.008229,Aten,0,2025,2042-10-06
NEO-103914,(NEO-103914) 2007 GC5,0.0228,15.64,0.211982,31712007.9,22.32,0.2612,1.5644,1.7,714.7,1.1558,1.973,0.177823,Amor,0,2007,2040-03-16
NEO-100254,(NEO-100254) 2014 MS35,0.0055,16.36,0.026315,3936697.6,23.21,0.6207,1.011,7.08,371.3,0.3835,1.6385,0.02742,Apollo,0,2014,2035-02-15
NEO-102715,(NEO-102715) 1991 PH28,0.0037,20.46,0.014273,2135164.4,23.54,0.4365,1.1173,2.48,431.3,0.6296,1.605,0.010605,Apollo,0,1991,2033-06-12
NEO-102092,(NEO-102092) 2007 KJ34,0.0045,12.15,0.02181,3262749.5,23.98,0.5803,1.1304,5.34,439.0,0.4744,1.7864,0.02047,Apollo,0,2007,2039-08-04
NEO-100116,(NEO-100116) 1997 TD55,0.0373,15.44,0.019021,2845524.1,23.77,0.4962,1.1116,26.38,428.1,0.5601,1.6632,0.021371,Apollo,0,1997,2032-04-09
NEO-100256,(NEO-100256) 2004 OT78,1.7129,11.92,0.377016,56400785.8,14.43,0.2473,2.0297,3.11,1056.2,1.5277,2.5318,0.378677,Atira,0,2004,2031-01-22
PHA-300177,(PHA-300177) 2011 BF58,0.5322,16.85,0.024101,3605532.2,16.9,0.82,1.1608,6.27,456.8,0.2089,2.1126,0.017697,Apollo,1,2011,2034-06-22
NEO-101638,(NEO-101638) 1994 FF86,0.0275,22.04,0.148052,22148261.0,23.13,0.1267,0.7,0.76,213.9,0.6113,0.7887,0.117559,Atira,0,1994,2029-05-19
NEO-101261,(NEO-101261) 1990 JU10,0.2932,11.64,0.101322,15157559.6,18.23,0.2118,2.8739,46.21,1779.5,2.2651,3.4827,0.095009,Atira,0,1990,2043-10-08
NEO-103872,(NEO-103872) 2000 BM40,0.0184,22.7,0.031012,4639321.0,22.9,0.2523,1.6912,17.02,803.3,1.2644,2.1179,0.028795,Amor,0,2000,2042-03-13
NEO-101199,(NEO-101199) 2022 BV61,0.002,19.77,0.012345,1846799.1,25.53,0.6972,1.3623,6.93,580.8,0.4125,2.3122,0.009996,Apollo,0,2022,2027-10-24
NEO-101806,(NEO-101806) 2005 XP12,0.054,28.19,0.008779,1313354.9,23.96,0.3831,1.4506,12.73,638.1,0.8948,2.0063,0.010614,Apollo,0,2005,2040-02-18
NEO-103130,(NEO-103130) 1994 CC95,0.0114,9.86,0.011496,1719844.6,26.89,0.1534,1.2239,5.27,494.5,1.0362,1.4116,0.014793,Amor,0,1994,2036-02-04
NEO-103104,(NEO-103104) 1993 JH26,0.0911,18.07,0.037065,5544821.8,25.01,0.2408,0.8004,3.4,261.5,0.6076,0.9931,0.047114,Aten,0,1993,2032-11-24
PHA-300216,(PHA-300216) 2020 NU58,0.8558,15.66,0.00148,221424.3,16.37,0.2309,0.8743,26.04,298.6,0.6724,1.0762,0.001026,Aten,1,2020,2040-02-04
NEO-102256,(NEO-102256) 2010 TO71,0.4811,18.4,0.207243,31003060.5,17.67,0.3231,1.4426,15.29,632.9,0.9765,1.9087,0.150689,Apollo,0,2010,2034-05-22
NEO-101105,(NEO-101105) 2014 BJ1,0.0504,12.19,0.014926,2232865.8,24.12,0.5607,1.4787,5.44,656.8,0.6496,2.3078,0.012436,Apollo,0,2014,2039-04-05
NEO-102027,(NEO-102027) 2006 DJ34,0.005,6.69,0.124525,18628712.2,24.01,0.5414,2.0926,8.63,1105.7,0.9597,3.2256,0.087993,Apollo,0,2006,2028-07-11
NEO-103490,(NEO-103490) 2009 UM60,0.002,20.97,0.044546,6663927.6,24.85,0.686,1.6131,9.59,748.3,0.5064,2.7197,0.046524,Apollo,0,2009,2035-10-03
NEO-100580,(NEO-100580) 2011 BY40,0.0085,20.8,0.094123,14080656.1,23.85,0.6804,1.1364,1.27,442.4,0.3632,1.9095,0.120415,Apollo,0,2011,2043-07-23
NEO-101355,(NEO-101355) 2023 CE16,0.0126,16.73,0.078845,11795112.4,22.64,0.1225,0.9201,7.97,322.4,0.8074,1.0328,0.089216,Aten,0,2023,2032-12-25
PHA-300687,(PHA-300687) 2014 QV26,0.1923,31.04,0.001791,267856.4,18.98,0.4551,1.9041,5.22,959.7,1.0376,2.7706,0.001832,Apollo,1,2014,2028-03-07
NEO-100300,(NEO-100300) 1997 WB40,0.0073,15.75,0.048687,7283399.8,22.83,0.267,1.329,8.94,559.6,0.9741,1.6839,0.054008,Apollo,0,1997,2025-09-21
NEO-102522,(NEO-102522) 2000 SL88,0.4995,20.9,0.368807,55172734.8,17.2,0.2965,2.1772,5.12,1173.4,1.5318,2.8227,0.33486,Atira,0,2000,2039-08-04
NEO-103398,(NEO-103398) 1998 PN36,0.0494,24.4,0.006867,1027275.3,25.03,0.4788,1.1802,6.05,468.3,0.6151,1.7453,0.007152,Apollo,0,1998,2032-05-28
NEO-100954,(NEO-100954) 2010 WG44,0.005,18.08,0.378604,56638353.5,24.68,0.3678,1.098,37.65,420.2,0.6941,1.5018,0.426142,Apollo,0,2010,2041-04-18
NEO-102933,(NEO-102933) 2022 RU71,0.0209,23.62,0.030009,4489288.2,23.43,0.7099,1.5447,3.08,701.2,0.4481,2.6413,0.028995,Apollo,0,2022,2038-11-25
NEO-100213,(NEO-100213) 2001 TT52,0.0601,16.84,0.316652,47370456.2,22.85,0.6596,2.198,0.51,1190.3,0.7482,3.6479,0.225645,Apollo,0,2001,2027-05-08
NEO-103117,(NEO-103117) 2011 FV43,0.0249,12.5,0.410133,61355053.4,23.31,0.559,1.6321,2.12,761.5,0.7197,2.5444,0.343988,Apollo,0,2011,2038-09-13
NEO-101432,(NEO-101432) 2017 QV94,0.15,16.65,0.105144,15729373.6,20.09,0.3458,1.4395,28.21,630.9,0.9417,1.9374,0.134395,Apollo,0,2017,2043-10-16
PHA-300303,(PHA-300303) 2001 KN58,0.4926,22.25,0.005803,868054.0,17.38,0.2229,2.0056,4.65,1037.5,1.5585,2.4527,0.004302,Apollo,1,2001,2036-06-04
NEO-100592,(NEO-100592) 2016 UP62,0.13,18.05,0.249917,37387055.2,22.49,0.1691,2.1214,4.53,1128.5,1.7627,2.48,0.285517,Atira,0,2016,2042-06-24
NEO-100212,(NEO-100212) 2000 MD9,0.0646,19.54,0.145423,21754931.9,25.63,0.1302,0.7,6.35,213.9,0.6089,0.7911,0.184039,Atira,0,2000,2043-11-13
NEO-101335,(NEO-101335) 2016 SK53,0.0121,4.0,0.028683,4290955.1,31.5,0.75,1.7653,7.19,856.6,0.4413,3.0892,0.029821,Apollo,0,2016,2034-04-24
NEO-103096,(NEO-103096) 2013 UW11,1.4035,19.57,0.161724,24193502.4,14.77,0.55,2.0861,4.47,1100.5,0.9388,3.2335,0.166371,Apollo,0,2013,2043-02-09
NEO-100930,(NEO-100930) 2013 JP16,0.005,24.23,0.040601,6073770.4,23.82,0.2443,0.8,2.93,261.4,0.6046,0.9954,0.047725,Aten,0,2013,2033-10-02
NEO-101697,(NEO-101697) 2001 OH41,0.8867,10.02,0.174376,26086267.0,15.79,0.0825,2.6587,5.22,1583.5,2.4393,2.8782,0.192318,Atira,0,2001,2037-11-06
NEO-102165,(NEO-102165) 2002 UQ58,0.135,20.37,0.015833,2368638.0,22.3,0.5445,1.0623,3.75,399.9,0.4839,1.6408,0.012507,Apollo,0,2002,2036-12-07
NEO-102937,(NEO-102937) 1991 GT46,0.005,18.67,0.358161,53580169.2,22.54,0.2595,0.8812,13.34,302.1,0.6525,1.1098,0.260441,Aten,0,1991,2025-02-15
NEO-103298,(NEO-103298) 1996 YS46,0.035,23.62,0.03312,4954608.0,22.97,0.5445,1.1896,8.04,473.9,0.5419,1.8374,0.036585,Apollo,0,1996,2028-08-09
NEO-100682,(NEO-100682) 1990 ON69,0.3809,15.52,0.273314,40887207.8,17.96,0.1757,2.1269,23.62,1133.0,1.7531,2.5007,0.213313,Atira,0,1990,2036-10-04
NEO-101099,(NEO-101099) 2019 BZ35,0.002,21.99,0.0392,5864249.6,25.24,0.5438,1.3281,0.1,559.0,0.6059,2.0504,0.044163,Apollo,0,2019,2036-09-19
PHA-300438,(PHA-300438) 2007 XS96,0.3468,27.14,0.032204,4817685.9,18.11,0.5174,2.3459,8.86,1312.4,1.1322,3.5596,0.034305,Apollo,1,2007,2044-05-13
NEO-101466,(NEO-101466) 2025 JX32,3.8247,9.31,0.287109,42950963.6,12.74,0.1523,1.581,1.03,726.1,1.3402,1.8217,0.372419,Atira,0,2025,2031-06-27
NEO-101543,(NEO-101543) 2018 VA63,0.1097,22.04,0.003355,501936.8,22.52,0.4078,1.6495,29.34,773.8,0.9769,2.3221,0.004227,Apollo,0,2018,2040-12-20
NEO-103946,(NEO-103946) 2008 OY18,0.6425,8.91,0.0931,13927581.3,17.0,0.0853,1.8896,6.24,948.7,1.7283,2.0508,0.068586,Atira,0,2008,2031-02-23
NEO-103772,(NEO-103772) 1991 JE32,0.0964,6.76,0.00281,420306.1,23.09,0.05,1.3515,11.97,573.9,1.2839,1.4191,0.002471,Amor,0,1991,2038-12-27
PHA-300351,(PHA-300351) 2006 NN39,0.4135,16.81,0.000289,43214.4,17.57,0.4861,1.3949,0.97,601.7,0.7168,2.073,0.000213,Apollo,1,2006,2040-09-10
NEO-101359,(NEO-101359) 2019 SS13,0.0524,10.64,0.000244,36571.1,23.09,0.1651,1.1353,5.33,441.9,0.9479,1.3228,0.000244,Apollo,0,2019,2041-04-28
NEO-100310,(NEO-100310) 2009 HA56,0.0241,6.67,0.224693,33613574.7,26.49,0.5387,1.6211,5.48,753.9,0.7479,2.4943,0.206038,Apollo,0,2009,2026-01-27
NEO-102779,(NEO-102779) 2006 RZ44,3.0743,16.72,0.098595,14749611.6,13.38,0.1637,2.2282,27.62,1214.9,1.8634,2.593,0.074605,Atira,0,2006,2032-03-19
NEO-101331,(NEO-101331) 2023 AD81,0.0115,11.47,0.03665,5482793.5,30.18,0.1797,2.1716,5.86,1168.8,1.7814,2.5618,0.031066,Atira,0,2023,2030-09-03
NEO-101006,(NEO-101006) 2005 GU70,0.0091,12.83,0.010984,1643130.1,24.26,0.6548,1.6641,1.52,784.1,0.5745,2.7538,0.009017,Apollo,0,2005,2032-11-18
NEO-100229,(NEO-100229) 2018 JY88,0.0348,23.37,0.039698,5938737.9,24.9,0.2539,1.2181,4.53,491.0,0.9088,1.5274,0.043768,Apollo,0,2018,2037-07-05
PHA-300012,(PHA-300012) 2000 HU89,0.5034,31.06,0.004571,683826.5,16.62,0.2192,2.0463,9.96,1069.2,1.5978,2.4948,0.004684,Apollo,1,2000,2041-01-16
NEO-101242,(NEO-101242) 1995 TF70,0.0212,23.31,0.023219,3473556.2,27.64,0.6764,0.9536,6.73,340.2,0.3086,1.5987,0.022302,Aten,0,1995,2029-09-06
NEO-100829,(NEO-100829) 2005 MX90,0.0579,16.1,0.385586,57682844.0,23.4,0.6537,1.7942,11.97,877.8,0.6213,2.9672,0.492396,Apollo,0,2005,2029-10-06
NEO-103817,(NEO-103817) 2010 RX37,0.0068,22.67,0.017281,2585233.0,22.28,0.1767,1.4329,13.07,626.5,1.1797,1.6861,0.020643,Amor,0,2010,2034-10-18
NEO-102167,(NEO-102167) 2021 FJ84,0.0452,12.64,0.037573,5620905.5,23.67,0.4008,0.8666,22.03,294.7,0.5193,1.2139,0.035975,Aten,0,2021,2031-12-06
NEO-103917,(NEO-103917) 1997 UO4,1.4881,13.82,0.288495,43158187.6,15.1,0.4428,1.1113,7.45,427.9,0.6192,1.6034,0.222808,Apollo,0,1997,2035-02-18
NEO-102926,(NEO-102926) 2004 ON81,0.005,17.83,0.178444,26694778.4,24.0,0.32,1.1449,3.69,447.4,0.7786,1.5112,0.224232,Apollo,0,2004,2034-09-10
PHA-300450,(PHA-300450) 2014 NA5,0.7263,20.3,0.000568,84954.9,16.82,0.5962,1.3858,0.32,595.9,0.5596,2.212,0.000445,Apollo,1,2014,2038-06-10
NEO-100243,(NEO-100243) 2023 OH70,0.2909,21.97,0.243503,36427574.4,18.36,0.2761,2.4135,9.87,1369.5,1.7472,3.0798,0.172296,Atira,0,2023,2029-06-12
PHA-300077,(PHA-300077) 1998 NH93,0.6718,44.85,0.022862,3420127.6,16.93,0.429,1.4065,0.71,609.3,0.8031,2.01,0.014068,Apollo,1,1998,2025-07-12
NEO-103353,(NEO-103353) 2020 BR32,0.0121,22.02,0.027977,4185269.4,24.21,0.2829,0.7,2.52,213.9,0.502,0.898,0.02318,Atira,0,2020,2035-06-01
NEO-101781,(NEO-101781) 2015 AU62,0.4025,10.2,0.079857,11946394.8,17.59,0.192,1.8829,6.34,943.7,1.5215,2.2443,0.077145,Atira,0,2015,2032-09-26
PHA-300272,(PHA-300272) 1997 UP62,0.5156,11.0,0.022013,3293075.5,16.75,0.5292,1.0986,4.09,420.6,0.5172,1.6799,0.022701,Apollo,1,1997,2032-03-15
PHA-300452,(PHA-300452) 2005 HJ90,0.7742,28.61,0.023368,3495750.2,16.03,0.2352,2.6905,15.57,1611.9,2.0577,3.3233,0.025584,Apollo,1,2005,2042-09-02
PHA-300202,(PHA-300202) 2008 SU50,0.5659,33.08,0.02165,3238778.6,17.06,0.6404,1.6367,1.59,764.8,0.5886,2.6848,0.019188,Apollo,1,2008,2030-02-04
NEO-101518,(NEO-101518) 2004 SF98,0.0633,4.0,0.016192,2422353.3,22.94,0.5596,1.2371,0.56,502.6,0.5449,1.9294,0.014012,Apollo,0,2004,2041-12-01
NEO-100544,(NEO-100544) 2007 ZP47,0.0071,20.21,0.033545,5018255.9,24.05,0.1711,1.4056,3.69,608.7,1.1651,1.6461,0.034899,Amor,0,2007,2035-12-07
PHA-300224,(PHA-300224) 1999 WR23,0.3226,11.0,0.003164,473402.1,18.09,0.455,1.1538,0.67,452.7,0.6288,1.6788,0.00256,Apollo,1,1999,2039-03-11
NEO-101765,(NEO-101765) 2022 UK64,0.13,13.12,0.27199,40689102.1,24.29,0.4805,1.2557,0.26,513.9,0.6524,1.859,0.307259,Apollo,0,2022,2026-02-22
PHA-300587,(PHA-300587) 2013 RE89,0.3036,34.69,0.010852,1623419.4,18.35,0.5543,1.8242,16.21,899.9,0.8131,2.8354,0.011885,Apollo,1,2013,2030-04-22
NEO-103422,(NEO-103422) 1990 MW51,0.0078,15.61,0.077758,11632419.4,25.56,0.18,1.4987,2.14,670.2,1.229,1.7685,0.063389,Amor,0,1990,2028-08-21
NEO-101426,(NEO-101426) 2022 YZ14,0.0137,13.98,0.010787,1613785.2,22.51,0.409,1.202,3.32,481.3,0.7103,1.6936,0.012976,Apollo,0,2022,2040-06-08
NEO-102921,(NEO-102921) 2024 GF30,0.1125,26.03,0.304804,45598025.1,24.33,0.2886,1.3822,20.59,593.6,0.9834,1.7811,0.233766,Apollo,0,2024,2037-10-02
NEO-101459,(NEO-101459) 2010 DX25,0.0089,14.12,0.01199,1793634.3,23.56,0.5805,1.4535,0.14,640.0,0.6098,2.2972,0.008716,Apollo,0,2010,2039-11-13
PHA-300652,(PHA-300652) 2004 KU95,0.2387,19.75,0.004004,598989.3,18.35,0.3589,1.0133,2.58,372.6,0.6496,1.3769,0.003474,Apollo,1,2004,2033-10-26
NEO-103940,(NEO-103940) 1993 PK33,0.0085,16.88,0.023588,3528642.5,28.23,0.3366,0.9264,3.06,325.7,0.6146,1.2382,0.026845,Aten,0,1993,2043-11-28
NEO-101461,(NEO-101461) 2005 TC82,0.0254,15.13,0.094807,14182855.6,27.45,0.7314,0.7,14.39,213.9,0.188,1.212,0.093213,Aten,0,2005,2036-11-14
NEO-103709,(NEO-103709) 1990 NG40,0.0211,19.77,0.37642,56311699.4,24.55,0.2891,2.2679,2.73,1247.5,1.6122,2.9236,0.301752,Atira,0,1990,2041-11-28
NEO-102154,(NEO-102154) 1996 UL42,0.0646,17.47,0.005216,780346.2,24.22,0.75,1.4543,8.51,640.6,0.3636,2.5451,0.005195,Apollo,0,1996,2025-11-13
NEO-101522,(NEO-101522) 2004 JC5,0.055,18.58,0.407885,61018663.3,24.61,0.2801,2.1827,10.21,1177.8,1.5712,2.7941,0.306143,Atira,0,2004,2043-08-28
NEO-102372,(NEO-102372) 1999 TT97,0.5298,20.54,0.189115,28291134.4,17.14,0.55,2.2264,4.96,1213.4,1.0019,3.4509,0.138841,Apollo,0,1999,2030-02-22
PHA-300769,(PHA-300769) 1999 RX38,0.3504,11.0,0.004744,709747.0,17.9,0.4065,0.7792,0.78,251.2,0.4624,1.096,0.004,Aten,1,1999,2044-09-19
NEO-102321,(NEO-102321) 1991 MM91,0.1098,8.35,0.010843,1622098.0,23.67,0.2719,1.2988,10.67,540.6,0.9456,1.652,0.00862,Apollo,0,1991,2036-09-05
NEO-102811,(NEO-102811) 2020 LD40,0.0098,17.25,0.113531,16984006.7,31.5,0.2766,0.8138,9.31,268.2,0.5887,1.0389,0.086496,Aten,0,2020,2029-08-14
NEO-102239,(NEO-102239) 2022 ZU40,0.0065,17.77,0.0081,1211757.1,31.31,0.4092,1.2136,29.99,488.3,0.717,1.7101,0.008673,Apollo,0,2022,2036-04-14
NEO-103210,(NEO-103210) 2013 HH55,0.3263,14.39,0.075211,11251417.2,18.26,0.2413,1.7374,1.37,836.5,1.3182,2.1566,0.075307,Atira,0,2013,2027-02-20
NEO-103820,(NEO-103820) 2004 QK23,0.2186,6.41,0.060746,9087479.6,18.57,0.3672,1.1312,10.74,439.4,0.7158,1.5465,0.066271,Apollo,0,2004,2037-01-04
PHA-300675,(PHA-300675) 2001 CC57,0.4791,23.18,0.012535,1875271.9,17.46,0.4488,0.75,2.66,237.2,0.4134,1.0866,0.009622,Aten,1,2001,2028-11-24
NEO-102131,(NEO-102131) 2025 ZC17,0.955,10.59,0.08046,12036610.1,15.24,0.4003,2.4541,5.57,1404.2,1.4716,3.4366,0.067796,Atira,0,2025,2039-04-14
NEO-101745,(NEO-101745) 2017 ME82,0.1188,22.3,0.084988,12713982.1,22.21,0.3104,0.7112,32.49,219.1,0.4905,0.9319,0.091,Atira,0,2017,2036-03-16
NEO-101347,(NEO-101347) 2013 RG55,0.0069,19.52,0.033721,5044597.0,23.35,0.065,1.7032,0.2,811.9,1.5924,1.814,0.025229,Atira,0,2013,2026-03-17
NEO-101757,(NEO-101757) 2010 NU73,0.0229,12.79,0.070784,10589140.1,23.75,0.3524,1.8575,19.99,924.7,1.2028,2.5122,0.056175,Amor,0,2010,2034-09-17
NEO-101026,(NEO-101026) 2002 VT93,0.0911,23.05,0.045523,6810146.6,31.5,0.75,0.931,9.31,328.1,0.2327,1.6292,0.04453,Aten,0,2002,2041-11-10
PHA-300477,(PHA-300477) 2005 VY25,0.346,13.11,0.007339,1097825.8,18.21,0.6028,1.5018,4.1,672.2,0.5965,2.407,0.007183,Apollo,1,2005,2037-08-16
NEO-100864,(NEO-100864) 2018 PR80,0.0383,15.07,0.005684,850288.4,23.21,0.3956,0.7,4.98,213.9,0.423,0.977,0.007351,Atira,0,2018,2043-09-14
NEO-101406,(NEO-101406) 2005 MD49,0.7495,17.53,0.100412,15021487.5,15.81,0.2874,1.6808,1.31,795.9,1.1978,2.1638,0.073101,Amor,0,2005,2042-06-14
NEO-102217,(NEO-102217) 2013 DG79,0.0341,7.73,0.321654,48118821.6,23.16,0.626,0.8,8.18,261.4,0.2992,1.3008,0.321405,Aten,0,2013,2030-01-16
NEO-101496,(NEO-101496) 2015 BH91,0.1001,29.04,0.010443,1562256.2,25.17,0.2524,1.4448,0.47,634.3,1.0802,1.8094,0.009672,Amor,0,2015,2041-10-07
PHA-300772,(PHA-300772) 2009 XF50,0.4141,31.84,0.01986,2971016.8,17.2,0.704,1.7268,8.74,828.8,0.5112,2.9424,0.018988,Apollo,1,2009,2035-10-18
PHA-300511,(PHA-300511) 2016 VA37,0.3778,19.7,0.005499,822642.6,17.34,0.698,1.1304,18.54,438.9,0.3414,1.9193,0.004149,Apollo,1,2016,2037-03-15
PHA-300512,(PHA-300512) 2002 XV35,0.9571,23.02,0.007521,1125117.6,15.68,0.7067,1.4548,6.59,640.9,0.4268,2.4829,0.006331,Apollo,1,2002,2043-12-08
NEO-101825,(NEO-101825) 2005 OJ32,1.0577,10.47,0.280091,41900981.1,15.45,0.3817,1.981,5.34,1018.4,1.2249,2.7371,0.27512,Amor,0,2005,2030-12-07
NEO-103626,(NEO-103626) 1993 BF85,0.4092,17.27,0.200072,29930339.2,18.23,0.5075,2.5685,18.19,1503.5,1.265,3.8719,0.204525,Amor,0,1993,2027-12-01
NEO-101383,(NEO-101383) 2009 FF62,0.0933,9.33,0.064352,9626985.9,22.56,0.5727,1.7036,6.79,812.2,0.7279,2.6793,0.062319,Apollo,0,2009,2041-08-26
NEO-102424,(NEO-102424) 1999 EJ31,0.0047,13.45,0.011988,1793451.4,22.31,0.596,1.1949,4.74,477.1,0.4827,1.9072,0.012458,Apollo,0,1999,2034-10-05
NEO-102485,(NEO-102485) 1990 MY75,0.006,9.61,0.086808,12986282.5,23.56,0.0694,1.5795,6.91,725.1,1.47,1.6891,0.071711,Atira,0,1990,2042-03-18
NEO-102226,(NEO-102226) 2014 AK21,0.0022,25.88,0.003747,560476.7,25.09,0.1021,1.5688,19.18,717.7,1.4086,1.729,0.002751,Atira,0,2014,2043-04-17
NEO-100687,(NEO-100687) 2020 XK96,0.027,20.55,0.33252,49744211.6,24.52,0.7,2.332,30.49,1300.7,0.6996,3.9644,0.259955,Apollo,0,2020,2028-08-03
NEO-101058,(NEO-101058) 1990 BK91,0.0281,26.93,0.001572,235193.8,24.62,0.5393,1.2972,1.2,539.6,0.5976,1.9967,0.00182,Apollo,0,1990,2028-11-02
PHA-300641,(PHA-300641) 2025 ZZ69,1.3252,27.36,0.016331,2443128.8,14.64,0.4115,1.6749,23.7,791.7,0.9857,2.364,0.014261,Apollo,1,2025,2043-11-15
NEO-101779,(NEO-101779) 2007 XM36,0.0055,19.46,0.029264,4377905.8,22.22,0.1484,0.7,7.84,213.9,0.5961,0.8039,0.023618,Atira,0,2007,2039-07-24
NEO-102058,(NEO-102058) 1995 GT15,0.5651,15.43,0.330866,49496797.8,16.97,0.3129,1.6986,18.0,808.6,1.1672,2.23,0.39348,Amor,0,1995,2036-08-28
PHA-300359,(PHA-300359) 1997 JC11,0.9685,29.77,0.002632,393809.9,16.62,0.3657,1.877,4.42,939.2,1.1906,2.5633,0.001915,Apollo,1,1997,2038-08-09
NEO-102116,(NEO-102116) 2024 XY36,0.233,9.63,0.337139,50435334.3,18.75,0.4794,2.2945,9.37,1269.5,1.1946,3.3944,0.250132,Amor,0,2024,2043-12-14
PHA-300108,(PHA-300108) 2003 PS21,0.3823,27.04,0.026966,4034049.8,18.35,0.2343,1.7807,26.32,867.9,1.3635,2.1979,0.016762,Apollo,1,2003,2042-02-21
NEO-102271,(NEO-102271) 1995 YJ8,0.0224,24.6,0.018858,2821053.1,26.49,0.4757,1.6086,1.55,745.1,0.8434,2.3737,0.015965,Apollo,0,1995,2043-06-24
NEO-103440,(NEO-103440) 2009 PY43,0.093,9.73,0.004458,666903.9,22.76,0.5876,1.2517,26.89,511.5,0.5162,1.9871,0.005693,Apollo,0,2009,2029-02-28
NEO-101392,(NEO-101392) 2002 UV22,0.0466,8.95,0.139374,20850098.1,22.59,0.4542,1.9748,25.32,1013.7,1.078,2.8717,0.150152,Amor,0,2002,2041-08-21
NEO-102475,(NEO-102475) 2004 PM29,0.0262,21.37,0.334647,50062502.7,23.61,0.417,1.7133,1.71,819.1,0.9988,2.4277,0.420706,Apollo,0,2004,2028-10-13
NEO-100789,(NEO-100789) 2007 JB44,0.7212,7.79,0.120546,18033351.0,16.91,0.2447,1.8818,27.75,942.8,1.4214,2.3422,0.103447,Atira,0,2007,2029-09-04
NEO-102401,(NEO-102401) 1997 OE12,0.9248,10.72,0.494253,73939164.6,15.93,0.2898,2.2182,14.46,1206.7,1.5754,2.861,0.615715,Atira,0,1997,2029-04-21
NEO-100138,(NEO-100138) 1993 UU11,0.0085,23.4,0.06355,9506899.4,22.51,0.207,2.1677,20.68,1165.7,1.719,2.6164,0.071926,Atira,0,1993,2037-07-24
NEO-101873,(NEO-101873) 1991 LP75,0.0693,16.0,0.444972,66566902.2,23.03,0.4744,1.644,1.17,769.9,0.8641,2.4238,0.404457,Apollo,0,1991,2027-01-12
NEO-102978,(NEO-102978) 2008 TQ4,0.0173,23.94,0.014552,2176883.4,22.94,0.4266,0.8484,13.23,285.4,0.4865,1.2103,0.017471,Aten,0,2008,2039-06-02
NEO-102005,(NEO-102005) 2002 RT68,0.0069,22.41,0.012,1795134.3,24.85,0.3831,1.0517,0.43,393.9,0.6488,1.4546,0.010339,Apollo,0,2002,2040-01-09
NEO-103648,(NEO-103648) 1990 KS22,0.0627,26.48,0.256807,38417728.7,23.59,0.1656,1.4977,5.38,669.5,1.2496,1.7458,0.244303,Amor,0,1990,2034-01-10
NEO-103214,(NEO-103214) 2008 EZ93,0.0391,17.6,0.067724,10131396.3,22.3,0.5719,1.2784,18.69,528.0,0.5472,2.0096,0.053937,Apollo,0,2008,2030-11-26
NEO-101361,(NEO-101361) 2002 DC86,0.027,19.09,0.031657,4735833.0,24.22,0.2812,0.7,8.11,213.9,0.5031,0.8969,0.035725,Atira,0,2002,2028-06-18
NEO-101810,(NEO-101810) 2003 CQ71,0.0423,7.5,0.041706,6239109.9,23.48,0.4132,1.3408,12.56,567.1,0.7868,1.8948,0.048857,Apollo,0,2003,2042-09-03
NEO-101213,(NEO-101213) 2016 CF37,0.3445,11.05,0.074906,11205754.8,18.24,0.0537,1.4773,2.12,655.8,1.398,1.5566,0.073164,Atira,0,2016,2044-08-03
PHA-300762,(PHA-300762) 1996 BK67,0.4862,19.67,0.011909,1781613.5,16.87,0.5149,0.9996,4.87,365.0,0.485,1.5143,0.008292,Aten,1,1996,2038-04-13
NEO-100460,(NEO-100460) 2012 ZW16,0.0231,25.75,0.011133,1665474.9,23.85,0.3064,2.3249,1.26,1294.8,1.6126,3.0372,0.012751,Atira,0,2012,2043-01-21
NEO-103909,(NEO-103909) 2025 QQ84,0.3708,18.26,0.187461,28043726.1,17.65,0.55,1.9274,14.44,977.3,0.8673,2.9874,0.194692,Apollo,0,2025,2036-12-03
NEO-100590,(NEO-100590) 2015 HS21,0.0222,12.71,0.283319,42383934.3,23.96,0.2533,1.2659,14.96,520.2,0.9452,1.5865,0.222046,Apollo,0,2015,2030-07-03
NEO-100410,(NEO-100410) 1994 BR29,0.0852,12.89,0.013698,2049158.9,22.25,0.5792,1.1422,6.42,445.9,0.4806,1.8039,0.013753,Apollo,0,1994,2034-08-17
NEO-101698,(NEO-101698) 2020 JN36,0.9829,13.89,0.65,97238616.0,15.35,0.3222,1.687,1.5,800.3,1.1435,2.2305,0.7,Amor,0,2020,2042-10-04
PHA-300425,(PHA-300425) 2004 SR30,1.1982,24.04,0.031357,4690896.4,15.07,0.3751,1.9157,7.53,968.5,1.1971,2.6344,0.019821,Apollo,1,2004,2025-10-10
NEO-100850,(NEO-100850) 2002 XC39,0.0744,8.62,0.08642,12928190.7,22.95,0.7,0.8003,13.16,261.5,0.2401,1.3606,0.077562,Aten,0,2002,2028-02-23
PHA-300355,(PHA-300355) 2010 RJ6,1.2569,28.27,0.000385,57562.3,15.02,0.6735,1.0314,2.18,382.6,0.3367,1.726,0.000374,Apollo,1,2010,2039-10-25
NEO-103797,(NEO-103797) 2018 YJ63,0.0094,14.73,0.095914,14348466.8,23.29,0.2756,1.6412,8.3,767.9,1.1889,2.0935,0.112075,Amor,0,2018,2032-07-19
PHA-300221,(PHA-300221) 2021 QB65,0.7998,20.88,0.03716,5559006.1,16.71,0.436,1.6648,5.23,784.6,0.9389,2.3907,0.03704,Apollo,1,2021,2031-10-21
NEO-103276,(NEO-103276) 2001 MD73,0.0335,18.21,0.298789,44698253.5,23.06,0.05,1.464,5.35,647.0,1.3908,1.5372,0.33536,Atira,0,2001,2037-02-28
NEO-102931,(NEO-102931) 1993 QE7,0.0881,10.34,0.021293,3185379.7,23.86,0.7431,0.961,6.77,344.1,0.2468,1.6752,0.024693,Aten,0,1993,2032-03-08
NEO-103230,(NEO-103230) 1991 TZ84,0.0135,5.2,0.017504,2618567.5,24.72,0.3248,1.3356,8.56,563.8,0.9018,1.7694,0.017454,Apollo,0,1991,2038-05-01
PHA-300397,(PHA-300397) 2010 AB61,0.2652,25.8,0.005415,810056.3,18.36,0.4264,1.1501,9.39,450.5,0.6597,1.6405,0.004238,Apollo,1,2010,2041-09-10
NEO-101266,(NEO-101266) 2014 NM29,0.9266,18.69,0.385193,57624042.9,16.27,0.2304,2.1383,1.56,1142.1,1.6457,2.6309,0.379592,Atira,0,2014,2028-05-09
PHA-300076,(PHA-300076) 2005 UQ4,1.0816,19.33,0.003224,482343.7,15.63,0.7035,1.4392,6.2,630.6,0.4267,2.4516,0.002927,Apollo,1,2005,2043-07-14
NEO-100020,(NEO-100020) 2008 HY65,0.0305,21.57,0.000669,100016.8,23.67,0.2257,1.6836,2.39,797.9,1.3036,2.0636,0.00063,Atira,0,2008,2029-11-24
NEO-100207,(NEO-100207) 2005 DB13,0.1289,19.89,0.241882,36185032.4,25.45,0.2793,1.6371,8.59,765.1,1.1798,2.0945,0.286566,Amor,0,2005,2030-09-03
NEO-101635,(NEO-101635) 2018 ZE48,0.0138,17.84,0.28399,42484315.0,23.05,0.4526,1.4287,5.03,623.7,0.7821,2.0752,0.306039,Apollo,0,2018,2043-12-26
NEO-102162,(NEO-102162) 1997 ZT48,2.1556,15.99,0.255997,38296606.6,13.95,0.355,1.5491,26.23,704.2,0.9991,2.099,0.270848,Apollo,0,1997,2031-12-26
NEO-102186,(NEO-102186) 2005 RB82,0.0533,5.98,0.064635,9669273.2,24.33,0.3128,2.0859,1.22,1100.4,1.4334,2.7384,0.081278,Atira,0,2005,2030-09-23
NEO-100031,(NEO-100031) 2023 NJ63,0.0592,17.15,0.221468,33131150.5,24.61,0.2502,1.1002,8.28,421.5,0.8249,1.3754,0.201174,Apollo,0,2023,2026-02-12
PHA-300068,(PHA-300068) 2002 BY35,0.3485,23.17,0.033,4936750.8,17.64,0.3042,1.3015,1.81,542.3,0.9057,1.6974,0.032519,Apollo,1,2002,2028-11-17
NEO-101423,(NEO-101423) 2024 BV16,0.5754,22.88,0.081325,12166119.8,16.65,0.5166,1.343,4.5,568.5,0.6492,2.0368,0.098428,Apollo,0,2024,2038-02-21
NEO-103568,(NEO-103568) 2003 FP60,0.0553,9.21,0.075454,11287790.0,24.86,0.1104,1.2388,32.38,503.6,1.102,1.3756,0.06732,Amor,0,2003,2025-01-02
NEO-102579,(NEO-102579) 2017 JM85,0.0349,18.58,0.318035,47577338.4,23.04,0.4627,1.5601,2.91,711.7,0.8383,2.2819,0.38579,Apollo,0,2017,2026-03-28
NEO-101894,(NEO-101894) 2024 CQ57,0.0176,29.65,0.053107,7944655.1,22.32,0.1361,0.9681,3.97,347.9,0.8364,1.0999,0.038314,Aten,0,2024,2031-02-15
NEO-101891,(NEO-101891) 2025 SY30,0.0506,36.0,0.178978,26774794.3,23.19,0.2848,1.3941,5.4,601.2,0.9971,1.7912,0.224472,Apollo,0,2025,2041-09-21
NEO-101455,(NEO-101455) 1991 MZ60,0.002,14.75,0.006327,946435.6,22.98,0.05,1.0809,5.62,410.5,1.0269,1.135,0.008123,Amor,0,1991,2037-03-10
NEO-102176,(NEO-102176) 2003 RC57,0.6259,24.06,0.166869,24963314.3,16.85,0.4856,2.3755,1.35,1337.3,1.222,3.5291,0.206867,Amor,0,2003,2044-10-09
NEO-103091,(NEO-103091) 2013 BT73,0.0266,17.45,0.009061,1355459.4,23.78,0.3424,1.0071,1.86,369.1,0.6623,1.3519,0.006423,Apollo,0,2013,2040-02-20
NEO-103081,(NEO-103081) 2012 VY13,0.1108,24.05,0.108733,16266155.8,23.54,0.2715,2.1052,11.83,1115.7,1.5336,2.6768,0.083803,Atira,0,2012,2029-03-22
NEO-102368,(NEO-102368) 2003 QM72,0.0116,11.35,0.00194,290239.6,22.85,0.4715,0.924,4.35,324.4,0.4883,1.3596,0.001398,Aten,0,2003,2039-05-07
NEO-101352,(NEO-101352) 1995 UX11,0.5562,12.88,0.207643,31062962.4,16.79,0.1535,2.4568,9.36,1406.5,2.0797,2.8339,0.149378,Atira,0,1995,2041-12-24
PHA-300414,(PHA-300414) 2014 PN66,0.9714,19.52,0.001716,256725.7,16.3,0.4091,1.3357,8.53,563.9,0.7893,1.8822,0.001747,Apollo,1,2014,2042-06-07
PHA-300382,(PHA-300382) 2019 GT70,0.2807,29.52,0.05,7479893.5,18.38,0.15,2.1042,11.32,1114.8,1.7885,2.4198,0.046799,Apollo,1,2019,2030-02-10
NEO-103719,(NEO-103719) 2007 CU54,0.011,20.69,0.006827,1021345.6,26.4,0.6381,0.8058,6.17,264.2,0.2916,1.32,0.006241,Aten,0,2007,2026-09-15
NEO-102768,(NEO-102768) 2017 TZ79,0.0473,20.17,0.032699,4891636.6,22.54,0.5512,1.1892,2.34,473.7,0.5338,1.8446,0.030759,Apollo,0,2017,2044-03-15
PHA-300094,(PHA-300094) 1996 EM27,0.1874,35.67,0.004724,706694.3,19.58,0.2538,1.8418,4.28,912.9,1.3743,2.3092,0.005186,Apollo,1,1996,2044-08-22
NEO-102100,(NEO-102100) 2024 ZQ98,0.0654,13.22,0.020255,3030081.9,27.08,0.1645,1.4207,34.9,618.5,1.187,1.6543,0.024201,Amor,0,2024,2037-10-09
NEO-101124,(NEO-101124) 2009 KT93,0.318,19.55,0.118349,17704825.7,18.2,0.092,2.2763,9.33,1254.4,2.0668,2.4858,0.131811,Atira,0,2009,2026-10-28
NEO-100635,(NEO-100635) 1997 GJ97,0.0217,25.24,0.202272,30259424.7,22.64,0.6933,1.8658,7.95,930.8,0.5722,3.1593,0.189295,Apollo,0,1997,2028-11-18
NEO-102210,(NEO-102210) 1991 FL90,0.13,19.2,0.163458,24453002.2,22.56,0.167,1.4083,2.28,610.4,1.1731,1.6436,0.155347,Amor,0,1991,2039-10-05
NEO-102421,(NEO-102421) 2015 BG59,0.391,7.66,0.16059,24023937.9,17.36,0.55,2.0787,7.83,1094.6,0.9354,3.222,0.131659,Apollo,0,2015,2026-12-25
NEO-101705,(NEO-101705) 2018 MD9,0.13,20.94,0.356117,53274310.1,24.05,0.3136,1.5463,2.44,702.3,1.0613,2.0313,0.346672,Amor,0,2018,2039-07-08
NEO-103776,(NEO-103776) 2003 QP18,0.0505,14.45,0.004589,686557.3,26.27,0.377,1.6754,3.79,792.1,1.0438,2.307,0.00544,Amor,0,2003,2036-02-06
NEO-100763,(NEO-100763) 2025 KQ38,0.5396,14.69,0.093686,14015284.2,16.91,0.473,1.4656,2.31,648.0,0.7724,2.1588,0.088562,Apollo,0,2025,2031-02-17
NEO-102582,(NEO-102582) 2023 BU81,0.0223,6.51,0.008957,1339977.7,24.76,0.1455,1.7748,8.44,863.6,1.5165,2.0331,0.011554,Atira,0,2023,2037-07-08
NEO-100907,(NEO-100907) 2012 JD62,0.0521,19.5,0.011112,1662276.4,23.58,0.106,1.217,12.14,490.4,1.0881,1.346,0.009523,Amor,0,2012,2041-05-23
NEO-102629,(NEO-102629) 2015 YW25,2.2601,17.67,0.301212,45060699.0,14.44,0.55,1.4357,10.59,628.3,0.6461,2.2253,0.275542,Apollo,0,2015,2043-05-03
NEO-102600,(NEO-102600) 2020 AP3,0.0311,24.25,0.002417,361576.3,22.29,0.6205,0.7647,1.9,244.2,0.2902,1.2391,0.003059,Aten,0,2020,2028-02-18
NEO-100967,(NEO-100967) 1992 HE5,0.0629,18.91,0.075668,11319814.7,23.92,0.0788,1.7069,10.78,814.5,1.5724,1.8413,0.093196,Atira,0,1992,2029-12-23
NEO-101531,(NEO-101531) 2022 HT68,0.0211,19.86,0.012466,1864887.1,23.97,0.05,1.8481,2.87,917.6,1.7556,1.9405,0.014317,Atira,0,2022,2043-09-12
NEO-101116,(NEO-101116) 2017 RM41,0.0562,5.0,0.410726,61443722.3,23.76,0.3085,1.5614,2.39,712.6,1.0796,2.0431,0.457905,Amor,0,2017,2034-12-18
PHA-300692,(PHA-300692) 2018 DY23,0.8277,20.82,0.01157,1730795.8,16.45,0.3664,2.2455,20.67,1229.0,1.4228,3.0681,0.008532,Apollo,1,2018,2026-01-20
NEO-101804,(NEO-101804) 2025 FK46,0.135,15.17,0.016993,2542060.5,31.5,0.3986,1.4343,3.25,627.4,0.8626,2.0061,0.01691,Apollo,0,2025,2029-01-03
PHA-300486,(PHA-300486) 2018 LR85,0.6561,14.18,0.011352,1698210.2,16.74,0.7438,1.5492,18.18,704.3,0.3969,2.7014,0.009924,Apollo,1,2018,2036-06-19
PHA-300454,(PHA-300454) 2017 LZ71,0.176,17.57,0.022851,3418412.0,19.72,0.6627,1.3362,3.86,564.1,0.4506,2.2217,0.014005,Apollo,1,2017,2043-05-07
NEO-103796,(NEO-103796) 1993 MX4,0.3663,21.67,0.130985,19595088.9,17.89,0.55,1.7532,11.6,847.9,0.7889,2.7174,0.104292,Apollo,0,1993,2039-01-20
NEO-103357,(NEO-103357) 2004 LF90,0.0253,9.18,0.003376,505037.3,26.74,0.2222,0.8134,1.39,267.9,0.6326,0.9941,0.002638,Aten,0,2004,2044-07-17
PHA-300162,(PHA-300162) 2006 NL33,0.14,18.02,0.018217,2725296.4,20.13,0.4602,1.5894,1.84,731.9,0.8579,2.321,0.012879,Apollo,1,2006,2042-10-06
NEO-103747,(NEO-103747) 2017 VM70,0.0437,22.53,0.023961,3584495.5,25.5,0.2025,1.1127,7.22,428.7,0.8874,1.3381,0.030064,Apollo,0,2017,2040-01-05
NEO-103782,(NEO-103782) 2023 LM75,0.0383,24.24,0.054795,8197258.9,23.81,0.2027,1.7681,1.48,858.8,1.4097,2.1266,0.06409,Atira,0,2023,2025-06-15
NEO-102215,(NEO-102215) 2012 ZR78,0.0114,24.39,0.010754,1608830.9,30.15,0.6937,0.7581,11.31,241.1,0.2322,1.284,0.00842,Aten,0,2012,2031-05-15
NEO-101927,(NEO-101927) 2003 MR63,0.005,13.53,0.407074,60897464.1,23.94,0.16,2.0876,5.49,1101.7,1.7536,2.4216,0.426306,Atira,0,2003,2030-03-27
NEO-101436,(NEO-101436) 2007 EW96,0.3278,20.88,0.508095,76009985.4,17.77,0.4738,1.8834,7.97,944.1,0.991,2.7758,0.42661,Apollo,0,2007,2043-10-01
NEO-101288,(NEO-101288) 2002 PK36,0.016,13.44,0.011721,1753398.4,27.22,0.1339,1.5115,21.43,678.7,1.309,1.7139,0.014926,Atira,0,2002,2029-06-16
NEO-100076,(NEO-100076) 1992 DD75,0.0272,23.39,0.134889,20179109.9,24.17,0.5653,1.6928,15.74,804.4,0.7358,2.6498,0.168903,Apollo,0,1992,2037-11-10
NEO-100622,(NEO-100622) 2013 JW61,0.0081,23.83,0.000272,40685.5,22.85,0.2662,1.5792,1.5,724.9,1.1589,1.9995,0.000282,Amor,0,2013,2039-08-17
NEO-103445,(NEO-103445) 2004 CF31,0.0089,22.53,0.011594,1734394.2,26.68,0.0693,1.7051,2.61,813.2,1.587,1.8232,0.014617,Atira,0,2004,2034-09-05
PHA-300731,(PHA-300731) 2014 WE15,0.5716,21.03,0.006703,1002747.7,16.49,0.2496,2.8195,8.06,1729.2,2.1159,3.5231,0.004343,Apollo,1,2014,2043-05-16
NEO-101469,(NEO-101469) 2000 MR6,0.0213,6.38,0.03427,5126758.5,26.33,0.3577,1.0389,15.46,386.8,0.6673,1.4105,0.03923,Apollo,0,2000,2035-06-28
NEO-101626,(NEO-101626) 1994 MY98,0.3648,15.92,0.334001,49965854.7,17.88,0.5174,1.5754,7.2,722.2,0.7603,2.3906,0.416127,Apollo,0,1994,2028-05-15
NEO-102966,(NEO-102966) 2012 LY48,1.2842,15.42,0.224266,33549662.3,15.29,0.02,1.1,6.52,421.4,1.078,1.122,0.204102,Amor,0,2012,2028-08-26
NEO-100382,(NEO-100382) 1991 SF56,0.0119,15.53,0.133416,19958712.0,31.46,0.3185,1.3577,9.52,577.8,0.9253,1.7901,0.12011,Apollo,0,1991,2028-05-20
PHA-300499,(PHA-300499) 2018 UL43,0.7679,22.64,0.005774,863767.4,16.22,0.3891,1.8639,18.75,929.4,1.1387,2.5891,0.003666,Apollo,1,2018,2035-05-18
NEO-103020,(NEO-103020) 2014 SY15,0.0139,8.03,0.022541,3372061.8,25.1,0.2095,1.5474,1.26,703.1,1.2233,1.8715,0.018244,Amor,0,2014,2028-03-06
NEO-101793,(NEO-101793) 2012 BC33,0.005,18.24,0.251658,37647560.7,24.58,0.1687,1.1537,3.04,452.6,0.9591,1.3484,0.247054,Apollo,0,2012,2033-11-14
NEO-100725,(NEO-100725) 2018 GJ46,0.5938,22.49,0.080744,12079084.8,16.56,0.0303,1.9433,23.53,989.5,1.8845,2.0022,0.07132,Atira,0,2018,2043-06-11
NEO-103581,(NEO-103581) 2008 DA8,0.1108,11.11,0.013337,1995128.7,23.91,0.4924,0.8173,5.68,269.9,0.4148,1.2198,0.009347,Aten,0,2008,2033-01-18
NEO-101378,(NEO-101378) 2021 YS91,1.0308,12.92,0.348123,52078473.7,15.27,0.55,2.2295,16.33,1215.9,1.0033,3.4557,0.368426,Apollo,0,2021,2034-07-09
NEO-101220,(NEO-101220) 2012 UV24,0.002,13.98,0.06059,9064108.8,23.53,0.1862,1.4007,41.96,605.5,1.1398,1.6616,0.064043,Amor,0,2012,2039-05-17
PHA-300757,(PHA-300757) 2009 UM35,0.2815,29.94,0.001402,209768.9,18.39,0.2342,1.3329,0.42,562.1,1.0207,1.6451,0.001524,Apollo,1,2009,2042-03-20
NEO-103854,(NEO-103854) 2022 FE63,0.3094,12.77,0.273966,40984672.0,18.05,0.218,1.9516,10.11,995.8,1.5262,2.377,0.293282,Atira,0,2022,2034-12-12
NEO-102651,(NEO-102651) 2006 UK81,1.003,16.15,0.419784,62798794.6,14.95,0.3353,2.8539,0.5,1761.0,1.897,3.8108,0.346195,Atira,0,2006,2038-01-09
PHA-300411,(PHA-300411) 2006 SM63,0.9343,35.31,0.002938,439560.9,16.03,0.3394,0.9183,2.18,321.4,0.6067,1.23,0.002479,Aten,1,2006,2032-05-05
PHA-300113,(PHA-300113) 2022 TR63,0.9281,30.32,0.013109,1961127.1,15.52,0.2876,1.7569,0.88,850.6,1.2516,2.2622,0.009312,Apollo,1,2022,2039-11-25
NEO-103095,(NEO-103095) 1990 PX33,0.0335,10.61,0.011719,1753155.2,26.23,0.3016,1.4489,0.98,637.0,1.0119,1.886,0.010933,Apollo,0,1990,2037-12-19
NEO-101632,(NEO-101632) 2024 FF42,0.0403,15.64,0.01457,2179650.7,27.0,0.3603,1.0516,16.91,393.9,0.6728,1.4305,0.018676,Apollo,0,2024,2037-10-24
PHA-300809,(PHA-300809) 2010 AC87,0.2306,17.78,0.008784,1314003.3,18.24,0.325,2.2587,11.17,1239.9,1.5245,2.9929,0.005481,Apollo,1,2010,2025-11-22
NEO-100579,(NEO-100579) 2015 ZW49,0.0305,28.12,0.069186,10350020.5,26.02,0.5562,1.0735,1.38,406.3,0.4764,1.6706,0.082188,Apollo,0,2015,2036-03-12
NEO-100558,(NEO-100558) 2016 AF90,0.0562,17.76,0.040699,6088493.2,25.62,0.4016,2.028,2.27,1054.9,1.2136,2.8424,0.033638,Amor,0,2016,2028-05-19
NEO-101324,(NEO-101324) 2016 XW88,0.0209,18.2,0.012385,1852809.3,27.32,0.6056,1.7023,37.66,811.2,0.6714,2.7331,0.015789,Apollo,0,2016,2028-01-28
NEO-100751,(NEO-100751) 1996 DR68,0.0104,11.59,0.001609,240628.5,23.42,0.3601,2.0308,0.48,1057.1,1.2995,2.7622,0.001184,Amor,0,1996,2041-09-18
NEO-100814,(NEO-100814) 2014 UY25,0.0416,9.58,0.033299,4981511.1,24.82,0.75,0.8659,12.19,294.3,0.2165,1.5153,0.038201,Aten,0,2014,2041-11-03
NEO-100971,(NEO-100971) 2010 RH98,0.0266,12.86,0.270331,40440980.5,24.78,0.7,1.9875,8.02,1023.4,0.5963,3.3788,0.19216,Apollo,0,2010,2043-09-13
NEO-103801,(NEO-103801) 2013 WW44,0.7686,17.14,0.065597,9813185.9,16.77,0.0966,1.8553,27.09,923.0,1.676,2.0346,0.078797,Atira,0,2013,2030-04-18
PHA-300389,(PHA-300389) 2025 LP92,0.5496,20.61,0.003536,528907.6,17.18,0.5892,1.8171,1.38,894.7,0.7465,2.8877,0.002645,Apollo,1,2025,2026-08-01
NEO-101486,(NEO-101486) 1993 HG80,0.0045,12.0,0.047878,7162491.1,22.64,0.1828,1.6138,9.83,748.8,1.3187,1.9089,0.057515,Atira,0,1993,2025-07-14
NEO-100058,(NEO-100058) 1995 XD21,0.0475,4.48,0.00097,145060.5,22.67,0.241,1.7873,12.95,872.7,1.3565,2.2181,0.001117,Atira,0,1995,2025-10-09
NEO-103950,(NEO-103950) 1999 KH33,1.6783,16.3,0.211653,31662862.4,14.23,0.4232,1.6514,23.21,775.2,0.9525,2.3504,0.217897,Apollo,0,1999,2030-03-09
NEO-101880,(NEO-101880) 1996 NO89,0.15,14.09,0.126804,18969625.2,20.07,0.4769,1.7514,10.54,846.6,0.9163,2.5866,0.11824,Apollo,0,1996,2034-02-02
NEO-100528,(NEO-100528) 2024 JC98,0.018,10.8,0.021897,3275773.1,24.78,0.5966,1.1952,18.15,477.3,0.4821,1.9083,0.019761,Apollo,0,2024,2029-12-26
NEO-101919,(NEO-101919) 1999 GJ55,0.0461,19.08,0.006745,1009011.9,24.95,0.4606,1.4888,1.45,663.5,0.8031,2.1746,0.008392,Apollo,0,1999,2036-11-01
NEO-103548,(NEO-103548) 2007 RJ76,0.0232,18.73,0.070544,10553177.2,25.89,0.75,0.9895,4.06,359.5,0.2474,1.7316,0.06543,Aten,0,2007,2032-09-16
NEO-101306,(NEO-101306) 1996 KV80,0.002,12.12,0.01601,2395067.8,25.38,0.3308,1.6422,9.56,768.7,1.099,2.1854,0.011342,Amor,0,1996,2034-10-06
NEO-100158,(NEO-100158) 2012 GQ47,0.0576,23.16,0.314079,46985553.4,23.65,0.2614,1.066,3.0,402.0,0.7874,1.3446,0.402613,Apollo,0,2012,2034-05-15
PHA-300446,(PHA-300446) 2023 GD45,0.1552,22.7,0.017574,2629063.0,20.05,0.1993,1.3188,1.71,553.2,1.056,1.5817,0.0166,Apollo,1,2023,2028-01-09
NEO-102465,(NEO-102465) 2023 GC96,0.0959,19.44,0.00266,397929.6,25.25,0.606,1.0743,29.05,406.7,0.4232,1.7254,0.002306,Apollo,0,2023,2032-02-14
NEO-100255,(NEO-100255) 2018 VV48,0.1037,16.16,0.010976,1642010.0,24.16,0.5656,1.2736,12.75,525.0,0.5532,1.994,0.008689,Apollo,0,2018,2039-10-23
NEO-101126,(NEO-101126) 2017 BL84,0.0573,19.9,0.046494,6955470.8,25.41,0.17,0.7999,5.17,261.3,0.6639,0.9358,0.058424,Atira,0,2017,2040-05-24
NEO-103395,(NEO-103395) 2011 KB20,0.0645,11.4,0.001026,153448.6,23.74,0.3494,1.2491,8.64,509.9,0.8126,1.6856,0.000881,Apollo,0,2011,2030-02-03
NEO-103203,(NEO-103203) 2023 OD34,0.3891,10.09,0.533265,79775296.9,18.06,0.4739,2.7957,4.14,1707.4,1.4709,4.1205,0.40833,Atira,0,2023,2034-06-24
NEO-101605,(NEO-101605) 1995 LQ63,0.13,22.78,0.297395,44489646.2,24.32,0.5451,0.8504,11.82,286.4,0.3868,1.3139,0.336642,Aten,0,1995,2037-09-13
PHA-300631,(PHA-300631) 2009 GX98,0.571,18.45,0.007932,1186567.0,16.09,0.4208,1.9384,1.61,985.8,1.1228,2.7541,0.007623,Apollo,1,2009,2044-10-02
NEO-101568,(NEO-101568) 2021 JT83,0.135,18.56,0.003459,517488.3,23.11,0.4952,1.2246,14.6,495.0,0.6181,1.831,0.004163,Apollo,0,2021,2026-06-19
NEO-101129,(NEO-101129) 2020 EL93,0.0049,22.59,0.034955,5229140.1,24.56,0.2363,1.5635,25.29,714.1,1.1941,1.9329,0.040468,Amor,0,2020,2037-02-22
NEO-101746,(NEO-101746) 1994 BL68,0.0251,12.14,0.03185,4764682.2,26.45,0.4181,1.571,0.52,719.2,0.9142,2.2277,0.038986,Apollo,0,1994,2040-10-24
NEO-101761,(NEO-101761) 2001 XJ16,1.5993,10.07,0.060413,9037703.9,15.21,0.135,2.2546,10.45,1236.5,1.9502,2.559,0.052765,Atira,0,2001,2039-06-17
NEO-102434,(NEO-102434) 2008 AV51,0.2557,9.74,0.205755,30780444.0,18.42,0.474,2.2324,4.18,1218.3,1.1741,3.2906,0.240515,Amor,0,2008,2030-09-13
NEO-103755,(NEO-103755) 1996 YB65,0.005,23.46,0.090957,13606906.3,23.61,0.3487,0.9327,3.26,329.0,0.6075,1.2579,0.06617,Aten,0,1996,2028-02-16
NEO-103044,(NEO-103044) 2023 BK60,0.135,14.5,0.013573,2030469.1,27.23,0.3374,0.7618,9.0,242.8,0.5047,1.0188,0.016005,Aten,0,2023,2027-10-09
NEO-101060,(NEO-101060) 1995 HN69,0.0026,9.73,0.003154,471807.6,23.11,0.3598,1.4063,2.92,609.2,0.9003,1.9124,0.003976,Apollo,0,1995,2035-05-06
PHA-300379,(PHA-300379) 2005 GR12,0.502,19.27,0.010556,1579170.5,16.97,0.3069,0.828,31.31,275.2,0.5739,1.0822,0.009541,Aten,1,2005,2031-10-24
NEO-102083,(NEO-102083) 1999 XC52,0.002,15.77,0.005109,764278.5,22.38,0.375,1.301,4.39,542.0,0.8131,1.7889,0.006319,Apollo,0,1999,2029-10-11
NEO-101875,(NEO-101875) 2007 RZ35,0.7468,13.98,0.188448,28191382.0,16.66,0.3525,1.1,9.38,421.4,0.7122,1.4878,0.136487,Apollo,0,2007,2043-02-12
NEO-100021,(NEO-100021) 2019 NB51,1.085,6.59,0.118725,17760947.4,15.48,0.3604,2.1878,11.39,1182.0,1.3994,2.9763,0.083717,Atira,0,2019,2040-07-28
PHA-300532,(PHA-300532) 2001 NA38,0.14,27.06,0.016542,2474650.8,19.85,0.4302,1.5128,14.24,679.6,0.862,2.1637,0.014493,Apollo,1,2001,2042-11-18
PHA-300081,(PHA-300081) 2006 JA5,0.6851,17.46,0.003302,494028.2,15.88,0.2029,1.6843,8.36,798.4,1.3425,2.0261,0.003415,Apollo,1,2006,2036-11-20
NEO-102788,(NEO-102788) 1997 KZ33,0.5365,13.66,0.307079,45938346.1,16.97,0.3071,1.9787,0.5,1016.6,1.3711,2.5863,0.32778,Atira,0,1997,2040-10-09
NEO-101155,(NEO-101155) 2011 DX61,0.0166,10.48,0.002599,388750.4,22.79,0.3067,0.7,11.97,213.9,0.4853,0.9147,0.003251,Atira,0,2011,2038-03-26
NEO-102857,(NEO-102857) 2022 GJ22,1.3511,14.85,0.108561,16240491.4,14.62,0.1025,1.7198,9.54,823.7,1.5435,1.896,0.11661,Atira,0,2022,2042-03-10
NEO-102969,(NEO-102969) 2010 ZO1,0.0176,17.73,0.02309,3454208.9,23.36,0.3934,1.8095,28.72,889.1,1.0976,2.5215,0.023657,Amor,0,2010,2034-10-13
NEO-102654,(NEO-102654) 2017 JH9,0.0477,18.58,0.179261,26817033.6,22.61,0.3124,1.7066,3.78,814.3,1.1735,2.2397,0.160225,Amor,0,2017,2033-07-13
NEO-100852,(NEO-100852) 2022 YB84,0.0619,7.8,0.021573,3227325.4,22.93,0.2982,0.9091,13.91,316.6,0.638,1.1803,0.023597,Aten,0,2022,2032-02-08
NEO-100224,(NEO-100224) 1992 HX10,0.0098,11.88,0.007454,1115062.3,22.74,0.3555,1.3306,3.53,560.6,0.8576,1.8036,0.008421,Apollo,0,1992,2033-03-08
NEO-101136,(NEO-101136) 1999 FD4,0.0332,5.0,0.045457,6800272.9,24.96,0.0718,1.4096,1.62,611.3,1.3084,1.5108,0.048813,Atira,0,1999,2025-03-16
NEO-102781,(NEO-102781) 1993 MZ22,0.0164,9.54,0.073732,11030208.7,23.1,0.3608,1.5039,5.15,673.6,0.9612,2.0466,0.08661,Apollo,0,1993,2043-05-17
PHA-300227,(PHA-300227) 2000 SS69,0.3253,33.21,0.010563,1580150.3,17.86,0.5096,1.586,5.4,729.6,0.7777,2.3943,0.007655,Apollo,1,2000,2033-05-10
NEO-101941,(NEO-101941) 2000 LU15,0.053,11.83,0.006327,946493.0,23.92,0.4355,1.1755,1.14,465.5,0.6635,1.6874,0.007587,Apollo,0,2000,2040-05-07
NEO-102425,(NEO-102425) 2025 BS72,0.0211,17.97,0.037628,5629101.9,24.54,0.5353,1.2351,5.18,501.4,0.574,1.8962,0.034298,Apollo,0,2025,2037-05-14
NEO-100309,(NEO-100309) 2012 MN72,0.4971,13.14,0.265472,39713996.8,17.39,0.3107,1.5596,2.09,711.4,1.0751,2.0441,0.282332,Amor,0,2012,2036-05-10
NEO-100981,(NEO-100981) 2021 AB2,0.0267,15.17,0.041782,6250495.9,22.3,0.3922,1.5698,30.0,718.4,0.9541,2.1855,0.051655,Apollo,0,2021,2044-07-04
NEO-103055,(NEO-103055) 1998 XB26,0.6402,16.31,0.65,97238616.0,16.47,0.2146,2.1609,5.64,1160.3,1.6972,2.6247,0.7,Atira,0,1998,2042-03-08
PHA-300153,(PHA-300153) 2010 YM51,0.5339,11.0,0.018029,2697093.4,16.75,0.6242,1.3896,13.6,598.3,0.5222,2.2569,0.019388,Apollo,1,2010,2039-09-09
NEO-102429,(NEO-102429) 2025 FG31,2.7201,20.4,0.088242,13200749.6,13.7,0.3218,1.339,12.3,565.9,0.9081,1.7698,0.095123,Apollo,0,2025,2027-11-26
NEO-103702,(NEO-103702) 1996 FB3,0.0033,18.66,0.019571,2927705.9,26.34,0.3789,1.6203,17.13,753.3,1.0063,2.2343,0.015126,Apollo,0,1996,2036-04-17
NEO-103698,(NEO-103698) 1998 PE5,0.0881,15.89,0.006985,1044955.0,22.28,0.4685,1.133,1.1,440.5,0.6022,1.6638,0.008863,Apollo,0,1998,2030-11-19
NEO-102489,(NEO-102489) 2017 SM90,0.0784,22.41,0.005789,866033.8,22.62,0.476,1.1634,11.65,458.3,0.6096,1.7171,0.006809,Apollo,0,2017,2029-04-03
NEO-102160,(NEO-102160) 1998 LC49,0.0318,11.95,0.063676,9525812.3,23.34,0.129,1.7988,3.28,881.2,1.5668,2.0307,0.062738,Atira,0,1998,2033-04-08
NEO-102701,(NEO-102701) 2006 YJ10,0.0595,4.0,0.031137,4657955.1,25.79,0.1038,2.0693,3.53,1087.2,1.8544,2.2842,0.036813,Atira,0,2006,2039-12-19
NEO-102835,(NEO-102835) 1992 HK64,0.13,11.66,0.238614,35696156.2,23.25,0.4778,0.9864,4.67,357.8,0.5151,1.4578,0.171268,Aten,0,1992,2037-05-22
NEO-100987,(NEO-100987) 2011 KR93,0.135,27.55,0.050662,7578971.8,24.92,0.4627,1.382,3.36,593.4,0.7426,2.0215,0.048496,Apollo,0,2011,2035-10-26
NEO-102076,(NEO-102076) 1994 PN37,0.0231,20.8,0.036296,5429818.4,22.76,0.75,1.2581,5.07,515.4,0.3145,2.2016,0.033766,Apollo,0,1994,2043-01-19
NEO-100604,(NEO-100604) 2019 FW34,0.0061,4.0,0.106123,15875768.8,24.1,0.3631,1.5035,8.81,673.3,0.9575,2.0494,0.136356,Apollo,0,2019,2040-04-17
NEO-102540,(NEO-102540) 2020 MT98,1.1645,19.8,0.205373,30723302.9,15.22,0.55,1.2649,0.72,519.6,0.5692,1.9605,0.258211,Apollo,0,2020,2044-01-10
NEO-101790,(NEO-101790) 2004 JU28,0.0329,13.72,0.018074,2703896.7,22.21,0.5954,1.4199,0.53,618.0,0.5744,2.2653,0.021948,Apollo,0,2004,2036-01-22
NEO-102339,(NEO-102339) 2006 OW17,0.0403,17.16,0.030115,4505121.8,22.23,0.5191,1.2592,4.11,516.1,0.6056,1.9129,0.038129,Apollo,0,2006,2043-08-05
NEO-103468,(NEO-103468) 2021 RU39,0.0183,8.19,0.043229,6467001.2,23.77,0.7254,1.7104,0.54,817.0,0.4696,2.9511,0.030603,Apollo,0,2021,2040-01-14
NEO-103643,(NEO-103643) 2020 JH82,0.4258,15.42,0.212815,31836617.8,18.01,0.1818,2.3766,5.04,1338.2,1.9446,2.8086,0.258231,Atira,0,2020,2031-09-14
NEO-101809,(NEO-101809) 2013 RE29,0.13,7.63,0.32228,48212379.8,25.7,0.152,2.3088,0.2,1281.3,1.9578,2.6598,0.29932,Atira,0,2013,2027-08-24
NEO-100628,(NEO-100628) 2018 GU22,0.8348,11.94,0.149011,22291745.3,16.16,0.55,1.5455,2.0,701.8,0.6955,2.3956,0.176036,Apollo,0,2018,2043-04-01
PHA-300583,(PHA-300583) 2008 PO35,0.3621,22.15,0.035091,5249561.9,17.02,0.289,1.5218,1.84,685.7,1.082,1.9617,0.03171,Apollo,1,2008,2043-09-06
PHA-300031,(PHA-300031) 2000 CV23,0.3354,15.81,0.05,7479893.5,18.24,0.1892,1.3859,4.21,595.9,1.1237,1.6481,0.032839,Apollo,1,2000,2026-06-22
PHA-300550,(PHA-300550) 1996 ES60,0.6613,16.14,0.006326,946428.9,16.15,0.2296,0.9745,1.78,351.4,0.7508,1.1982,0.004126,Aten,1,1996,2038-07-20
NEO-102012,(NEO-102012) 2002 XS81,0.0296,15.08,0.026431,3954067.9,26.29,0.2918,2.0232,0.53,1051.1,1.4327,2.6136,0.019375,Atira,0,2002,2026-12-06
NEO-103635,(NEO-103635) 1990 OR88,0.0453,23.99,0.133595,19985601.3,22.1,0.508,1.4966,0.24,668.7,0.7363,2.2568,0.15562,Apollo,0,1990,2028-05-17
PHA-300233,(PHA-300233) 2023 EC15,0.3238,11.0,0.003168,473879.0,18.34,0.5061,2.0479,4.26,1070.4,1.0114,3.0844,0.002548,Apollo,1,2023,2040-02-05
NEO-100515,(NEO-100515) 2017 MZ11,6.6709,3.5,0.0683,10217503.1,11.37,0.3662,1.2138,3.44,488.4,0.7693,1.6582,0.056168,Apollo,0,2017,2025-09-12
NEO-103041,(NEO-103041) 2015 YA1,0.9427,15.84,0.178647,26725141.8,15.81,0.3734,1.2952,21.79,538.4,0.8116,1.7788,0.200312,Apollo,0,2015,2025-09-14
NEO-102792,(NEO-102792) 2020 CU92,0.0312,10.87,0.02251,3367500.6,23.57,0.5928,1.4324,3.09,626.2,0.5833,2.2815,0.02541,Apollo,0,2020,2040-08-10
NEO-102703,(NEO-102703) 2015 OQ12,0.0415,14.21,0.0121,1810136.8,22.57,0.2559,1.9066,0.1,961.6,1.4188,2.3944,0.015041,Atira,0,2015,2040-04-05
NEO-100618,(NEO-100618) 1998 GS74,0.0488,10.29,0.040665,6083334.3,24.76,0.1452,0.9483,3.16,337.3,0.8106,1.086,0.035037,Aten,0,1998,2029-11-13
PHA-300251,(PHA-300251) 2020 VG1,0.14,11.84,0.016644,2489892.1,19.49,0.5556,1.386,19.67,596.0,0.6159,2.1561,0.010094,Apollo,1,2020,2025-11-21
NEO-101759,(NEO-101759) 1998 NQ14,0.0722,20.32,0.00631,943941.6,22.39,0.1965,1.0809,5.19,410.5,0.8685,1.2934,0.006808,Apollo,0,1998,2044-02-28
NEO-100865,(NEO-100865) 2019 RP20,0.0635,18.4,0.109112,16322878.5,24.45,0.5341,2.49,14.81,1435.1,1.16,3.82,0.14148,Amor,0,2019,2035-08-03
NEO-100901,(NEO-100901) 1998 KR10,0.944,17.69,0.156013,23339182.4,15.94,0.1974,1.5312,28.36,692.1,1.2289,1.8335,0.161069,Amor,0,1998,2032-06-15
NEO-102950,(NEO-102950) 2009 UG30,3.1515,15.27,0.083382,12473759.4,13.2,0.5412,1.1,12.99,421.4,0.5047,1.6953,0.07852,Apollo,0,2009,2043-03-05
NEO-100010,(NEO-100010) 2006 BT65,0.0715,11.61,0.013037,1950362.8,22.67,0.4538,1.8313,3.08,905.1,1.0003,2.6623,0.011143,Apollo,0,2006,2044-04-11
NEO-101042,(NEO-101042) 2001 EW89,0.0694,8.46,0.006541,978580.0,23.57,0.1561,1.5207,28.21,684.9,1.2833,1.7581,0.007553,Amor,0,2001,2042-01-10
NEO-101672,(NEO-101672) 2016 DC91,0.002,13.89,0.025771,3855262.8,22.9,0.3429,1.2429,4.04,506.1,0.8167,1.6691,0.030986,Apollo,0,2016,2034-05-26
NEO-101186,(NEO-101186) 2005 PW84,0.8187,11.9,0.576664,86267750.1,16.07,0.2101,1.7167,12.49,821.5,1.356,2.0774,0.435474,Atira,0,2005,2042-06-27
PHA-300330,(PHA-300330) 2004 DJ27,0.6182,31.38,0.025631,3834359.2,16.22,0.653,1.1383,3.7,443.6,0.395,1.8816,0.025335,Apollo,1,2004,2042-07-02
NEO-103549,(NEO-103549) 1995 LN66,0.0451,11.29,0.022787,3408916.6,22.48,0.2055,0.9342,0.25,329.8,0.7422,1.1262,0.020203,Aten,0,1995,2042-09-20
NEO-100777,(NEO-100777) 2011 XQ61,0.025,14.03,0.012561,1879034.6,23.22,0.3944,1.5554,7.61,708.5,0.9419,2.1688,0.009171,Apollo,0,2011,2044-07-01
NEO-102509,(NEO-102509) 2009 RP27,0.034,14.4,0.062585,9362526.9,23.65,0.2549,1.3003,0.21,541.6,0.9688,1.6318,0.046237,Apollo,0,2009,2043-09-25
NEO-103687,(NEO-103687) 2010 RD39,0.0262,11.68,0.026657,3987854.3,22.86,0.1719,0.9063,14.37,315.2,0.7506,1.0621,0.027729,Aten,0,2010,2037-04-11
PHA-300470,(PHA-300470) 2013 FH68,0.1831,11.0,0.05,7479893.5,19.76,0.6059,0.8725,1.32,297.7,0.3439,1.4011,0.047886,Aten,1,2013,2026-07-09
NEO-102798,(NEO-102798) 1998 TT84,0.0389,28.97,0.297258,44469188.5,22.21,0.1584,2.0006,10.99,1033.5,1.6836,2.3175,0.21316,Atira,0,1998,2031-09-04
NEO-102337,(NEO-102337) 1996 VK95,0.0029,23.61,0.010219,1528806.3,22.45,0.4881,1.4196,8.4,617.8,0.7267,2.1125,0.010968,Apollo,0,1996,2038-03-05
NEO-103632,(NEO-103632) 2008 LR28,0.5393,18.86,0.154772,23153520.4,16.66,0.4006,2.1785,4.43,1174.4,1.3058,3.0511,0.165103,Atira,0,2008,2035-06-26
NEO-102019,(NEO-102019) 2018 GQ12,0.15,12.9,0.327925,49056893.8,19.52,0.1594,1.9536,2.72,997.4,1.6423,2.265,0.357898,Atira,0,2018,2029-02-18
NEO-103129,(NEO-103129) 1994 KX93,0.0023,7.67,0.017826,2666776.4,23.29,0.6362,1.7971,1.4,880.0,0.6538,2.9405,0.021339,Apollo,0,1994,2037-03-01
NEO-100942,(NEO-100942) 2011 AW98,0.0306,18.16,0.052232,7813818.5,24.3,0.0969,1.1982,0.48,479.0,1.0821,1.3143,0.054115,Amor,0,2011,2043-04-26
NEO-103474,(NEO-103474) 2007 JW18,2.0424,15.89,0.318497,47646401.1,14.45,0.0676,1.7625,15.97,854.7,1.6434,1.8817,0.273777,Atira,0,2007,2025-01-18
NEO-101629,(NEO-101629) 1993 QC72,0.0038,20.74,0.005984,895160.8,27.38,0.5054,1.5925,6.79,734.1,0.7877,2.3974,0.005711,Apollo,0,1993,2035-12-16
NEO-101861,(NEO-101861) 2002 RT52,0.3581,6.43,0.133621,19989432.2,17.63,0.1613,1.1,0.5,421.4,0.9226,1.2774,0.141494,Apollo,0,2002,2026-03-13
NEO-102718,(NEO-102718) 1997 UC42,1.1135,4.65,0.65,97238616.0,15.24,0.1602,1.5016,16.81,672.1,1.261,1.7421,0.7,Amor,0,1997,2035-04-12
NEO-102907,(NEO-102907) 1990 FA83,0.1027,7.87,0.020201,3022094.6,23.39,0.2595,1.0906,9.94,416.0,0.8076,1.3736,0.018979,Apollo,0,1990,2033-07-15
NEO-103670,(NEO-103670) 2016 SY91,0.0253,4.0,0.021074,3152600.8,23.57,0.4644,1.6173,0.77,751.3,0.8662,2.3685,0.026542,Apollo,0,2016,2025-05-08
NEO-102598,(NEO-102598) 2019 RQ37,0.1916,17.95,0.069878,10453621.8,18.9,0.1575,2.4728,36.52,1420.3,2.0833,2.8624,0.056886,Atira,0,2019,2028-04-03
NEO-100447,(NEO-100447) 2025 UP3,0.0641,13.34,0.016184,2421100.8,22.43,0.2294,0.7519,20.15,238.1,0.5794,0.9244,0.01627,Atira,0,2025,2042-11-11
NEO-102049,(NEO-102049) 1997 YC76,0.6949,20.7,0.073446,10987310.1,16.88,0.2601,1.3992,16.26,604.5,1.0352,1.7632,0.092805,Amor,0,1997,2043-02-03
NEO-103502,(NEO-103502) 2022 OY41,0.0165,16.89,0.007446,1113915.9,22.69,0.1084,1.0884,23.51,414.7,0.9704,1.2063,0.008833,Apollo,0,2022,2037-06-09
NEO-102063,(NEO-102063) 2013 YT65,0.025,19.51,0.0001,14959.8,24.02,0.0969,1.1546,4.92,453.1,1.0427,1.2665,0.000111,Amor,0,2013,2041-05-14
PHA-300337,(PHA-300337) 2004 PD82,0.385,22.82,0.041116,6150858.0,17.33,0.3691,1.3746,0.2,588.6,0.8672,1.882,0.041229,Apollo,1,2004,2037-04-23
NEO-102780,(NEO-102780) 2015 EL38,0.1259,25.67,0.218045,32619060.6,24.94,0.7,1.2791,2.5,528.4,0.3837,2.1745,0.278836,Apollo,0,2015,2034-03-19
NEO-103618,(NEO-103618) 2024 TB44,0.0051,10.75,0.023551,3523208.2,22.36,0.4136,1.8728,1.65,936.1,1.0983,2.6473,0.025806,Amor,0,2024,2044-11-14
NEO-101738,(NEO-101738) 2002 QW33,0.0759,30.59,0.003979,595224.7,22.57,0.2746,1.3969,2.67,603.0,1.0134,1.7805,0.004947,Apollo,0,2002,2044-12-02
NEO-103588,(NEO-103588) 2013 EF17,0.0536,20.13,0.344475,51532652.6,24.4,0.4169,1.615,10.22,749.6,0.9417,2.2882,0.325834,Apollo,0,2013,2043-02-16
NEO-100599,(NEO-100599) 1999 AJ52,5.6335,12.89,0.127626,19092613.4,12.16,0.0873,2.2036,8.06,1194.8,2.0113,2.3959,0.133562,Atira,0,1999,2043-06-23
PHA-300646,(PHA-300646) 1996 BO15,0.14,18.83,0.030783,4605073.5,20.22,0.8046,1.2708,22.35,523.3,0.2483,2.2934,0.027089,Apollo,1,1996,2032-01-13
NEO-101278,(NEO-101278) 1990 WF30,1.7672,16.15,0.600647,89855456.2,14.52,0.0304,1.4239,5.21,620.6,1.3806,1.4671,0.425171,Atira,0,1990,2027-12-09
PHA-300622,(PHA-300622) 2009 ZG52,0.5015,30.32,0.032165,4811806.7,16.59,0.4604,1.0334,5.22,383.7,0.5577,1.5092,0.029777,Apollo,1,2009,2034-08-22
NEO-101669,(NEO-101669) 2018 EB48,0.1632,11.16,0.181347,27129102.3,19.51,0.0911,1.1781,2.59,467.0,1.0707,1.2854,0.167239,Amor,0,2018,2035-10-28
NEO-103003,(NEO-103003) 2010 PO57,0.0265,17.22,0.178017,26630896.3,22.54,0.5192,1.147,3.44,448.7,0.5514,1.7426,0.22904,Apollo,0,2010,2032-07-11
NEO-102585,(NEO-102585) 2016 SZ51,0.7364,19.3,0.134676,20147192.6,15.81,0.0689,2.2184,43.04,1206.9,2.0657,2.3712,0.157231,Atira,0,2016,2036-02-15
NEO-102259,(NEO-102259) 2013 BS83,0.0194,11.61,0.021847,3268323.3,24.52,0.3954,0.8002,8.68,261.5,0.4838,1.1167,0.017862,Aten,0,2013,2036-03-13
NEO-103939,(NEO-103939) 2021 ZL26,0.0031,12.52,0.054075,8089547.6,24.31,0.5133,0.9799,1.27,354.3,0.4769,1.4829,0.047395,Aten,0,2021,2027-09-06
NEO-102525,(NEO-102525) 2004 MK59,0.6147,3.93,0.25631,38343374.7,16.38,0.55,1.668,0.5,786.9,0.7506,2.5855,0.238747,Apollo,0,2004,2043-08-07
NEO-101676,(NEO-101676) 2011 YH90,0.0532,17.98,0.020887,3124592.8,22.92,0.75,1.1851,10.91,471.2,0.2963,2.074,0.024582,Apollo,0,2011,2036-06-23
NEO-100641,(NEO-100641) 1999 HU7,0.005,31.46,0.097538,14591463.7,25.5,0.2873,1.4159,25.3,615.4,1.0092,1.8227,0.077846,Apollo,0,1999,2030-12-18
NEO-101822,(NEO-101822) 1997 FE8,0.5168,3.5,0.116226,17387199.0,16.26,0.2765,1.4582,15.93,643.2,1.0549,1.8615,0.135474,Amor,0,1997,2037-03-12
PHA-300105,(PHA-300105) 2014 PT7,0.3021,32.46,0.031952,4779936.5,18.7,0.5197,0.75,21.77,237.2,0.3602,1.1398,0.031672,Aten,1,2014,2032-09-09
NEO-100997,(NEO-100997) 2001 QG31,0.0035,10.21,0.032223,4820421.5,22.42,0.2252,1.7334,12.86,833.6,1.343,2.1239,0.034999,Atira,0,2001,2039-04-25
NEO-100670,(NEO-100670) 1996 WM8,0.0357,5.4,0.110946,16597330.9,23.43,0.5482,1.3083,6.66,546.6,0.5911,2.0254,0.123611,Apollo,0,1996,2037-03-08
NEO-101577,(NEO-101577) 2005 GV35,0.525,3.5,0.376902,56383794.9,16.94,0.55,1.1,55.0,421.4,0.495,1.705,0.425249,Apollo,0,2005,2025-10-15
NEO-100408,(NEO-100408) 2004 OD75,0.0156,7.57,0.009341,1397448.2,23.18,0.417,1.9006,9.67,957.0,1.1081,2.6931,0.009444,Amor,0,2004,2029-06-14
NEO-101856,(NEO-101856) 1997 TV64,0.3056,13.82,0.065109,9740181.6,17.54,0.3954,1.4842,1.21,660.4,0.8974,2.0709,0.05965,Apollo,0,1997,2030-04-02
NEO-100329,(NEO-100329) 2000 NN26,0.002,20.83,0.106131,15876959.7,23.02,0.4594,0.7,15.61,213.9,0.3784,1.0216,0.112779,Aten,0,2000,2041-03-04
NEO-102749,(NEO-102749) 2008 SA4,0.0756,12.9,0.058477,8748091.6,24.01,0.3157,1.1849,6.41,471.1,0.8109,1.5589,0.064126,Apollo,0,2008,2035-09-03
PHA-300047,(PHA-300047) 2008 EV90,2.34,19.27,0.007349,1099360.0,13.98,0.5266,1.39,4.04,598.5,0.658,2.1219,0.005684,Apollo,1,2008,2026-11-17
NEO-102338,(NEO-102338) 2001 TV29,0.0236,13.06,0.018604,2783075.8,28.78,0.2468,1.7451,6.66,842.0,1.3144,2.1757,0.018715,Atira,0,2001,2031-10-13
NEO-103296,(NEO-103296) 1998 NP8,0.6201,10.45,0.221728,33170090.5,16.91,0.4424,2.0387,3.55,1063.2,1.1367,2.9406,0.216588,Amor,0,1998,2026-10-28
NEO-103922,(NEO-103922) 1990 CD40,0.0592,24.73,0.01433,2143713.0,31.5,0.2787,1.3919,17.53,599.8,1.004,1.7798,0.010426,Apollo,0,1990,2044-03-15
NEO-100911,(NEO-100911) 1993 TF25,1.5598,22.5,0.329989,49365617.9,14.67,0.2908,1.5009,16.0,671.6,1.0644,1.9374,0.363488,Amor,0,1993,2032-11-28
NEO-101372,(NEO-101372) 2002 EZ10,0.094,12.28,0.4042,60467497.0,23.05,0.4291,1.9414,40.0,988.0,1.1082,2.7745,0.400355,Amor,0,2002,2040-11-25
NEO-102859,(NEO-102859) 1996 UB57,0.5276,7.06,0.08031,12014224.2,16.69,0.5056,2.5005,1.12,1444.2,1.2362,3.7648,0.095147,Amor,0,1996,2040-10-12
NEO-101651,(NEO-101651) 2003 SG70,0.0828,22.84,0.000694,103765.6,25.69,0.6494,0.7855,4.05,254.3,0.2754,1.2956,0.000752,Aten,0,2003,2026-10-15
NEO-101740,(NEO-101740) 2022 HT11,0.0221,10.17,0.002426,362898.8,29.13,0.7461,1.6625,13.16,783.0,0.4221,2.9029,0.002194,Apollo,0,2022,2026-04-07
NEO-102120,(NEO-102120) 1998 ZO77,0.006,5.55,0.016365,2448168.7,23.26,0.6851,1.7597,13.73,852.6,0.5541,2.9653,0.017945,Apollo,0,1998,2041-10-07
NEO-102578,(NEO-102578) 2006 VH88,0.1184,12.81,0.373107,55815961.7,22.98,0.1761,1.5964,3.07,736.7,1.3153,1.8775,0.361849,Atira,0,2006,2041-09-12
PHA-300697,(PHA-300697) 2016 EK52,0.2433,25.35,0.041111,6150095.1,19.24,0.3141,0.9781,5.57,353.3,0.6708,1.2854,0.029725,Aten,1,2016,2042-02-25
NEO-103289,(NEO-103289) 2004 NF98,0.0044,15.3,0.000894,133800.5,22.48,0.2288,1.3976,4.9,603.5,1.0778,1.7174,0.001137,Amor,0,2004,2036-09-26
NEO-100269,(NEO-100269) 2006 HT55,0.042,24.89,0.065767,9838671.8,22.44,0.75,1.0917,10.09,416.6,0.2729,1.9104,0.083149,Apollo,0,2006,2034-10-15
NEO-102494,(NEO-102494) 2014 HO32,0.0023,28.1,0.03712,5553115.5,24.39,0.3882,1.5881,6.32,731.0,0.9716,2.2047,0.042295,Apollo,0,2014,2044-11-23
NEO-100552,(NEO-100552) 2011 OO83,0.0588,17.47,0.062596,9364162.5,25.6,0.2174,1.4776,3.24,656.0,1.1563,1.7988,0.063946,Amor,0,2011,2039-01-12
PHA-300062,(PHA-300062) 1995 RC45,0.1875,16.27,0.000774,115801.6,18.89,0.2737,1.1045,28.45,424.0,0.8022,1.4068,0.000769,Apollo,1,1995,2035-12-06
NEO-101098,(NEO-101098) 2014 WQ51,0.0241,20.59,0.176336,26379462.4,24.15,0.5568,0.8,1.45,261.4,0.3546,1.2454,0.167527,Aten,0,2014,2026-05-03
NEO-103749,(NEO-103749) 2010 QR29,0.8525,6.4,0.118957,17795787.2,16.51,0.55,2.0952,0.56,1107.7,0.9429,3.2476,0.096915,Apollo,0,2010,2041-11-23
NEO-100940,(NEO-100940) 2023 UT24,0.4126,11.12,0.379329,56746883.9,17.38,0.152,2.544,24.94,1482.0,2.1572,2.9307,0.422408,Atira,0,2023,2026-07-24
PHA-300733,(PHA-300733) 2010 XY60,0.3334,11.0,0.002436,364362.0,18.85,0.5962,2.0123,1.01,1042.6,0.8126,3.212,0.00236,Apollo,1,2010,2034-01-08
NEO-101862,(NEO-101862) 2007 KN37,0.9647,11.16,0.309589,46313813.1,15.26,0.2481,2.1927,8.06,1185.9,1.6487,2.7367,0.377516,Atira,0,2007,2044-07-13
NEO-100181,(NEO-100181) 2001 XU84,0.0342,14.44,0.03805,5692126.4,22.86,0.5713,0.7,7.52,213.9,0.3001,1.0999,0.046612,Aten,0,2001,2034-01-13
NEO-100366,(NEO-100366) 2017 NU77,0.0151,26.27,0.003804,569091.5,22.33,0.2204,1.529,3.75,690.5,1.1919,1.866,0.003138,Amor,0,2017,2033-03-06
NEO-103700,(NEO-103700) 1995 LD44,0.6698,24.07,0.076534,11449392.7,16.55,0.3209,1.8525,17.81,920.9,1.2581,2.4469,0.074181,Amor,0,1995,2032-02-20
NEO-103106,(NEO-103106) 1998 TV24,0.0977,14.36,0.425954,63721781.0,25.09,0.4776,0.8526,15.39,287.6,0.4454,1.2598,0.492488,Aten,0,1998,2036-12-23
NEO-100301,(NEO-100301) 2002 TG26,0.0519,10.96,0.02832,4236566.3,25.35,0.2288,1.2076,4.1,484.7,0.9312,1.4839,0.036399,Apollo,0,2002,2035-12-04
NEO-100417,(NEO-100417) 1993 SC16,0.0552,8.63,0.212659,31813380.9,25.19,0.5908,2.2425,23.24,1226.5,0.9175,3.5674,0.243975,Apollo,0,1993,2040-12-25
NEO-101835,(NEO-101835) 2018 WC87,0.0901,14.64,0.001461,218569.6,28.21,0.4071,1.5077,0.2,676.2,0.8939,2.1216,0.001373,Apollo,0,2018,2030-10-27
NEO-103035,(NEO-103035) 2005 NT28,0.0185,16.45,0.386787,57862468.4,22.72,0.5474,0.8,3.74,261.4,0.3621,1.2379,0.330236,Aten,0,2005,2025-12-10
NEO-102382,(NEO-102382) 2020 EQ44,0.0289,17.4,0.054642,8174285.9,23.77,0.1762,1.6921,3.5,804.0,1.3939,1.9904,0.057171,Atira,0,2020,2039-08-17
NEO-100174,(NEO-100174) 2004 MP78,0.0278,21.45,0.026682,3991536.5,24.71,0.4459,1.3545,2.18,575.8,0.7505,1.9585,0.018744,Apollo,0,2004,2030-06-13
NEO-102329,(NEO-102329) 1997 FV5,0.0054,11.37,0.030703,4593085.8,22.42,0.5024,1.6859,17.46,799.5,0.839,2.5328,0.038933,Apollo,0,1997,2031-07-08
NEO-100753,(NEO-100753) 2024 XZ3,0.0148,23.15,0.008438,1262341.5,26.06,0.5365,1.6104,0.35,746.4,0.7465,2.4743,0.007404,Apollo,0,2024,2033-10-16
NEO-103777,(NEO-103777) 1996 WC94,0.0078,20.95,0.360908,53991008.3,24.89,0.05,2.0352,5.24,1060.5,1.9334,2.1369,0.394718,Atira,0,1996,2042-09-03
NEO-101002,(NEO-101002) 1994 MU26,0.2954,11.5,0.071452,10689006.6,17.96,0.173,1.8444,10.42,914.9,1.5253,2.1636,0.074409,Atira,0,1994,2025-05-13
NEO-103090,(NEO-103090) 2014 NE61,0.0024,11.35,0.001717,256835.4,24.2,0.3279,1.033,5.67,383.5,0.6943,1.3717,0.001624,Apollo,0,2014,2030-10-03
NEO-103965,(NEO-103965) 2016 XJ61,0.0778,19.69,0.050038,7485597.3,30.2,0.5865,1.3274,6.93,558.6,0.5489,2.1058,0.059238,Apollo,0,2016,2043-02-12
NEO-103714,(NEO-103714) 2002 KW93,0.0421,9.73,0.016937,2533736.9,22.51,0.2031,0.8764,11.15,299.7,0.6984,1.0544,0.014365,Aten,0,2002,2038-11-02
PHA-300430,(PHA-300430) 2007 LQ16,0.5086,18.78,0.006377,954053.8,17.86,0.3946,0.75,10.93,237.2,0.454,1.046,0.006007,Aten,1,2007,2032-06-18
NEO-103928,(NEO-103928) 1997 MR6,0.6062,9.5,0.415303,62128371.6,17.17,0.3313,1.275,1.56,525.9,0.8526,1.6975,0.397365,Apollo,0,1997,2043-01-23
NEO-100276,(NEO-100276) 2000 OY2,0.0029,11.32,0.017653,2640846.4,25.77,0.3771,1.3867,11.26,596.4,0.8638,1.9096,0.013177,Apollo,0,2000,2029-02-14
NEO-102901,(NEO-102901) 2002 LV83,0.0189,15.54,0.362246,54191164.0,24.72,0.6622,1.346,18.43,570.3,0.4546,2.2373,0.369454,Apollo,0,2002,2033-06-12
NEO-102712,(NEO-102712) 2001 MQ48,0.13,12.57,0.44243,66186628.9,22.92,0.1681,1.2858,8.41,532.5,1.0696,1.502,0.505318,Amor,0,2001,2039-12-19
PHA-300639,(PHA-300639) 2005 TA59,0.4996,15.2,0.032005,4787922.7,17.0,0.7769,0.9688,0.92,348.3,0.2162,1.7214,0.030752,Aten,1,2005,2041-06-11
NEO-100722,(NEO-100722) 2017 LG30,0.1089,19.99,0.039048,5841426.7,24.58,0.4947,1.4746,5.54,654.0,0.7451,2.204,0.042265,Apollo,0,2017,2032-03-01
NEO-102472,(NEO-102472) 2016 MF31,0.0395,16.94,0.012416,1857462.3,23.13,0.3877,1.1523,25.1,451.8,0.7055,1.5991,0.008775,Apollo,0,2016,2025-04-04
NEO-102493,(NEO-102493) 2024 KF40,0.8929,19.02,0.460217,68847469.2,15.9,0.3167,1.7073,8.66,814.8,1.1666,2.248,0.595533,Amor,0,2024,2039-09-15
NEO-102147,(NEO-102147) 1997 ZE89,0.0398,20.9,0.250756,37512494.7,22.13,0.2377,2.1661,8.65,1164.4,1.6512,2.6809,0.218591,Atira,0,1997,2042-10-28
PHA-300620,(PHA-300620) 2002 YQ84,0.4801,24.17,0.004205,629047.4,17.33,0.6107,2.0093,4.36,1040.3,0.7822,3.2364,0.003288,Apollo,1,2002,2033-06-27
PHA-300662,(PHA-300662) 2014 TA27,0.5309,28.3,0.028904,4323967.9,16.9,0.4295,0.7547,5.32,239.5,0.4306,1.0788,0.028304,Aten,1,2014,2027-03-15
NEO-100425,(NEO-100425) 1993 JW22,0.13,24.47,0.264405,39554392.7,24.49,0.0863,1.4884,1.0,663.3,1.3601,1.6168,0.231526,Atira,0,1993,2044-09-04
PHA-300472,(PHA-300472) 2007 QU93,0.458,21.65,0.01582,2366643.8,17.49,0.3775,0.8483,2.1,285.4,0.5281,1.1686,0.013406,Aten,1,2007,2026-10-21
NEO-100760,(NEO-100760) 2010 OS5,0.0718,13.34,0.057233,8561874.8,22.67,0.6944,1.5696,2.52,718.2,0.4797,2.6595,0.055386,Apollo,0,2010,2043-03-08
NEO-103622,(NEO-103622) 1991 JW90,0.005,13.12,0.047578,7117584.2,24.92,0.5699,2.1158,0.4,1124.1,0.9101,3.3214,0.05642,Apollo,0,1991,2034-09-16
NEO-102011,(NEO-102011) 2009 CX25,0.3668,14.24,0.203129,30387623.0,17.83,0.3919,2.5032,8.03,1446.6,1.5221,3.4843,0.237292,Atira,0,2009,2028-09-08
NEO-100638,(NEO-100638) 2009 GP77,0.4013,13.18,0.058175,8702830.2,17.15,0.55,2.0108,10.51,1041.4,0.9048,3.1167,0.063906,Apollo,0,2009,2037-05-12
NEO-102827,(NEO-102827) 1999 AH5,0.002,19.4,0.025041,3746122.0,26.69,0.1551,1.3619,7.73,580.5,1.1506,1.5731,0.025746,Amor,0,1999,2027-07-08
NEO-102548,(NEO-102548) 2016 GV21,0.0144,19.35,0.030336,4538182.2,24.64,0.3127,1.6453,6.36,770.8,1.1308,2.1598,0.031561,Amor,0,2016,2025-01-23
NEO-101754,(NEO-101754) 2017 AT72,0.0591,17.75,0.030997,4637143.6,23.25,0.5835,1.5362,7.73,695.4,0.6398,2.4325,0.038671,Apollo,0,2017,2036-07-18
PHA-300039,(PHA-300039) 2015 FF4,0.7545,36.43,0.030953,4630461.9,16.29,0.2905,1.4165,2.18,615.7,1.0049,1.828,0.033553,Apollo,1,2015,2028-03-20
NEO-103297,(NEO-103297) 2002 PV14,0.5891,12.76,0.65,97238616.0,16.92,0.2916,1.9099,7.84,964.1,1.353,2.4668,0.7,Atira,0,2002,2033-04-14
NEO-102125,(NEO-102125) 1995 QX66,0.0229,9.86,0.014788,2212313.4,28.01,0.75,1.0667,5.75,402.4,0.2667,1.8667,0.013345,Apollo,0,1995,2035-09-23
NEO-100034,(NEO-100034) 2019 XG75,0.7969,13.9,0.444667,66521226.6,16.67,0.0624,1.5158,5.07,681.7,1.4212,1.6104,0.548382,Atira,0,2019,2026-01-08
NEO-100248,(NEO-100248) 2013 YO12,0.0112,26.86,0.248422,37163448.5,24.51,0.7,1.6006,4.68,739.6,0.4802,2.7209,0.267443,Apollo,0,2013,2041-01-20
PHA-300709,(PHA-300709) 2014 ZF50,0.7944,32.52,0.000697,104313.8,15.99,0.1775,1.9614,21.0,1003.3,1.6132,2.3096,0.00061,Apollo,1,2014,2029-01-03
NEO-102119,(NEO-102119) 2020 TE89,0.007,11.55,0.028058,4197457.4,27.43,0.75,1.0938,8.12,417.8,0.2735,1.9142,0.026905,Apollo,0,2020,2038-10-22
NEO-101807,(NEO-101807) 1999 TD71,0.6964,13.89,0.260957,39038591.2,16.31,0.3591,1.799,9.88,881.3,1.1529,2.4451,0.290768,Amor,0,1999,2031-11-01
NEO-100836,(NEO-100836) 1991 FG77,0.0618,9.72,0.0533,7973500.1,22.85,0.2092,1.0137,3.42,372.8,0.8016,1.2258,0.065136,Apollo,0,1991,2038-07-28
NEO-100832,(NEO-100832) 1999 BD57,0.8896,14.48,0.176275,26370436.1,15.57,0.4086,2.432,1.95,1385.3,1.4383,3.4258,0.17289,Atira,0,1999,2027-12-06
NEO-101601,(NEO-101601) 2016 DG65,0.0231,18.43,0.005869,878052.1,23.95,0.2554,1.4548,5.76,640.9,1.0832,1.8265,0.004865,Amor,0,2016,2028-07-14
NEO-103455,(NEO-103455) 1995 JT25,0.0045,7.0,0.080539,12048534.4,27.31,0.2596,1.5089,2.79,677.0,1.1172,1.9007,0.084407,Amor,0,1995,2028-03-15
NEO-103201,(NEO-103201) 2015 QR37,0.0118,16.11,0.005554,830804.5,23.32,0.3461,1.1563,18.89,454.2,0.7561,1.5565,0.006332,Apollo,0,2015,2033-11-15
NEO-103951,(NEO-103951) 1996 VO96,0.6329,18.53,0.085129,12735117.9,16.04,0.3656,2.3602,21.33,1324.4,1.4973,3.2232,0.065349,Atira,0,1996,2031-04-19
NEO-102261,(NEO-102261) 2011 US2,0.0345,22.13,0.147279,22032657.6,27.14,0.2216,1.3709,0.98,586.2,1.0671,1.6746,0.163568,Amor,0,2011,2040-03-11
NEO-103477,(NEO-103477) 2003 VA67,0.0328,19.81,0.279403,41798129.1,24.8,0.5236,1.9475,8.56,992.6,0.9278,2.9672,0.298478,Apollo,0,2003,2028-10-16
NEO-103740,(NEO-103740) 1995 PY30,0.0604,25.66,0.264636,39589047.9,22.37,0.4335,1.3988,3.85,604.3,0.7925,2.0052,0.203492,Apollo,0,1995,2038-02-24
NEO-103031,(NEO-103031) 1990 CE6,0.0247,21.47,0.009048,1353573.8,23.47,0.6213,1.2552,3.95,513.6,0.4753,2.0351,0.008309,Apollo,0,1990,2033-06-27
NEO-101782,(NEO-101782) 2016 WT87,0.135,4.27,0.001346,201325.0,23.22,0.6816,1.3467,7.48,570.8,0.4288,2.2647,0.001388,Apollo,0,2016,2036-08-22
NEO-100561,(NEO-100561) 2020 ZE69,0.6236,26.51,0.071351,10673994.3,16.53,0.2739,1.9344,5.37,982.6,1.4046,2.4641,0.070011,Atira,0,2020,2035-11-16
NEO-102736,(NEO-102736) 1998 AM35,0.0134,11.19,0.1656,24773368.3,24.15,0.5472,0.871,1.89,296.9,0.3944,1.3476,0.160514,Aten,0,1998,2040-11-18
NEO-100575,(NEO-100575) 2025 HB87,0.0212,22.13,0.006399,957337.3,22.71,0.2402,1.2889,31.08,534.5,0.9793,1.5985,0.007082,Apollo,0,2025,2028-01-11
NEO-100371,(NEO-100371) 2017 DW84,0.8655,16.96,0.117031,17507650.7,15.23,0.2656,2.3144,20.6,1286.0,1.6997,2.9291,0.13925,Atira,0,2017,2041-03-13
NEO-100584,(NEO-100584) 2012 EV63,0.6097,13.8,0.227888,34091529.0,16.6,0.2882,2.4337,7.67,1386.7,1.7322,3.1352,0.177018,Atira,0,2012,2037-11-08
NEO-102726,(NEO-102726) 2008 AF26,0.5454,16.51,0.152693,22842548.4,17.25,0.2785,1.2498,1.11,510.3,0.9017,1.5979,0.173131,Apollo,0,2008,2044-02-10
NEO-100974,(NEO-100974) 1990 KH93,0.2609,9.59,0.279256,41776136.1,18.33,0.1018,2.4832,7.89,1429.3,2.2305,2.736,0.238717,Atira,0,1990,2029-02-13
NEO-100651,(NEO-100651) 2017 XC97,0.6079,10.04,0.518477,77563049.3,16.66,0.2,1.7675,41.07,858.3,1.414,2.1209,0.64108,Atira,0,2017,2043-08-27
NEO-102173,(NEO-102173) 1990 UY20,0.0155,14.93,0.238149,35626611.1,23.86,0.7,1.4726,9.97,652.7,0.4418,2.5035,0.21583,Apollo,0,1990,2039-03-05
PHA-300025,(PHA-300025) 2004 MR7,0.1763,29.88,0.002854,426890.4,19.23,0.1968,1.3448,20.17,569.6,1.0802,1.6095,0.00205,Apollo,1,2004,2031-09-13
NEO-102474,(NEO-102474) 2010 PL89,1.7835,9.12,0.071669,10721488.1,14.34,0.1507,2.1654,13.7,1163.8,1.839,2.4918,0.060325,Atira,0,2010,2026-02-12
NEO-101521,(NEO-101521) 2009 XT12,0.002,16.41,0.000427,63815.1,29.15,0.1104,1.2638,4.2,518.9,1.1243,1.4033,0.000338,Amor,0,2009,2038-11-06
NEO-103414,(NEO-103414) 2012 CS42,0.4688,11.2,0.056472,8448026.0,16.85,0.2156,1.7731,2.98,862.3,1.3908,2.1553,0.052,Atira,0,2012,2031-02-08
NEO-101535,(NEO-101535) 1997 DZ39,0.0073,21.79,0.001418,212125.8,22.26,0.3124,1.5192,0.74,684.0,1.0446,1.9939,0.001472,Amor,0,1997,2037-08-10
NEO-101382,(NEO-101382) 2015 TV49,0.1309,15.71,0.052749,7891162.3,30.63,0.1795,1.2176,0.6,490.7,0.999,1.4361,0.062305,Apollo,0,2015,2035-09-17
NEO-102676,(NEO-102676) 2022 GL18,0.1327,14.84,0.04028,6025872.7,22.42,0.1977,1.6274,2.97,758.3,1.3056,1.9492,0.032295,Atira,0,2022,2026-09-22
NEO-100462,(NEO-100462) 2022 VA26,0.0055,16.75,0.010115,1513121.2,22.77,0.2384,1.5943,9.05,735.3,1.2141,1.9745,0.012558,Amor,0,2022,2036-02-11
PHA-300339,(PHA-300339) 1998 ZT13,0.2914,16.93,0.023401,3500677.8,18.46,0.6419,1.1423,39.13,445.9,0.4091,1.8756,0.018262,Apollo,1,1998,2026-05-07
NEO-103217,(NEO-103217) 2012 WO65,0.0047,16.56,0.129864,19427328.6,25.57,0.1318,1.8251,26.21,900.5,1.5845,2.0656,0.126218,Atira,0,2012,2035-12-01
NEO-101867,(NEO-101867) 1999 SF56,0.0053,26.02,0.037859,5663694.2,26.82,0.2768,1.3435,8.43,568.8,0.9717,1.7153,0.035942,Apollo,0,1999,2037-01-22
NEO-101954,(NEO-101954) 2025 JE7,0.0041,14.65,0.078909,11804544.3,30.39,0.75,1.7232,12.6,826.2,0.4308,3.0156,0.069963,Apollo,0,2025,2030-12-15
NEO-103485,(NEO-103485) 2012 FP87,0.043,15.07,0.041052,6141304.6,23.83,0.3598,1.5148,1.16,681.0,0.9697,2.0599,0.045468,Apollo,0,2012,2039-02-22
NEO-100857,(NEO-100857) 1996 QC85,0.0114,21.1,0.010743,1607065.9,22.89,0.1096,1.5601,2.62,711.8,1.3892,1.7311,0.012223,Atira,0,1996,2037-07-03
NEO-100619,(NEO-100619) 2024 AD82,0.2825,6.98,0.144061,21551213.4,18.46,0.1579,1.6906,2.88,802.9,1.4236,1.9576,0.120512,Atira,0,2024,2042-12-05
NEO-102649,(NEO-102649) 1990 SD80,0.0224,9.29,0.051966,7774004.3,24.5,0.2612,1.7379,6.4,836.8,1.284,2.1919,0.055258,Amor,0,1990,2035-03-11
NEO-100847,(NEO-100847) 1991 JW9,0.0765,11.33,0.426373,63784474.6,24.33,0.108,1.5635,6.95,714.1,1.3947,1.7324,0.504655,Atira,0,1991,2035-03-08
NEO-101930,(NEO-101930) 2019 TM89,0.0374,26.59,0.051414,7691460.7,22.5,0.5945,1.3572,4.6,577.5,0.5503,2.1641,0.063508,Apollo,0,2019,2033-02-18
NEO-100355,(NEO-100355) 1991 TD23,0.0109,16.99,0.033307,4982597.3,23.03,0.6288,0.7,5.69,213.9,0.2598,1.1402,0.03682,Aten,0,1991,2033-10-21
NEO-103410,(NEO-103410) 2020 QA89,0.9515,3.5,0.055584,8315236.5,15.4,0.3475,2.1355,2.09,1139.8,1.3935,2.8775,0.052,Atira,0,2020,2027-09-24
NEO-103132,(NEO-103132) 2016 TG61,0.05,13.27,0.012925,1933600.8,23.01,0.3449,1.0759,5.78,407.6,0.7049,1.4469,0.010489,Apollo,0,2016,2039-01-09
PHA-300362,(PHA-300362) 1996 LW35,0.14,28.24,0.039528,5913298.4,19.82,0.2069,1.9206,2.96,972.2,1.5233,2.3179,0.033998,Apollo,1,1996,2039-10-25
NEO-102538,(NEO-102538) 2025 HO91,0.0884,30.11,0.138845,20770881.0,23.38,0.2242,1.4088,0.44,610.8,1.093,1.7246,0.163099,Amor,0,2025,2035-10-12
NEO-101092,(NEO-101092) 2009 YC59,0.5656,19.63,0.137362,20549091.3,16.97,0.4731,1.924,19.52,974.8,1.0138,2.8342,0.101909,Apollo,0,2009,2034-12-04
NEO-100533,(NEO-100533) 2020 DX89,0.0678,31.03,0.391182,58519979.4,25.62,0.3788,0.8711,10.68,297.0,0.5411,1.2011,0.505709,Aten,0,2020,2044-06-12
NEO-101001,(NEO-101001) 1995 NP68,0.0426,20.0,0.011682,1747561.3,25.07,0.114,0.7453,18.35,235.0,0.6604,0.8302,0.014927,Atira,0,1995,2026-11-16
PHA-300776,(PHA-300776) 2000 CJ50,0.6944,32.55,0.020482,3064082.4,16.35,0.6064,1.3043,0.54,544.1,0.5134,2.0953,0.020583,Apollo,1,2000,2036-10-08
PHA-300459,(PHA-300459) 2002 JL95,0.1722,14.4,0.000153,22854.6,19.85,0.5067,0.8332,9.9,277.8,0.4111,1.2554,9.5e-05,Aten,1,2002,2030-10-11
PHA-300130,(PHA-300130) 2018 XQ93,0.3236,11.79,0.02802,4191713.7,18.39,0.5676,1.2269,6.37,496.3,0.5305,1.9232,0.027145,Apollo,1,2018,2033-09-04
PHA-300778,(PHA-300778) 2000 HQ45,0.2555,40.55,0.027741,4149969.3,18.98,0.5326,1.9565,26.8,999.6,0.9145,2.9986,0.021301,Apollo,1,2000,2026-02-10
PHA-300313,(PHA-300313) 2019 EM68,0.184,36.96,0.013031,1949427.1,19.5,0.6831,1.6389,4.05,766.3,0.5194,2.7584,0.010632,Apollo,1,2019,2039-12-24
NEO-103006,(NEO-103006) 2007 CJ54,0.002,19.27,0.037132,5554908.5,25.95,0.1466,1.5647,0.54,714.9,1.3354,1.794,0.048071,Atira,0,2007,2029-08-08
PHA-300704,(PHA-300704) 2007 HW81,0.3216,29.76,0.015033,2248831.3,18.14,0.3336,0.8022,1.4,262.4,0.5346,1.0698,0.015401,Aten,1,2007,2042-05-19
NEO-103489,(NEO-103489) 2018 GQ1,0.0692,19.12,0.011479,1717269.8,26.5,0.2526,1.2851,14.88,532.1,0.9604,1.6097,0.008537,Apollo,0,2018,2038-10-06
NEO-101622,(NEO-101622) 2012 YQ22,0.5575,11.71,0.262942,39335585.4,17.05,0.2878,1.7665,21.07,857.5,1.2581,2.2749,0.239682,Amor,0,2012,2039-12-25
NEO-103799,(NEO-103799) 2011 YH18,0.7293,6.55,0.065982,9870755.2,16.36,0.2464,1.4995,29.75,670.7,1.13,1.869,0.055811,Amor,0,2011,2025-04-22
NEO-103421,(NEO-103421) 1990 ND62,0.7077,15.5,0.182373,27282550.3,16.3,0.4978,1.8007,23.02,882.6,0.9043,2.6971,0.19699,Apollo,0,1990,2044-08-23
NEO-103593,(NEO-103593) 2000 QX40,0.135,20.32,0.005069,758268.6,22.21,0.3708,1.6311,0.1,760.8,1.0263,2.2358,0.005043,Amor,0,2000,2044-11-26
NEO-101988,(NEO-101988) 1994 KF7,0.011,15.8,0.053867,8058320.6,24.29,0.578,1.1916,2.18,475.1,0.5028,1.8803,0.061411,Apollo,0,1994,2029-05-03
NEO-101842,(NEO-101842) 2025 ZK91,0.0091,18.86,0.004886,730927.0,22.43,0.539,1.5308,13.34,691.8,0.7058,2.3558,0.004449,Apollo,0,2025,2041-09-27
PHA-300396,(PHA-300396) 1998 QV28,1.0123,29.26,0.002679,400759.9,15.76,0.82,0.75,4.85,237.2,0.135,1.365,0.00265,Aten,1,1998,2026-12-14
NEO-102307,(NEO-102307) 2017 LS86,1.7463,17.15,0.058717,8784005.5,13.81,0.2513,1.9235,2.94,974.4,1.4401,2.4069,0.063001,Atira,0,2017,2037-07-28
NEO-100180,(NEO-100180) 1992 GG17,0.135,12.16,0.02651,3965773.4,22.75,0.5697,1.4652,25.93,647.8,0.6305,2.2998,0.02993,Apollo,0,1992,2033-09-06
NEO-103053,(NEO-103053) 2022 UL37,0.0292,16.07,0.007033,1052055.9,23.23,0.3813,1.704,7.0,812.5,1.0543,2.3537,0.007848,Amor,0,2022,2032-10-25
NEO-100066,(NEO-100066) 1997 WD50,0.0075,17.24,0.015386,2301648.8,23.87,0.3505,1.6071,5.98,744.1,1.0438,2.1703,0.01575,Amor,0,1997,2034-04-10
NEO-101587,(NEO-101587) 2023 RC33,0.0773,17.8,0.018071,2703320.4,24.38,0.3884,1.7253,5.96,827.7,1.0553,2.3953,0.015215,Amor,0,2023,2039-06-14
NEO-101721,(NEO-101721) 2003 ZB66,0.02,18.02,0.035097,5250430.7,22.93,0.3201,1.9232,8.62,974.1,1.3076,2.5388,0.030641,Atira,0,2003,2032-01-06
NEO-102376,(NEO-102376) 1990 MT2,0.0193,28.09,0.009638,1441875.5,25.36,0.2886,1.988,3.27,1023.8,1.4144,2.5617,0.00935,Atira,0,1990,2042-04-24
NEO-101566,(NEO-101566) 2022 OJ38,0.0664,24.87,0.32813,49087509.7,26.09,0.5356,1.4767,21.87,655.4,0.6858,2.2675,0.415934,Apollo,0,2022,2040-01-01
NEO-102836,(NEO-102836) 2015 CW41,0.0436,26.67,0.016858,2521859.6,23.33,0.4315,1.571,3.07,719.2,0.8931,2.2488,0.01632,Apollo,0,2015,2040-01-07
PHA-300032,(PHA-300032) 1997 SM65,1.7151,21.71,0.00259,387456.0,15.15,0.5246,1.8872,0.2,946.9,0.8972,2.8773,0.002008,Apollo,1,1997,2026-02-15
NEO-103103,(NEO-103103) 2004 DY52,0.0115,11.76,0.029367,4393230.8,22.57,0.3041,1.0154,24.95,373.7,0.7066,1.3243,0.029195,Apollo,0,2004,2031-01-02
PHA-300293,(PHA-300293) 2017 OX14,0.14,27.86,0.001751,262001.5,19.51,0.3875,2.0414,0.56,1065.4,1.2504,2.8324,0.001204,Apollo,1,2017,2026-10-21
NEO-103514,(NEO-103514) 2003 RF11,0.0168,9.49,0.053283,7971056.6,22.25,0.2941,1.4482,8.32,636.6,1.0223,1.8742,0.045488,Amor,0,2003,2039-11-04
NEO-102659,(NEO-102659) 1992 HJ82,0.0309,5.23,0.415567,62167958.9,24.99,0.326,1.6458,3.02,771.1,1.1092,2.1823,0.306941,Amor,0,1992,2034-12-02
PHA-300654,(PHA-300654) 2021 YZ93,0.4293,26.63,0.019479,2913946.3,17.34,0.6095,1.1163,5.53,430.8,0.4359,1.7967,0.012326,Apollo,1,2021,2042-10-26
NEO-100353,(NEO-100353) 2003 QP76,0.0513,8.22,0.042809,6404190.6,23.86,0.2171,1.1978,3.59,478.8,0.9378,1.4578,0.046836,Apollo,0,2003,2038-04-04
NEO-101852,(NEO-101852) 1995 WK43,0.0646,30.23,0.006897,1031820.6,24.67,0.1794,1.0983,15.86,420.4,0.9013,1.2953,0.008755,Apollo,0,1995,2038-01-26
NEO-101123,(NEO-101123) 2025 YA58,0.0062,7.34,0.031688,4740492.4,31.5,0.12,0.9232,17.06,324.0,0.8124,1.034,0.041031,Aten,0,2025,2031-05-26
NEO-101677,(NEO-101677) 1995 CP92,0.0032,19.64,0.062745,9386566.1,28.53,0.352,0.7,5.42,213.9,0.4536,0.9464,0.071528,Atira,0,1995,2038-10-12
NEO-100649,(NEO-100649) 2016 GR25,0.037,11.13,0.30977,46340869.0,22.59,0.2303,2.0847,2.08,1099.4,1.6045,2.5648,0.377741,Atira,0,2016,2027-05-10
NEO-102784,(NEO-102784) 2000 LL74,0.0094,12.56,0.063966,9569223.5,23.23,0.7,1.2027,5.33,481.7,0.3608,2.0445,0.067153,Apollo,0,2000,2030-03-12
NEO-101308,(NEO-101308) 2000 BE95,0.0704,25.71,0.295344,44182784.7,22.22,0.4857,1.6486,13.52,773.2,0.8479,2.4493,0.230004,Apollo,0,2000,2026-04-01
NEO-100202,(NEO-100202) 2009 RZ75,0.0295,20.93,0.037263,5574534.3,22.25,0.2454,1.098,7.88,420.3,0.8286,1.3675,0.032361,Apollo,0,2009,2025-11-13
NEO-100137,(NEO-100137) 2003 DM23,0.0063,12.02,0.011409,1706697.7,23.46,0.2694,1.2907,2.88,535.6,0.943,1.6385,0.012873,Apollo,0,2003,2044-05-14
NEO-101185,(NEO-101185) 2020 KV68,0.0181,12.64,0.007583,1134447.4,26.17,0.4102,1.1924,0.69,475.6,0.7033,1.6815,0.006949,Apollo,0,2020,2032-02-14
NEO-101325,(NEO-101325) 2014 TY46,0.4799,19.13,0.150947,22581314.8,17.14,0.3614,1.639,7.12,766.4,1.0467,2.2313,0.124745,Amor,0,2014,2044-09-14
NEO-102274,(NEO-102274) 2005 RB63,0.0263,19.61,0.001828,273490.8,27.73,0.5816,1.4299,4.13,624.5,0.5982,2.2616,0.002191,Apollo,0,2005,2039-03-02
NEO-101514,(NEO-101514) 2021 XW73,0.0867,14.94,0.022141,3312210.6,22.98,0.3725,1.1181,8.04,431.8,0.7016,1.5346,0.027659,Apollo,0,2021,2029-02-04
NEO-102787,(NEO-102787) 2009 SA59,0.0115,12.06,0.000177,26504.1,27.08,0.5378,1.6363,6.32,764.5,0.7564,2.5162,0.000222,Apollo,0,2009,2044-07-05
PHA-300294,(PHA-300294) 2016 ZD82,0.6397,24.88,0.025855,3867818.3,16.73,0.3388,0.8765,7.15,299.7,0.5795,1.1735,0.019836,Aten,1,2016,2028-10-21
NEO-100616,(NEO-100616) 1993 SX96,0.15,14.76,0.189413,28335801.1,19.63,0.3387,2.4388,2.84,1391.1,1.6128,3.2647,0.154504,Atira,0,1993,2033-10-04
NEO-100672,(NEO-100672) 2006 LP39,0.13,23.96,0.428555,64110925.3,22.66,0.2969,1.7823,4.29,869.1,1.2532,2.3114,0.4089,Amor,0,2006,2028-05-17
NEO-101828,(NEO-101828) 2018 LA81,0.028,21.64,0.229044,34264423.6,26.25,0.1647,1.2218,6.48,493.3,1.0205,1.4231,0.266176,Amor,0,2018,2044-09-15
NEO-100092,(NEO-100092) 2009 QB81,0.6822,18.87,0.26295,39336758.6,16.28,0.2642,2.1104,27.09,1119.8,1.5529,2.6679,0.234656,Atira,0,2009,2040-03-27
NEO-103124,(NEO-103124) 2019 OE40,0.0234,14.95,0.001965,293988.7,24.38,0.6534,1.6018,6.12,740.5,0.5552,2.6484,0.001862,Apollo,0,2019,2042-06-05
NEO-103918,(NEO-103918) 1995 YR29,0.0492,7.25,0.041249,6170799.8,31.5,0.4375,1.5645,6.52,714.8,0.8801,2.249,0.045562,Apollo,0,1995,2027-04-24
NEO-100800,(NEO-100800) 2021 GW44,0.0064,17.81,0.026503,3964735.1,27.07,0.6463,1.6046,6.83,742.4,0.5675,2.6417,0.02438,Apollo,0,2021,2038-11-04
NEO-102738,(NEO-102738) 2007 YG57,0.0231,17.76,0.059839,8951798.3,22.1,0.3475,1.0548,0.2,395.7,0.6883,1.4214,0.075292,Apollo,0,2007,2036-01-09
PHA-300811,(PHA-300811) 2025 FO87,0.3414,25.01,0.003648,545781.3,17.97,0.6074,1.9498,2.59,994.5,0.7655,3.1342,0.003863,Apollo,1,2025,2031-08-18
NEO-102252,(NEO-102252) 1997 UE57,0.0194,13.52,0.065107,9739914.1,22.46,0.0563,1.3036,2.96,543.6,1.2303,1.3769,0.062999,Amor,0,1997,2027-07-16
NEO-100530,(NEO-100530) 2008 PT63,0.0217,12.42,0.006886,1030070.5,28.37,0.2502,0.98,11.39,354.4,0.7348,1.2252,0.006264,Aten,0,2008,2027-12-09
NEO-103498,(NEO-103498) 2003 DM15,0.0443,30.73,0.016516,2470686.9,23.74,0.2885,1.6482,0.1,772.9,1.1727,2.1237,0.020425,Amor,0,2003,2036-07-13
NEO-100026,(NEO-100026) 1996 SQ85,0.0688,16.55,0.06033,9025215.3,24.73,0.227,1.9554,14.73,998.7,1.5114,2.3993,0.074132,Atira,0,1996,2041-02-18
NEO-100176,(NEO-100176) 2025 GE58,0.0182,17.29,0.000792,118486.1,23.04,0.2573,1.1437,7.7,446.7,0.8494,1.4379,0.000972,Apollo,0,2025,2025-01-12
NEO-103558,(NEO-103558) 2017 DA58,0.0655,13.53,0.001448,216565.1,25.14,0.3237,1.3031,3.46,543.3,0.8813,1.7249,0.001364,Apollo,0,2017,2028-03-25
PHA-300008,(PHA-300008) 2009 WY52,0.5312,11.0,0.006034,902747.5,16.96,0.5121,1.4381,3.1,629.9,0.7016,2.1746,0.006361,Apollo,1,2009,2043-02-21
NEO-100813,(NEO-100813) 2006 CC92,0.0041,21.37,0.054544,8159729.9,22.94,0.3826,0.8164,7.73,269.4,0.5041,1.1287,0.054591,Aten,0,2006,2041-02-11
NEO-100843,(NEO-100843) 1993 WN58,0.0919,19.73,0.295076,44142701.3,23.75,0.5597,1.4672,8.73,649.1,0.646,2.2884,0.373784,Apollo,0,1993,2044-10-19
PHA-300483,(PHA-300483) 2013 LM61,0.6224,20.27,0.003779,565297.7,16.65,0.4617,1.541,0.27,698.7,0.8295,2.2525,0.003833,Apollo,1,2013,2031-10-09
NEO-103017,(NEO-103017) 2009 EG2,0.0564,18.01,0.268067,40102325.0,25.03,0.1379,1.1579,3.96,455.1,0.9983,1.3176,0.216359,Apollo,0,2009,2036-09-09
NEO-102643,(NEO-102643) 2022 BS72,0.0096,15.92,0.018947,2834448.1,24.12,0.4905,0.7,7.26,213.9,0.3567,1.0433,0.013506,Aten,0,2022,2035-10-23
NEO-102208,(NEO-102208) 2012 VP28,0.0123,14.08,0.031737,4747775.2,23.55,0.5931,0.7078,12.28,217.5,0.288,1.1276,0.025502,Aten,0,2012,2040-11-27
NEO-102541,(NEO-102541) 2018 BT34,0.0088,18.23,0.050665,7579396.4,22.79,0.5967,1.6498,14.05,774.0,0.6654,2.6342,0.056729,Apollo,0,2018,2026-06-02
PHA-300677,(PHA-300677) 1998 JE86,0.5108,26.76,0.008096,1211136.9,17.15,0.5482,1.6757,16.24,792.3,0.757,2.5944,0.005141,Apollo,1,1998,2031-10-23
NEO-102645,(NEO-102645) 2004 UM83,0.0041,21.72,0.033733,5046455.5,22.71,0.42,1.2203,0.11,492.4,0.7078,1.7329,0.03694,Apollo,0,2004,2036-01-28
NEO-100784,(NEO-100784) 2002 FM46,0.2322,9.52,0.088058,13173357.7,18.83,0.4117,1.8374,4.5,909.7,1.081,2.5938,0.085682,Amor,0,2002,2032-05-05
NEO-102971,(NEO-102971) 2018 CS4,0.15,17.18,0.056654,8475304.6,19.58,0.2451,2.3643,6.8,1327.8,1.7847,2.9438,0.052,Atira,0,2018,2039-05-25
NEO-102345,(NEO-102345) 2022 OM93,0.6375,10.23,0.287765,43048974.9,16.79,0.55,2.114,6.5,1122.6,0.9513,3.2766,0.293859,Apollo,0,2022,2042-03-13
NEO-100185,(NEO-100185) 2002 FE48,0.0712,10.94,0.416411,62294257.4,22.53,0.5208,1.6408,40.0,767.7,0.7862,2.4953,0.342412,Apollo,0,2002,2025-11-26
NEO-101584,(NEO-101584) 2024 JP83,0.0387,11.4,0.032042,4793368.8,23.21,0.5738,1.4121,7.64,612.9,0.6018,2.2224,0.030899,Apollo,0,2024,2037-08-17
NEO-100268,(NEO-100268) 2022 KP68,0.0534,19.45,0.11201,16756495.5,22.64,0.5222,1.4044,0.48,607.9,0.6711,2.1378,0.090941,Apollo,0,2022,2028-08-11
NEO-100503,(NEO-100503) 2001 TP57,0.0075,17.25,0.02392,3578413.5,31.05,0.4809,1.3084,2.42,546.6,0.6792,1.9377,0.029555,Apollo,0,2001,2035-02-13
NEO-100853,(NEO-100853) 2009 XP48,0.0234,10.85,0.089131,13333756.2,22.61,0.2281,1.3543,4.35,575.7,1.0454,1.6632,0.080082,Amor,0,2009,2039-11-14
NEO-101175,(NEO-101175) 2022 DZ13,0.1018,17.16,0.232833,34831274.3,25.58,0.4372,2.2618,7.04,1242.4,1.2729,3.2507,0.247586,Amor,0,2022,2031-08-16
NEO-100486,(NEO-100486) 1998 XJ53,0.0062,17.41,0.020364,3046483.9,22.78,0.5082,1.2181,0.57,491.0,0.599,1.8371,0.021347,Apollo,0,1998,2029-04-02
NEO-101163,(NEO-101163) 2013 AY67,0.0049,15.7,0.005153,770902.8,22.89,0.3868,1.9826,13.49,1019.6,1.2158,2.7494,0.005425,Amor,0,2013,2041-06-13
NEO-102572,(NEO-102572) 2010 EZ30,0.0668,13.05,0.013147,1966752.1,31.5,0.3192,1.7465,0.1,843.0,1.1889,2.304,0.016629,Amor,0,2010,2030-06-19
PHA-300334,(PHA-300334) 1995 YC30,0.534,16.93,0.028576,4274949.4,16.91,0.5803,0.9354,7.32,330.4,0.3926,1.4782,0.026821,Aten,1,1995,2036-07-15
NEO-103014,(NEO-103014) 1997 JC97,0.002,16.93,0.002622,392200.7,23.1,0.3618,1.3795,0.94,591.8,0.8805,1.8786,0.002858,Apollo,0,1997,2040-04-25
NEO-100162,(NEO-100162) 2004 OJ61,0.1112,20.14,0.030955,4630731.8,22.42,0.2236,0.8521,8.67,287.3,0.6616,1.0426,0.037033,Aten,0,2004,2036-12-24
NEO-102751,(NEO-102751) 1995 MO23,0.13,25.59,0.172739,25841406.5,25.44,0.3614,1.7202,4.08,824.0,1.0985,2.3419,0.224142,Amor,0,1995,2036-04-10
NEO-102711,(NEO-102711) 2011 KV2,0.0208,16.98,0.008325,1245391.1,22.32,0.3991,1.6576,13.34,779.5,0.9961,2.3191,0.006408,Apollo,0,2011,2031-07-11
NEO-103320,(NEO-103320) 1999 BV61,1.1436,18.33,0.261822,39167952.7,14.91,0.55,2.228,16.37,1214.6,1.0026,3.4533,0.244229,Apollo,0,1999,2042-04-07
NEO-102893,(NEO-102893) 2021 TD10,0.135,8.46,0.034087,5099359.0,22.88,0.3781,1.2263,3.83,496.0,0.7626,1.6899,0.036477,Apollo,0,2021,2035-02-24
NEO-103788,(NEO-103788) 2003 QZ73,0.0275,12.45,0.00031,46437.4,30.04,0.4576,0.931,13.36,328.1,0.5049,1.3571,0.000322,Aten,0,2003,2043-07-02
NEO-102003,(NEO-102003) 1998 HT68,0.7742,20.9,0.06766,10121816.8,16.16,0.4275,1.7832,3.15,869.8,1.0209,2.5455,0.085512,Amor,0,1998,2027-06-18
NEO-100318,(NEO-100318) 2010 PL74,0.0163,4.0,0.003171,474444.8,23.45,0.1645,0.9247,0.2,324.8,0.7726,1.0768,0.003207,Aten,0,2010,2034-03-17
NEO-101534,(NEO-101534) 2021 FA7,0.135,18.4,0.014086,2107181.1,24.27,0.3794,1.1286,7.82,437.9,0.7004,1.5568,0.013405,Apollo,0,2021,2030-07-11
NEO-100374,(NEO-100374) 1994 ZQ15,0.0398,14.35,0.003495,522774.3,23.88,0.6021,1.4533,13.44,639.9,0.5782,2.3284,0.00271,Apollo,0,1994,2025-04-17
PHA-300075,(PHA-300075) 2001 OS15,0.326,25.48,0.022064,3300773.6,17.87,0.5368,1.0907,11.89,416.0,0.5052,1.6761,0.022083,Apollo,1,2001,2039-11-07
NEO-100694,(NEO-100694) 1992 NQ66,0.0415,4.0,0.069506,10397960.0,26.49,0.5817,1.0496,1.99,392.8,0.4391,1.6601,0.086962,Apollo,0,1992,2044-04-01
NEO-103080,(NEO-103080) 2004 EF4,0.0052,12.56,0.132102,19762184.1,22.26,0.3665,1.0329,5.31,383.4,0.6544,1.4115,0.112111,Apollo,0,2004,2032-05-24
NEO-100557,(NEO-100557) 2019 JL52,0.0626,26.58,0.177944,26619970.3,22.1,0.3202,0.9281,23.23,326.5,0.6309,1.2252,0.222051,Aten,0,2019,2031-08-03
NEO-101892,(NEO-101892) 2023 WS6,2.0654,7.61,0.213069,31874651.6,13.92,0.2961,2.2832,1.73,1260.1,1.6072,2.9591,0.256889,Atira,0,2023,2043-11-23
NEO-103326,(NEO-103326) 2010 YP75,0.0661,6.45,0.051079,7641239.9,23.52,0.75,1.6035,3.88,741.6,0.4009,2.8061,0.055786,Apollo,0,2010,2033-06-17
NEO-100190,(NEO-100190) 2007 QQ23,0.0193,16.77,0.005113,764913.4,31.5,0.3118,0.9808,0.54,354.8,0.675,1.2867,0.00477,Aten,0,2007,2043-09-16
PHA-300118,(PHA-300118) 2004 MY14,0.753,25.61,0.011223,1678923.9,15.73,0.4072,0.8395,1.56,281.0,0.4977,1.1814,0.007998,Aten,1,2004,2034-09-07
NEO-100540,(NEO-100540) 1991 KP19,0.1291,6.88,0.018068,2702901.2,24.93,0.4316,1.3972,1.71,603.2,0.7942,2.0003,0.021557,Apollo,0,1991,2029-03-10
NEO-103377,(NEO-103377) 2025 FB44,0.0191,26.4,0.140189,20971949.7,24.46,0.5324,1.7867,5.77,872.3,0.8354,2.7379,0.136616,Apollo,0,2025,2042-09-17
NEO-103523,(NEO-103523) 2009 DL19,0.1788,23.49,0.339809,50834744.4,19.45,0.4687,2.313,1.4,1284.8,1.229,3.397,0.265419,Amor,0,2009,2035-10-10
NEO-100067,(NEO-100067) 2015 UM62,0.1246,24.57,0.104958,15701442.9,23.76,0.1325,1.3614,45.0,580.2,1.181,1.5419,0.134966,Amor,0,2015,2027-10-13
NEO-101969,(NEO-101969) 1992 OX87,0.0448,16.24,0.008776,1312799.7,26.72,0.75,1.111,0.91,427.7,0.2778,1.9443,0.006841,Apollo,0,1992,2037-05-03
NEO-103173,(NEO-103173) 2007 KD71,0.0414,9.96,0.003047,455800.9,24.01,0.4267,0.7,9.23,213.9,0.4013,0.9987,0.002175,Aten,0,2007,2030-07-15
NEO-100535,(NEO-100535) 1994 HE33,2.0728,13.22,0.295735,44241269.8,14.02,0.2874,1.767,28.77,857.9,1.2593,2.2748,0.37803,Amor,0,1994,2027-05-03
PHA-300297,(PHA-300297) 2004 KO52,0.2616,23.2,0.011301,1690607.0,18.6,0.4407,1.2511,27.35,511.1,0.6998,1.8024,0.008198,Apollo,1,2004,2039-01-05
NEO-100837,(NEO-100837) 2000 KC19,0.0119,26.69,0.042652,6380628.1,23.71,0.3767,0.8207,4.46,271.6,0.5116,1.1299,0.041495,Aten,0,2000,2036-01-14
NEO-101607,(NEO-101607) 2019 KL94,0.02,29.25,0.014021,2097484.1,22.35,0.5463,1.1725,16.9,463.7,0.532,1.8129,0.016486,Apollo,0,2019,2044-09-05
NEO-102831,(NEO-102831) 2003 XK69,0.021,16.59,0.024026,3594190.5,23.13,0.1245,1.1884,7.19,473.2,1.0404,1.3364,0.022473,Amor,0,2003,2034-07-16
NEO-100493,(NEO-100493) 2005 FL25,0.1143,4.0,0.046448,6948492.7,24.43,0.4301,1.5331,0.5,693.3,0.8736,2.1925,0.049143,Apollo,0,2005,2030-05-28
NEO-103311,(NEO-103311) 2002 LF27,0.1296,28.52,0.010587,1583808.1,30.6,0.2776,0.7,8.4,213.9,0.5057,0.8943,0.012448,Atira,0,2002,2036-09-21
NEO-101650,(NEO-101650) 2014 CE45,2.8503,19.8,0.346923,51898942.6,13.08,0.2569,1.9788,5.15,1016.7,1.4705,2.4871,0.264391,Atira,0,2014,2033-05-14
NEO-101718,(NEO-101718) 2012 NW30,1.1012,19.0,0.424432,63494196.0,15.42,0.55,2.0053,9.79,1037.2,0.9024,3.1082,0.320164,Apollo,0,2012,2032-04-09
NEO-103547,(NEO-103547) 2025 DX5,0.0197,11.49,0.003842,574739.3,22.67,0.7115,1.6148,7.93,749.5,0.4659,2.7637,0.004578,Apollo,0,2025,2038-02-17
NEO-100384,(NEO-100384) 2017 JP9,0.0057,10.95,0.314371,47029225.4,24.19,0.6395,2.0128,0.31,1043.0,0.7256,3.2999,0.375404,Apollo,0,2017,2035-05-15
PHA-300206,(PHA-300206) 2011 DN96,0.328,25.56,0.001432,214243.6,18.12,0.4575,1.833,3.55,906.4,0.9945,2.6715,0.000862,Apollo,1,2011,2041-01-23
NEO-103300,(NEO-103300) 2018 PH95,0.01,16.51,0.029201,4368407.7,26.37,0.3672,1.6588,8.85,780.3,1.0498,2.2678,0.034693,Amor,0,2018,2025-03-16
NEO-102034,(NEO-102034) 2007 NG72,0.0396,22.32,0.009721,1454231.1,26.13,0.5673,1.8429,6.28,913.8,0.7974,2.8884,0.007169,Apollo,0,2007,2038-01-03
NEO-100415,(NEO-100415) 2011 SQ47,0.0193,13.05,0.163128,24403537.8,23.04,0.1523,1.7868,8.81,872.4,1.5146,2.0589,0.183557,Atira,0,2011,2038-02-03
NEO-101465,(NEO-101465) 2014 CY6,0.0093,16.7,0.001776,265683.4,25.68,0.3452,1.0671,1.69,402.6,0.6987,1.4355,0.001955,Apollo,0,2014,2035-04-13
NEO-101916,(NEO-101916) 2012 AM37,0.0712,7.94,0.281724,42145384.7,23.9,0.5412,2.0909,0.6,1104.3,0.9594,3.2225,0.339474,Apollo,0,2012,2028-02-12
PHA-300265,(PHA-300265) 1998 RQ15,0.1627,12.85,0.01958,2929059.8,20.48,0.6049,1.6659,0.48,785.3,0.6581,2.6736,0.01401,Apollo,1,1998,2033-05-11
PHA-300479,(PHA-300479) 2014 QT12,0.5494,20.18,0.005159,771802.0,16.98,0.3442,1.6375,13.62,765.3,1.0739,2.201,0.004188,Apollo,1,2014,2044-08-21
NEO-100211,(NEO-100211) 1994 QH91,0.002,24.87,0.016903,2528665.6,28.51,0.6185,1.5405,6.31,698.3,0.5877,2.4932,0.021942,Apollo,0,1994,2027-08-08
NEO-100405,(NEO-100405) 2008 KT5,0.0365,22.88,0.005089,761239.9,22.97,0.7072,1.5196,0.11,684.2,0.445,2.5942,0.005013,Apollo,0,2008,2043-02-05
NEO-103583,(NEO-103583) 2020 UT96,0.0186,24.12,0.213772,31979860.8,22.62,0.2441,1.9948,1.28,1029.1,1.5079,2.4817,0.256477,Atira,0,2020,2038-12-07
NEO-100184,(NEO-100184) 2014 OZ21,0.3551,15.54,0.160766,24050280.8,18.11,0.55,1.4824,14.03,659.2,0.6671,2.2977,0.175798,Apollo,0,2014,2040-03-17
NEO-102946,(NEO-102946) 2017 UQ54,0.504,7.55,0.123477,18471952.8,16.99,0.4455,2.328,11.88,1297.4,1.291,3.365,0.138594,Amor,0,2017,2026-05-22
NEO-103550,(NEO-103550) 1998 QU88,0.0977,15.97,0.18685,27952322.4,22.95,0.2128,1.4103,26.39,611.7,1.1102,1.7104,0.231834,Amor,0,1998,2038-05-19
NEO-101708,(NEO-101708) 2014 LQ84,0.0141,14.44,0.336941,50405699.4,24.54,0.1319,1.0516,5.2,393.9,0.9128,1.1903,0.409758,Apollo,0,2014,2028-06-10
NEO-103111,(NEO-103111) 2007 MP26,0.0173,27.19,0.082984,12414213.7,22.97,0.693,1.2,12.53,480.1,0.3684,2.0316,0.058166,Apollo,0,2007,2043-06-07
NEO-100234,(NEO-100234) 2019 XA4,0.0024,24.31,0.063861,9553528.2,22.24,0.4401,0.8201,1.8,271.3,0.4592,1.1811,0.061823,Aten,0,2019,2028-07-17
NEO-101342,(NEO-101342) 2021 WL38,0.0533,27.16,0.018033,2697656.0,28.06,0.3941,1.4092,6.34,611.0,0.8539,1.9646,0.019157,Apollo,0,2021,2031-07-02
NEO-102319,(NEO-102319) 2012 PB68,0.0426,19.32,0.011706,1751254.0,22.48,0.686,1.2578,8.21,515.3,0.395,2.1207,0.014947,Apollo,0,2012,2043-08-21
PHA-300271,(PHA-300271) 1997 WN7,0.3406,36.51,0.03404,5092348.4,17.88,0.5774,0.9462,6.8,336.2,0.3999,1.4925,0.03071,Aten,1,1997,2027-05-16
NEO-102498,(NEO-102498) 2025 AF40,0.0029,23.19,0.002405,359754.0,24.62,0.3849,1.5906,0.1,732.7,0.9783,2.2029,0.00278,Apollo,0,2025,2030-12-09
NEO-100492,(NEO-100492) 1999 YY24,0.0739,12.75,0.008473,1267553.1,23.47,0.4498,1.5661,2.25,715.8,0.8617,2.2705,0.007189,Apollo,0,1999,2031-12-27
NEO-103955,(NEO-103955) 2005 LT27,0.0331,15.5,0.015226,2277740.2,30.38,0.3225,2.067,19.48,1085.4,1.4003,2.7337,0.017528,Atira,0,2005,2029-12-02
NEO-100144,(NEO-100144) 2006 ZM36,0.0153,21.85,0.025446,3806614.7,22.8,0.6451,1.7737,3.44,862.8,0.6295,2.9179,0.026938,Apollo,0,2006,2033-09-24
NEO-102091,(NEO-102091) 1992 MX60,0.0241,15.87,0.262162,39218821.6,25.81,0.3359,1.7238,8.62,826.6,1.1448,2.3028,0.207114,Amor,0,1992,2041-04-28
NEO-102818,(NEO-102818) 1999 DX17,0.0045,20.52,0.016284,2435999.2,31.5,0.3381,1.9651,7.6,1006.2,1.3007,2.6296,0.013629,Atira,0,1999,2029-08-28
NEO-102128,(NEO-102128) 2003 LD28,0.035,19.2,0.002091,312778.1,24.68,0.4055,1.7004,1.61,809.9,1.0108,2.39,0.002282,Apollo,0,2003,2029-04-03
NEO-102455,(NEO-102455) 2013 RL27,0.452,8.87,0.31381,46945275.5,17.55,0.3011,1.108,13.78,426.0,0.7744,1.4416,0.276948,Apollo,0,2013,2030-08-26
PHA-300609,(PHA-300609) 2010 ZO11,0.2853,15.46,0.031143,4659000.6,18.93,0.3882,1.3554,2.93,576.3,0.8293,1.8815,0.022663,Apollo,1,2010,2038-09-15
NEO-102190,(NEO-102190) 1997 RQ64,0.0564,19.96,0.047653,7128810.6,22.13,0.512,2.3855,0.59,1345.7,1.1641,3.6069,0.034244,Amor,0,1997,2026-01-07
NEO-100918,(NEO-100918) 2017 JS73,0.051,20.02,0.044466,6652052.6,22.54,0.5484,1.1227,12.34,434.5,0.507,1.7385,0.056685,Apollo,0,2017,2041-10-02
NEO-100566,(NEO-100566) 2014 YC26,0.0363,22.47,0.150403,22500022.1,22.64,0.1144,1.5082,0.31,676.5,1.3357,1.6807,0.187892,Atira,0,2014,2025-12-13
NEO-103830,(NEO-103830) 2004 LZ19,0.1605,17.45,0.061493,9199191.4,19.95,0.0664,1.7794,1.25,866.9,1.6612,1.8975,0.053233,Atira,0,2004,2038-07-04
NEO-101023,(NEO-101023) 2019 SZ59,0.0307,20.02,0.00539,806402.1,24.65,0.4066,0.7,0.68,213.9,0.4154,0.9846,0.005659,Aten,0,2019,2036-06-27
NEO-100755,(NEO-100755) 2001 KT40,0.0263,11.16,0.015512,2320621.1,24.62,0.3488,1.7049,1.42,813.1,1.1102,2.2996,0.018121,Amor,0,2001,2037-09-22
NEO-100831,(NEO-100831) 1992 YY18,0.13,10.87,0.249112,37266682.5,25.06,0.4922,1.5805,3.88,725.7,0.8025,2.3584,0.196557,Apollo,0,1992,2032-05-28
NEO-101528,(NEO-101528) 2010 KS13,0.13,28.19,0.128965,19292899.2,24.65,0.1949,1.0706,9.51,404.6,0.862,1.2792,0.166098,Apollo,0,2010,2037-05-22
NEO-101388,(NEO-101388) 1992 ZZ79,0.3961,9.78,0.138849,20771502.0,17.49,0.1487,1.3244,7.58,556.7,1.1274,1.5213,0.147211,Amor,0,1992,2044-06-06
NEO-101196,(NEO-101196) 2006 JH93,0.0344,23.33,0.319497,47796101.0,23.89,0.2147,1.7036,4.43,812.2,1.3378,2.0694,0.320441,Atira,0,2006,2040-08-27
NEO-103949,(NEO-103949) 2006 RR84,0.0323,26.38,0.336593,50353640.7,22.1,0.7,1.6092,9.1,745.6,0.4828,2.7356,0.26797,Apollo,0,2006,2035-04-20
NEO-101132,(NEO-101132) 2001 KW78,0.13,31.18,0.129537,19378440.0,24.68,0.4872,1.5568,2.81,709.5,0.7984,2.3153,0.128494,Apollo,0,2001,2030-01-12
NEO-100483,(NEO-100483) 1999 DW62,0.0122,5.18,0.030459,4556665.3,22.96,0.3577,1.3388,10.41,565.8,0.8598,1.8177,0.036788,Apollo,0,1999,2032-03-17
NEO-101179,(NEO-101179) 2015 WG15,0.0256,19.3,0.016399,2453256.1,28.93,0.2299,0.8609,0.65,291.7,0.663,1.0587,0.019564,Aten,0,2015,2029-11-27
PHA-300565,(PHA-300565) 2025 XN81,0.14,19.49,0.019409,2903558.8,19.48,0.6803,1.3054,7.03,544.8,0.4174,2.1935,0.012757,Apollo,1,2025,2025-08-15
NEO-102975,(NEO-102975) 2019 BO1,0.0171,31.01,0.008637,1292137.5,23.83,0.1812,1.5038,10.39,673.6,1.2313,1.7764,0.009515,Amor,0,2019,2035-09-11
NEO-103165,(NEO-103165) 2023 RP85,0.0552,25.91,0.01014,1516861.7,22.27,0.1297,1.1149,37.58,430.0,0.9703,1.2595,0.007551,Apollo,0,2023,2032-01-20
NEO-100882,(NEO-100882) 2018 LS57,0.006,26.78,0.065119,9741692.1,22.67,0.3911,1.496,4.26,668.4,0.911,2.0811,0.077896,Apollo,0,2018,2037-05-13
NEO-102655,(NEO-102655) 1993 GK12,0.0234,14.29,0.018908,2828632.4,26.5,0.4142,1.1314,5.13,439.6,0.6628,1.6001,0.016673,Apollo,0,1993,2041-06-17
NEO-102591,(NEO-102591) 2018 JD95,0.0399,15.11,0.106645,15953833.5,26.17,0.2113,1.3043,0.47,544.0,1.0287,1.5798,0.122285,Amor,0,2018,2039-10-02
NEO-100456,(NEO-100456) 2015 KN30,0.0647,16.14,0.004088,611483.8,23.92,0.381,1.1576,2.64,454.9,0.7165,1.5986,0.004655,Apollo,0,2015,2044-11-07
NEO-100037,(NEO-100037) 2008 BS28,0.0345,10.37,0.0637,9529452.5,22.41,0.2965,1.381,9.18,592.7,0.9715,1.7904,0.056341,Apollo,0,2008,2034-07-23
NEO-100977,(NEO-100977) 2023 JO91,0.0183,5.02,0.022397,3350510.7,23.34,0.5937,1.0489,11.2,392.3,0.4261,1.6716,0.01705,Apollo,0,2023,2030-01-05
NEO-100804,(NEO-100804) 2021 PL62,0.0189,19.6,0.366748,54864672.2,23.71,0.05,1.9696,14.58,1009.6,1.8711,2.0681,0.411327,Atira,0,2021,2025-12-08
NEO-101169,(NEO-101169) 1996 WW59,0.002,19.78,0.009012,1348238.3,23.15,0.6127,1.2226,2.0,493.7,0.4735,1.9716,0.011155,Apollo,0,1996,2042-06-18
NEO-101815,(NEO-101815) 2021 XH39,0.0369,13.29,0.02811,4205253.5,26.53,0.579,1.3182,5.52,552.8,0.5549,2.0815,0.033649,Apollo,0,2021,2025-01-09
PHA-300259,(PHA-300259) 2014 RE26,0.9054,29.15,0.01108,1657470.8,15.96,0.6132,1.9163,48.0,968.9,0.7412,3.0914,0.006709,Apollo,1,2014,2032-05-25
PHA-300619,(PHA-300619) 2016 PO48,0.7285,24.8,0.016231,2428066.8,16.43,0.2469,1.4039,25.7,607.6,1.0572,1.7506,0.013776,Apollo,1,2016,2038-07-26
NEO-101510,(NEO-101510) 2006 AB38,0.276,16.67,0.297751,44542975.0,18.34,0.3055,1.7321,9.28,832.6,1.203,2.2612,0.340693,Amor,0,2006,2030-06-13
PHA-300290,(PHA-300290) 2006 MA13,0.3692,30.73,0.019779,2958825.1,18.4,0.5025,0.75,4.66,237.2,0.3731,1.1269,0.013235,Aten,1,2006,2026-04-20
PHA-300449,(PHA-300449) 1997 PH67,0.5051,17.48,0.006581,984549.4,16.99,0.327,1.9437,10.77,989.8,1.3081,2.5794,0.005313,Apollo,1,1997,2040-04-01
NEO-100623,(NEO-100623) 2002 MC29,0.0343,11.52,0.005163,772346.2,23.07,0.3149,1.4622,1.55,645.8,1.0017,1.9227,0.006515,Apollo,0,2002,2034-11-09
NEO-100648,(NEO-100648) 2019 TK41,0.0315,14.93,0.000302,45104.3,28.45,0.5745,0.9956,9.42,362.8,0.4236,1.5676,0.000313,Aten,0,2019,2044-04-11
NEO-101222,(NEO-101222) 2020 OR80,1.2355,9.6,0.149922,22427949.7,14.83,0.3057,2.0741,8.96,1091.0,1.44,2.7081,0.172636,Atira,0,2020,2025-11-27
NEO-103200,(NEO-103200) 2023 CT67,0.2046,13.53,0.097919,14648506.7,19.52,0.2004,2.2129,16.06,1202.4,1.7695,2.6563,0.068817,Atira,0,2023,2031-09-15
NEO-103582,(NEO-103582) 1999 AA18,1.1966,12.95,0.65,97238616.0,15.08,0.5129,1.2294,1.22,497.9,0.5988,1.86,0.460932,Apollo,0,1999,2033-02-08
NEO-101289,(NEO-101289) 1998 VQ73,0.9135,13.35,0.10661,15948604.1,15.64,0.1531,1.3768,4.57,590.0,1.166,1.5875,0.096264,Amor,0,1998,2030-03-06
PHA-300017,(PHA-300017) 2000 PW60,0.8421,32.21,0.003891,582022.0,15.79,0.7344,1.3819,33.17,593.4,0.367,2.3969,0.003724,Apollo,1,2000,2043-01-24
NEO-102740,(NEO-102740) 2015 DH4,0.0288,8.27,0.01547,2314280.8,25.85,0.6724,1.6457,10.43,771.1,0.5392,2.7522,0.013445,Apollo,0,2015,2040-12-19
NEO-100013,(NEO-100013) 2008 CB41,1.6431,6.45,0.217313,32509487.7,14.77,0.2379,1.1,1.78,421.4,0.8383,1.3617,0.275675,Apollo,0,2008,2030-12-09
NEO-102728,(NEO-102728) 1999 ML83,0.4487,19.19,0.112735,16864849.1,17.44,0.3976,2.0857,15.49,1100.2,1.2564,2.9149,0.142529,Amor,0,1999,2032-01-02
NEO-101184,(NEO-101184) 2015 WJ59,0.0037,10.42,0.005183,775349.5,23.45,0.1412,0.7296,20.16,227.6,0.6266,0.8326,0.003911,Atira,0,2015,2037-06-03
NEO-103888,(NEO-103888) 2012 XZ19,0.0109,16.62,0.007956,1190197.0,22.34,0.5064,1.7178,28.28,822.3,0.8478,2.5878,0.006818,Apollo,0,2012,2027-12-28
PHA-300493,(PHA-300493) 2007 HR54,0.3451,11.0,0.000277,41421.5,17.29,0.4555,1.533,19.62,693.3,0.8348,2.2312,0.000264,Apollo,1,2007,2025-10-21
NEO-102164,(NEO-102164) 2012 BY32,0.0042,26.59,0.017849,2670132.4,24.22,0.1505,1.1669,2.0,460.4,0.9913,1.3425,0.01978,Apollo,0,2012,2025-03-17
NEO-103102,(NEO-103102) 1993 NT43,0.0144,14.02,0.027164,4063725.9,24.89,0.2678,1.5716,0.99,719.6,1.1508,1.9924,0.03221,Amor,0,1993,2030-10-12
PHA-300370,(PHA-300370) 2005 WD39,0.2573,21.85,0.025872,3870452.0,18.5,0.3951,0.9991,9.59,364.8,0.6044,1.3939,0.025947,Aten,1,2005,2044-07-22
NEO-103153,(NEO-103153) 2019 VS22,0.0381,28.08,0.311128,46544076.6,22.9,0.6033,1.6915,12.35,803.5,0.6709,2.712,0.37741,Apollo,0,2019,2037-02-24
NEO-100701,(NEO-100701) 1998 BS5,4.3888,20.82,0.397612,59481870.8,12.93,0.55,2.1531,10.58,1153.9,0.9689,3.3373,0.331655,Apollo,0,1998,2043-09-09
NEO-103175,(NEO-103175) 2019 LN53,0.004,17.18,0.036185,5413205.3,28.93,0.3263,1.0928,3.16,417.2,0.7362,1.4493,0.037809,Apollo,0,2019,2031-05-19
NEO-103686,(NEO-103686) 2020 WU93,0.0124,22.02,0.069079,10334014.6,25.29,0.2726,0.8415,19.14,281.9,0.6121,1.0708,0.063843,Aten,0,2020,2037-07-25
NEO-102060,(NEO-102060) 1996 DH91,0.005,19.66,0.044497,6656639.8,24.35,0.1373,0.9876,28.05,358.5,0.852,1.1232,0.046543,Aten,0,1996,2025-09-03
NEO-101516,(NEO-101516) 1990 AK62,0.0116,22.34,0.006874,1028335.1,29.13,0.3343,1.1924,7.05,475.6,0.7938,1.591,0.005678,Apollo,0,1990,2036-09-11
PHA-300364,(PHA-300364) 2022 LH67,1.275,18.7,0.023515,3517864.7,14.67,0.15,1.1437,0.2,446.8,0.9722,1.3153,0.015184,Apollo,1,2022,2043-07-23
NEO-103380,(NEO-103380) 1993 GZ73,0.13,15.93,0.241495,36127157.4,24.36,0.294,1.6031,14.43,741.4,1.1317,2.0745,0.16972,Amor,0,1993,2044-05-13
NEO-101557,(NEO-101557) 2010 RA92,0.3012,10.07,0.13002,19450730.6,18.34,0.2879,2.1478,3.49,1149.7,1.5293,2.7662,0.158554,Atira,0,2010,2037-11-10
NEO-103317,(NEO-103317) 2022 JU48,0.228,17.16,0.581332,86966061.9,19.17,0.0863,1.7521,3.29,847.1,1.6009,1.9034,0.68252,Atira,0,2022,2041-02-04
NEO-100115,(NEO-100115) 2018 FV82,0.0231,18.33,0.201104,30084774.3,25.65,0.05,1.8315,9.33,905.3,1.7399,1.9231,0.14286,Atira,0,2018,2032-10-27
NEO-102750,(NEO-102750) 2017 BX65,0.0044,14.22,0.015458,2312495.4,23.74,0.1808,1.2653,2.84,519.8,1.0366,1.494,0.012329,Amor,0,2017,2033-05-04
NEO-103098,(NEO-103098) 1995 EN97,0.135,25.46,0.004873,729004.2,22.86,0.1486,1.46,10.6,644.4,1.243,1.677,0.006048,Amor,0,1995,2027-03-14
NEO-101975,(NEO-101975) 2025 YA90,0.0541,22.01,0.029017,4340817.1,23.17,0.4118,1.3989,16.98,604.3,0.8229,1.9749,0.027195,Apollo,0,2025,2043-03-10
NEO-101323,(NEO-101323) 2022 ZA26,1.3871,13.1,0.21773,32571957.9,14.75,0.5496,1.6817,19.43,796.5,0.7575,2.6059,0.225569,Apollo,0,2022,2044-11-06
NEO-102720,(NEO-102720) 2009 AA10,0.1153,13.35,0.034991,5234601.6,25.25,0.2068,1.6886,4.7,801.4,1.3394,2.0377,0.03027,Atira,0,2009,2039-08-10
NEO-103538,(NEO-103538) 2011 FX98,0.247,12.15,0.20746,31035547.8,18.73,0.0589,1.802,30.27,883.5,1.6958,1.9081,0.209546,Atira,0,2011,2038-08-11
NEO-101244,(NEO-101244) 1997 OE54,2.4008,15.51,0.111852,16732891.1,13.83,0.1748,2.5842,0.75,1517.4,2.1325,3.036,0.093895,Atira,0,1997,2034-11-09
PHA-300519,(PHA-300519) 2014 ST48,0.1415,33.15,0.017834,2667995.1,20.45,0.3899,1.5811,0.83,726.2,0.9646,2.1977,0.015007,Apollo,1,2014,2036-01-13
NEO-102644,(NEO-102644) 1994 EQ15,0.0348,16.56,0.393154,58814949.0,23.27,0.1578,1.7159,3.05,821.0,1.4452,1.9867,0.463417,Atira,0,1994,2037-04-12
PHA-300626,(PHA-300626) 1998 PP32,0.4103,28.48,0.003257,487312.9,17.7,0.2823,1.2443,0.24,506.9,0.893,1.5955,0.002938,Apollo,1,1998,2035-02-25
NEO-100445,(NEO-100445) 1999 QA86,0.0693,12.25,0.026859,4017997.1,24.47,0.4388,1.9523,3.76,996.3,1.0956,2.809,0.019817,Amor,0,1999,2041-05-13
PHA-300175,(PHA-300175) 2002 AR12,0.1849,15.57,0.007836,1172279.9,18.88,0.6746,0.7649,3.2,244.4,0.2489,1.281,0.006397,Aten,1,2002,2043-06-05
NEO-102721,(NEO-102721) 2015 AU29,0.0269,17.24,0.001966,294180.3,23.64,0.5741,1.5398,2.95,697.9,0.6557,2.4239,0.00175,Apollo,0,2015,2036-12-05
NEO-103162,(NEO-103162) 2021 VE43,1.4966,19.72,0.378984,56695204.4,14.48,0.55,1.6296,8.96,759.8,0.7333,2.5259,0.342888,Apollo,0,2021,2034-11-04
NEO-102763,(NEO-102763) 2017 ZE98,0.0702,17.67,0.028707,4294444.9,22.32,0.1215,1.8444,0.7,914.9,1.6203,2.0685,0.020738,Atira,0,2017,2033-06-15
NEO-100973,(NEO-100973) 2010 HA18,0.135,15.87,0.025154,3762910.2,22.69,0.655,1.5051,3.83,674.4,0.5193,2.4908,0.02048,Apollo,0,2010,2033-11-06
NEO-100617,(NEO-100617) 2005 MJ67,0.0646,27.04,0.03857,5770041.0,25.66,0.1707,1.1717,3.72,463.3,0.9717,1.3717,0.038248,Apollo,0,2005,2038-02-28
NEO-102484,(NEO-102484) 1997 WW40,0.0085,9.98,0.034226,5120086.9,23.84,0.387,1.7828,0.1,869.4,1.0929,2.4726,0.038659,Amor,0,1997,2043-12-06
NEO-103856,(NEO-103856) 2011 BW76,0.8941,17.89,0.218142,32633528.5,15.5,0.5002,1.1,1.9,421.4,0.5498,1.6502,0.167637,Apollo,0,2011,2032-02-20
NEO-100711,(NEO-100711) 1993 XZ45,0.0769,17.35,0.065151,9746507.4,22.65,0.4917,1.2913,17.17,536.0,0.6564,1.9263,0.063128,Apollo,0,1993,2033-09-02
NEO-102383,(NEO-102383) 2014 XO96,0.0278,19.71,0.011198,1675161.5,23.26,0.0766,1.7359,0.33,835.3,1.6029,1.8688,0.010794,Atira,0,2014,2030-09-02
NEO-100449,(NEO-100449) 2001 WK27,0.0221,7.29,0.025183,3767380.1,28.3,0.3889,1.9069,5.31,961.8,1.1653,2.6484,0.020102,Amor,0,2001,2025-01-20
NEO-102992,(NEO-102992) 1998 DP24,0.0451,13.86,0.001266,189364.8,26.06,0.2651,1.4378,11.79,629.7,1.0566,1.819,0.001254,Amor,0,1998,2026-01-19
PHA-300597,(PHA-300597) 2021 SN65,0.4766,29.71,0.011556,1728748.1,16.54,0.339,1.2675,16.91,521.2,0.8378,1.6972,0.00852,Apollo,1,2021,2036-10-12
NEO-100888,(NEO-100888) 2021 MF84,0.0639,16.6,0.049578,7416743.3,22.74,0.23,1.7776,5.0,865.6,1.3687,2.1864,0.063047,Atira,0,2021,2028-04-15
NEO-101375,(NEO-101375) 2018 PG72,0.0834,32.49,0.029095,4352501.1,24.17,0.4094,0.7,9.48,213.9,0.4134,0.9866,0.027422,Aten,0,2018,2033-02-05
NEO-100131,(NEO-100131) 1994 BN63,0.0321,24.98,0.021785,3258924.2,24.07,0.5962,1.2386,2.32,503.5,0.5001,1.977,0.019292,Apollo,0,1994,2030-01-21
NEO-101755,(NEO-101755) 2000 GF67,0.0038,22.77,0.021025,3145360.3,23.9,0.5705,2.1777,13.41,1173.8,0.9353,3.4202,0.0265,Apollo,0,2000,2043-07-22
NEO-102795,(NEO-102795) 2015 MZ5,0.005,22.85,0.072489,10844223.1,24.4,0.2886,1.5908,10.69,732.9,1.1317,2.0499,0.055921,Amor,0,2015,2037-06-02
NEO-103427,(NEO-103427) 2017 GV62,0.0246,19.09,0.129089,19311410.6,23.34,0.3012,0.8,7.86,261.4,0.5591,1.0409,0.125563,Aten,0,2017,2037-11-19
NEO-102324,(NEO-102324) 2006 VQ9,0.0119,12.76,0.015661,2342801.2,22.61,0.05,1.8471,3.2,916.9,1.7548,1.9395,0.015296,Atira,0,2006,2027-07-03
NEO-102604,(NEO-102604) 2020 YA80,0.0496,21.68,0.426705,63834135.1,23.62,0.2568,1.121,8.74,433.5,0.8331,1.4088,0.45984,Apollo,0,2020,2027-10-17
PHA-300393,(PHA-300393) 2013 QP7,2.1739,33.58,0.000314,46959.7,13.6,0.5684,1.615,0.2,749.6,0.697,2.533,0.000254,Apollo,1,2013,2028-05-04
NEO-101247,(NEO-101247) 2000 YS72,0.0044,11.2,0.021117,3159132.4,23.02,0.0934,0.9975,7.86,363.9,0.9044,1.0906,0.015735,Aten,0,2000,2025-04-01
NEO-103744,(NEO-103744) 2005 AX8,0.13,12.06,0.407107,60902404.0,26.02,0.1222,1.5797,0.35,725.2,1.3866,1.7728,0.487017,Atira,0,2005,2044-08-07
NEO-101153,(NEO-101153) 2013 NK90,0.029,15.89,0.025289,3783122.4,24.98,0.2158,0.9411,29.01,333.5,0.738,1.1443,0.031993,Aten,0,2013,2035-08-21
PHA-300148,(PHA-300148) 2024 GC65,0.9861,24.8,0.021674,3242319.5,15.07,0.5284,1.5154,11.05,681.3,0.7147,2.3161,0.01327,Apollo,1,2024,2035-03-08
NEO-100924,(NEO-100924) 2019 ZE56,0.0089,12.65,0.011321,1693531.0,24.48,0.1946,0.8459,1.66,284.2,0.6812,1.0105,0.012632,Aten,0,2019,2031-12-02
NEO-102085,(NEO-102085) 2016 RK5,0.022,12.75,0.00629,940979.2,23.92,0.6577,1.1911,4.35,474.8,0.4076,1.9745,0.006316,Apollo,0,2016,2033-04-02
NEO-102468,(NEO-102468) 2025 GN91,0.0473,12.63,0.02918,4365282.0,30.63,0.2817,2.0332,9.94,1058.9,1.4603,2.606,0.03575,Atira,0,2025,2036-03-25
NEO-100078,(NEO-100078) 1992 XP36,0.0049,17.96,0.046986,7028939.9,23.28,0.1053,1.9911,1.43,1026.2,1.7815,2.2008,0.058602,Atira,0,1992,2038-01-17
PHA-300342,(PHA-300342) 1999 TA16,1.9701,32.58,0.00426,637346.4,14.29,0.4487,1.738,10.51,836.9,0.9581,2.5178,0.003511,Apollo,1,1999,2035-02-18
NEO-100406,(NEO-100406) 1999 OV17,0.1252,6.95,0.045891,6865138.6,24.38,0.3399,1.091,0.89,416.2,0.7202,1.4619,0.058904,Apollo,0,1999,2043-02-12
NEO-103871,(NEO-103871) 2015 AX23,0.5927,14.93,0.65,97238616.0,17.7,0.2329,1.8252,12.91,900.7,1.4001,2.2503,0.553641,Atira,0,2015,2037-10-04
NEO-101316,(NEO-101316) 1998 XC66,0.1044,20.66,0.149849,22417056.9,23.62,0.5539,1.9181,21.96,970.3,0.8556,2.9806,0.178286,Apollo,0,1998,2044-04-21
PHA-300434,(PHA-300434) 2004 YX18,0.3044,32.75,0.033321,4984816.2,17.99,0.581,1.3257,23.07,557.5,0.5555,2.0958,0.03291,Apollo,1,2004,2041-02-27
NEO-103925,(NEO-103925) 2011 VB72,0.0146,28.23,0.024712,3696831.2,22.67,0.5399,0.801,0.83,261.8,0.3685,1.2335,0.019692,Aten,0,2011,2042-03-08
PHA-300744,(PHA-300744) 2017 DV21,0.2626,16.99,0.021376,3197850.0,19.15,0.3679,2.2515,13.17,1234.0,1.4231,3.0799,0.01577,Apollo,1,2017,2031-04-03
NEO-100913,(NEO-100913) 1992 BF40,0.0226,19.63,0.131958,19740588.7,23.82,0.7,1.9668,1.88,1007.5,0.59,3.3436,0.133708,Apollo,0,1992,2035-01-14
NEO-103956,(NEO-103956) 1997 UQ88,0.0089,12.97,0.106356,15910660.1,24.48,0.3349,0.7302,9.29,227.9,0.4856,0.9747,0.08856,Atira,0,1997,2036-01-16
NEO-102096,(NEO-102096) 2000 ZW18,0.002,32.59,0.056179,8404311.8,24.31,0.2579,1.3538,0.35,575.4,1.0047,1.7029,0.056267,Apollo,0,2000,2033-01-15
PHA-300301,(PHA-300301) 2014 NJ53,0.233,20.14,0.011644,1741890.9,19.13,0.7707,1.0156,2.23,373.8,0.2329,1.7983,0.011037,Apollo,1,2014,2029-07-21
PHA-300538,(PHA-300538) 2018 DW19,0.368,25.28,0.010708,1601849.0,19.21,0.4942,1.2075,15.17,484.6,0.6108,1.8042,0.007249,Apollo,1,2018,2044-11-28
NEO-102941,(NEO-102941) 2010 BK31,0.0103,15.96,0.005191,776578.4,24.62,0.1156,1.2174,1.55,490.6,1.0767,1.3581,0.005953,Amor,0,2010,2032-08-02
NEO-103750,(NEO-103750) 2000 TW43,0.0531,14.57,0.003214,480818.6,22.76,0.364,1.1967,4.84,478.2,0.7612,1.6322,0.003914,Apollo,0,2000,2039-09-07
NEO-101165,(NEO-101165) 2002 GB98,0.5999,20.31,0.093976,14058680.8,16.06,0.1933,2.0872,35.23,1101.4,1.6837,2.4907,0.075872,Atira,0,2002,2037-09-01
PHA-300296,(PHA-300296) 2023 MW44,0.3959,19.87,0.001173,175529.1,17.69,0.3226,1.9816,6.13,1018.9,1.3423,2.6209,0.001163,Apollo,1,2023,2044-12-16
NEO-101511,(NEO-101511) 2023 XT97,0.045,8.13,0.005913,884618.1,25.56,0.1909,1.8336,8.46,906.9,1.4836,2.1835,0.00555,Atira,0,2023,2041-04-08
PHA-300684,(PHA-300684) 2012 VV27,0.3115,25.73,0.004217,630782.9,18.3,0.6962,1.1876,9.28,472.7,0.3608,2.0145,0.003888,Apollo,1,2012,2037-11-28
NEO-101532,(NEO-101532) 2002 XH64,0.13,5.19,0.217403,32522967.4,23.88,0.2005,1.1445,8.38,447.2,0.915,1.3741,0.254769,Apollo,0,2002,2029-07-12
NEO-101103,(NEO-101103) 2000 HT80,0.0629,32.66,0.116568,17438287.4,25.22,0.6053,1.58,3.17,725.4,0.6236,2.5365,0.096005,Apollo,0,2000,2034-08-07
PHA-300674,(PHA-300674) 2025 VU72,0.2163,17.64,0.001592,238149.7,18.44,0.7988,1.292,15.7,536.4,0.2599,2.324,0.001369,Apollo,1,2025,2041-08-19
PHA-300739,(PHA-300739) 2013 TZ16,0.6438,17.6,0.023018,3443511.2,16.92,0.4856,1.677,10.3,793.2,0.8626,2.4914,0.020146,Apollo,1,2013,2034-06-17
NEO-102201,(NEO-102201) 1990 SV78,0.1289,19.12,0.299246,44766518.7,24.41,0.2459,1.209,15.32,485.6,0.9117,1.5063,0.379967,Apollo,0,1990,2029-08-13
NEO-100442,(NEO-100442) 2004 AN48,0.03,6.38,0.109854,16433911.0,31.5,0.4851,1.6927,8.6,804.4,0.8716,2.5138,0.127074,Apollo,0,2004,2031-12-22
NEO-102237,(NEO-102237) 2010 CR39,0.0067,19.06,0.000914,136780.6,26.76,0.5109,1.6187,6.0,752.2,0.7917,2.4458,0.000866,Apollo,0,2010,2038-07-17
NEO-103397,(NEO-103397) 2015 GM57,0.0045,25.16,0.000589,88079.0,22.62,0.4577,1.1608,10.84,456.8,0.6294,1.6921,0.000476,Apollo,0,2015,2026-12-17
NEO-103619,(NEO-103619) 1996 YH12,0.023,24.25,0.025613,3831611.6,25.0,0.171,1.2432,25.41,506.3,1.0306,1.4558,0.021103,Amor,0,1996,2042-04-13
NEO-102878,(NEO-102878) 2009 GQ83,0.0563,14.53,0.003518,526331.8,22.71,0.3362,0.7,0.1,213.9,0.4646,0.9354,0.003137,Atira,0,2009,2026-08-24
NEO-100146,(NEO-100146) 2001 QE16,0.13,20.35,0.288208,43115318.0,24.06,0.1429,2.623,6.56,1551.6,2.2481,2.9978,0.331219,Atira,0,2001,2026-11-02
PHA-300003,(PHA-300003) 1996 KD14,0.2492,29.16,0.05,7479893.5,19.11,0.4244,2.6452,31.92,1571.4,1.5226,3.7678,0.045176,Apollo,1,1996,2037-09-15
NEO-100049,(NEO-100049) 2019 QM74,0.0309,19.05,0.015053,2251891.4,28.49,0.4125,1.5638,0.24,714.2,0.9187,2.2088,0.013042,Apollo,0,2019,2044-04-26
PHA-300798,(PHA-300798) 2021 FH52,0.5872,21.69,0.011243,1681969.5,16.55,0.6114,1.0861,3.64,413.4,0.422,1.7502,0.012123,Apollo,1,2021,2027-01-14
PHA-300504,(PHA-300504) 2003 ZR98,0.6056,11.37,0.018957,2835991.1,16.62,0.2872,2.1778,21.59,1173.9,1.5523,2.8033,0.015117,Apollo,1,2003,2034-02-03
NEO-103913,(NEO-103913) 2017 FL6,0.3372,17.51,0.105974,15853460.7,18.14,0.3493,2.1887,18.68,1182.7,1.4242,2.9531,0.094757,Atira,0,2017,2027-06-28
PHA-300399,(PHA-300399) 2012 BB32,0.6899,28.44,0.001678,251027.5,15.99,0.5503,1.382,4.34,593.4,0.6214,2.1425,0.001526,Apollo,1,2012,2035-04-20
NEO-102349,(NEO-102349) 2010 OQ39,0.0134,14.04,0.005614,839859.3,25.08,0.202,0.9948,19.55,362.4,0.7939,1.1958,0.005694,Aten,0,2010,2034-06-11
NEO-103348,(NEO-103348) 2023 MF98,0.0168,17.17,0.169133,25301928.5,22.54,0.4298,1.146,3.12,448.1,0.6535,1.6385,0.2117,Apollo,0,2023,2040-09-24
PHA-300197,(PHA-300197) 2020 EU76,0.6714,19.85,0.011225,1679213.5,16.32,0.1716,1.1973,14.55,478.5,0.9918,1.4028,0.009143,Apollo,1,2020,2038-11-24
NEO-102663,(NEO-102663) 1993 UT31,0.0393,18.77,0.059647,8923113.6,28.37,0.4704,1.894,9.32,952.1,1.0031,2.7849,0.071068,Apollo,0,1993,2038-11-22
PHA-300448,(PHA-300448) 2013 QV66,0.3705,18.82,0.007002,1047463.1,18.24,0.5388,1.6879,2.95,801.0,0.7785,2.5974,0.007455,Apollo,1,2013,2027-07-04
NEO-102409,(NEO-102409) 1999 UJ50,0.1115,23.47,0.041725,6241923.8,23.44,0.2323,1.1427,25.2,446.1,0.8772,1.4081,0.050194,Apollo,0,1999,2031-08-08
NEO-101606,(NEO-101606) 2008 NL23,0.0167,10.08,0.040048,5991027.1,22.88,0.4468,1.9798,0.1,1017.4,1.0951,2.8644,0.041849,Amor,0,2008,2029-03-23
NEO-102580,(NEO-102580) 2014 AZ38,0.5326,22.99,0.136853,20472887.3,17.24,0.2589,1.8173,41.42,894.8,1.3468,2.2878,0.169381,Atira,0,2014,2037-05-18
PHA-300100,(PHA-300100) 2013 BK89,0.4949,19.08,0.021207,3172556.5,17.01,0.5424,1.3139,9.07,550.1,0.6012,2.0266,0.015972,Apollo,1,2013,2044-04-28
NEO-103056,(NEO-103056) 2019 YA97,0.0148,20.11,0.002857,427372.7,22.44,0.1845,1.8563,1.7,923.7,1.5138,2.1987,0.00362,Atira,0,2019,2037-04-02
NEO-102934,(NEO-102934) 2007 DX65,0.002,18.94,0.083467,12486504.4,22.21,0.1161,1.9044,9.8,959.9,1.6833,2.1256,0.062522,Atira,0,2007,2026-04-18
NEO-101059,(NEO-101059) 2007 CS70,0.2015,19.34,0.152324,22787347.9,19.37,0.35,1.973,4.55,1012.2,1.2825,2.6634,0.182868,Amor,0,2007,2044-01-23
NEO-100889,(NEO-100889) 1995 FC43,0.0259,12.53,0.405153,60610011.3,23.75,0.7,1.4973,8.67,669.2,0.4492,2.5454,0.42037,Apollo,0,1995,2036-04-03
NEO-103179,(NEO-103179) 2016 DW15,0.0214,19.38,0.150839,22565130.6,25.93,0.389,0.8043,9.27,263.5,0.4914,1.1172,0.144957,Aten,0,2016,2034-02-24
NEO-102342,(NEO-102342) 2024 VH25,0.0068,30.59,0.024604,3680777.6,23.44,0.75,1.4846,9.57,660.7,0.3711,2.598,0.027702,Apollo,0,2024,2029-01-08
PHA-300542,(PHA-300542) 2018 KD13,1.4321,27.96,0.041855,6261471.5,15.75,0.4354,1.4904,2.93,664.6,0.8415,2.1393,0.035474,Apollo,1,2018,2032-08-05
NEO-100615,(NEO-100615) 2006 JA40,0.13,22.44,0.115726,17312393.4,24.54,0.4063,1.6146,1.75,749.4,0.9586,2.2706,0.090187,Apollo,0,2006,2027-11-04
NEO-101446,(NEO-101446) 2017 UA74,0.6292,19.82,0.30436,45531657.5,16.39,0.1039,2.1054,0.5,1115.8,1.8866,2.3242,0.24086,Atira,0,2017,2033-11-25
NEO-101997,(NEO-101997) 2001 NU13,0.007,20.05,0.001433,214337.1,22.44,0.6111,1.9689,0.57,1009.1,0.7657,3.1721,0.001261,Apollo,0,2001,2032-09-16
NEO-103768,(NEO-103768) 2015 HH53,0.13,24.15,0.090252,13501457.4,24.01,0.4895,1.2289,4.77,497.6,0.6274,1.8305,0.079952,Apollo,0,2015,2040-06-08
NEO-101101,(NEO-101101) 2015 ND80,0.6081,16.04,0.209432,31330603.5,16.31,0.4371,1.4885,11.55,663.3,0.8378,2.1391,0.193471,Apollo,0,2015,2040-03-15
PHA-300624,(PHA-300624) 2016 RR86,0.1881,20.14,0.05,7479893.5,19.03,0.6049,1.8303,0.31,904.5,0.7231,2.9376,0.048614,Apollo,1,2016,2038-09-04
NEO-103791,(NEO-103791) 2013 NJ20,0.0102,15.29,0.033429,5000944.3,25.2,0.4633,1.521,17.77,685.2,0.8163,2.2257,0.028927,Apollo,0,2013,2032-08-08
PHA-300306,(PHA-300306) 2013 LB55,0.1564,26.98,0.015704,2349277.4,19.75,0.5534,1.6216,0.83,754.2,0.7243,2.5189,0.016198,Apollo,1,2013,2041-12-23
NEO-103185,(NEO-103185) 2012 PR86,0.2981,10.46,0.105669,15807874.6,17.55,0.2376,1.4338,3.53,627.1,1.0931,1.7745,0.11128,Amor,0,2012,2037-02-28
NEO-103692,(NEO-103692) 2023 JS42,0.15,14.44,0.100171,14985306.3,19.83,0.55,1.6051,3.89,742.8,0.7223,2.488,0.117439,Apollo,0,2023,2032-08-22
NEO-100504,(NEO-100504) 2002 JR15,0.0176,20.94,0.001183,176993.4,22.91,0.614,0.7,22.74,213.9,0.2702,1.1298,0.001108,Aten,0,2002,2030-12-21
PHA-300417,(PHA-300417) 2004 LZ9,0.6952,41.81,0.000855,127943.9,16.88,0.4607,0.9972,0.76,363.7,0.5378,1.4566,0.000644,Aten,1,2004,2043-01-28
NEO-102320,(NEO-102320) 2024 WW36,0.263,7.39,0.139691,20897430.0,18.56,0.2302,1.8723,10.94,935.7,1.4413,2.3033,0.154779,Atira,0,2024,2035-11-22
PHA-300095,(PHA-300095) 2006 DE77,1.0537,21.15,0.009889,1479334.2,15.78,0.15,0.9146,0.2,319.5,0.7774,1.0518,0.009578,Aten,1,2006,2036-01-25
PHA-300132,(PHA-300132) 2001 DW76,1.8425,24.39,0.024498,3664829.3,14.22,0.6932,1.6982,4.27,808.3,0.5209,2.8754,0.020486,Apollo,1,2001,2032-03-28
NEO-101345,(NEO-101345) 2001 RV29,0.13,27.89,0.30742,45989333.2,22.85,0.3418,1.4862,10.24,661.7,0.9781,1.9942,0.268882,Apollo,0,2001,2025-09-16
NEO-103826,(NEO-103826) 1995 WF75,0.0104,13.17,0.008637,1292150.7,24.43,0.223,1.5697,1.02,718.3,1.2196,1.9197,0.00757,Amor,0,1995,2029-06-01
PHA-300079,(PHA-300079) 2004 TT58,1.1732,19.0,0.022647,3387938.2,15.82,0.5239,1.6281,19.44,758.8,0.7752,2.481,0.018631,Apollo,1,2004,2031-09-20
NEO-102094,(NEO-102094) 2025 QR4,0.195,15.27,0.254462,38066971.6,19.32,0.1291,1.6286,5.34,759.1,1.4184,1.8388,0.249418,Atira,0,2025,2039-02-25
NEO-101417,(NEO-101417) 2019 UO96,0.1191,26.94,0.086774,12981272.5,24.38,0.5014,1.6673,7.7,786.3,0.8313,2.5032,0.0664,Apollo,0,2019,2030-03-25
NEO-103012,(NEO-103012) 2019 XZ24,0.088,23.04,0.010416,1558192.1,24.25,0.3304,0.7,9.56,213.9,0.4687,0.9313,0.010925,Atira,0,2019,2028-07-13
NEO-101339,(NEO-101339) 2013 SW59,0.1224,14.52,0.009037,1351912.2,25.51,0.4819,1.5572,10.41,709.8,0.8067,2.3077,0.011625,Apollo,0,2013,2037-07-05
NEO-101812,(NEO-101812) 1990 JM87,1.6833,10.03,0.075074,11230958.0,14.13,0.4323,1.1326,15.98,440.2,0.6429,1.6222,0.093772,Apollo,0,1990,2027-06-21
NEO-101125,(NEO-101125) 2007 BO44,0.0557,23.91,0.005976,893972.8,23.72,0.6536,1.7673,14.9,858.1,0.6122,2.9224,0.007756,Apollo,0,2007,2035-02-20
NEO-100944,(NEO-100944) 1998 AW16,0.0632,24.57,0.028035,4193917.0,31.5,0.4538,1.8077,13.79,887.8,0.9875,2.628,0.033079,Apollo,0,1998,2030-06-25
NEO-103610,(NEO-103610) 2024 MC62,0.0504,15.75,0.06587,9854083.6,26.08,0.3113,1.1921,1.23,475.4,0.821,1.5632,0.049589,Apollo,0,2024,2027-07-09
NEO-101448,(NEO-101448) 2007 EL75,1.0611,11.11,0.65,97238616.0,15.32,0.3302,2.3169,17.99,1288.1,1.5518,3.0821,0.561915,Atira,0,2007,2039-10-18
101955,101955 Bennu (1999 RQ36),0.492,27.72,0.0032,478700.0,20.4,0.204,1.126,6.03,436.6,0.897,1.356,0.0032,Apollo,1,1999,2182-09-24
NEO-102234,(NEO-102234) 2021 MO97,0.3012,12.55,0.123873,18531189.4,18.66,0.1414,2.2224,3.37,1210.1,1.9081,2.5367,0.112336,Atira,0,2021,2040-08-10
NEO-103934,(NEO-103934) 1990 KC23,1.2059,12.01,0.346024,51764449.3,15.04,0.0956,2.2479,6.99,1231.0,2.0331,2.4627,0.446659,Atira,0,1990,2039-10-20
NEO-101127,(NEO-101127) 2021 ML84,0.008,7.8,0.035862,5364809.5,22.6,0.75,0.7379,36.22,231.5,0.1845,1.2913,0.029062,Aten,0,2021,2035-10-23
NEO-102984,(NEO-102984) 2011 GG47,0.07,21.42,0.007278,1088840.3,24.45,0.5876,1.6862,1.86,799.8,0.6953,2.6771,0.00844,Apollo,0,2011,2035-06-25
NEO-103304,(NEO-103304) 2008 HA20,0.0134,16.56,0.016467,2463412.1,25.46,0.5328,1.5142,19.01,680.5,0.7073,2.321,0.019382,Apollo,0,2008,2026-12-27
NEO-101896,(NEO-101896) 2005 VV65,0.0419,19.26,0.061559,9209072.9,22.97,0.3505,1.6732,1.26,790.5,1.0868,2.2596,0.060573,Amor,0,2005,2032-03-17
NEO-102423,(NEO-102423) 2021 DE76,0.3964,19.73,0.137393,20553673.6,17.88,0.1033,1.4985,1.61,670.0,1.3438,1.6533,0.173629,Atira,0,2021,2027-08-22
NEO-100285,(NEO-100285) 2025 TY41,0.005,15.5,0.146966,21985777.5,24.66,0.3794,1.889,5.29,948.3,1.1723,2.6057,0.181808,Amor,0,2025,2041-06-14
NEO-103910,(NEO-103910) 2006 FL61,0.0045,21.21,0.01253,1874424.7,24.62,0.2609,0.8989,1.91,311.3,0.6644,1.1335,0.015643,Aten,0,2006,2033-05-04
PHA-300581,(PHA-300581) 2024 TP26,0.2876,32.67,0.025443,3806165.3,18.12,0.2015,1.0932,6.29,417.5,0.8729,1.3135,0.022262,Apollo,1,2024,2030-12-28
NEO-100871,(NEO-100871) 2021 ON21,0.0979,13.81,0.015238,2279538.8,22.96,0.205,0.8029,9.14,262.8,0.6383,0.9674,0.014846,Atira,0,2021,2028-04-25
NEO-102112,(NEO-102112) 2013 OV60,0.0338,16.31,0.039022,5837561.1,26.09,0.4872,1.0548,7.41,395.7,0.5409,1.5687,0.030264,Apollo,0,2013,2025-01-01
NEO-103760,(NEO-103760) 2012 AP77,0.0036,25.13,0.012488,1868212.0,23.67,0.5307,0.9688,11.67,348.3,0.4546,1.483,0.00963,Aten,0,2012,2032-01-02
NEO-102352,(NEO-102352) 2004 BB3,0.13,15.57,0.428382,64085004.3,24.73,0.3944,2.0065,8.8,1038.1,1.2151,2.798,0.349406,Amor,0,2004,2034-04-07
NEO-100752,(NEO-100752) 1992 ZG74,0.005,21.88,0.030879,4619485.9,22.88,0.2258,1.1071,19.86,425.5,0.857,1.3571,0.022697,Apollo,0,1992,2035-02-08
NEO-102850,(NEO-102850) 2010 WE40,0.085,11.47,0.056907,8513125.6,23.42,0.6254,1.7552,10.71,849.3,0.6575,2.8528,0.052324,Apollo,0,2010,2043-02-27
PHA-300203,(PHA-300203) 2016 LH40,3.288,28.94,0.001239,185380.2,13.68,0.3306,1.5239,6.61,687.1,1.0201,2.0278,0.001348,Apollo,1,2016,2040-11-21
PHA-300768,(PHA-300768) 2023 EW86,0.468,13.59,0.05,7479893.5,16.52,0.2298,0.75,3.62,237.2,0.5776,0.9224,0.049,Apollo,1,2023,2041-03-03
NEO-103235,(NEO-103235) 1999 SV10,0.0307,14.14,0.02199,3289718.8,24.21,0.4259,1.2087,0.54,485.4,0.694,1.7234,0.024627,Apollo,0,1999,2039-06-08
NEO-102670,(NEO-102670) 1996 YO55,0.0691,10.65,0.138753,20757178.6,22.46,0.3195,1.7059,9.56,813.8,1.1609,2.251,0.173254,Amor,0,1996,2033-03-10
NEO-101219,(NEO-101219) 1995 CT10,0.017,32.87,0.005234,783029.5,23.3,0.2253,0.9879,1.73,358.6,0.7653,1.2105,0.006236,Aten,0,1995,2037-05-25
NEO-102024,(NEO-102024) 2006 AF95,0.0218,6.89,0.017991,2691350.3,25.2,0.5177,1.2649,2.04,519.6,0.61,1.9198,0.015615,Apollo,0,2006,2025-02-28
NEO-103535,(NEO-103535) 2011 RR17,0.0591,20.06,0.333235,49851217.3,22.61,0.1289,1.5704,27.85,718.8,1.3679,1.7728,0.297451,Atira,0,2011,2035-08-26
NEO-103342,(NEO-103342) 2015 UJ69,0.0258,13.83,0.073147,10942704.3,22.87,0.2419,1.1418,3.85,445.6,0.8656,1.418,0.062351,Apollo,0,2015,2041-07-25
NEO-102716,(NEO-102716) 1997 JN62,0.0366,20.56,0.011625,1739121.9,22.71,0.4615,1.5054,6.48,674.6,0.8107,2.2001,0.00936,Apollo,0,1997,2038-05-04
NEO-100743,(NEO-100743) 2007 XW68,0.002,30.5,0.027607,4129948.3,23.63,0.332,1.2976,1.14,539.9,0.8668,1.7285,0.031318,Apollo,0,2007,2037-07-01
PHA-300155,(PHA-300155) 2007 DB16,0.8244,29.53,0.028635,4283686.7,15.91,0.5533,2.0381,34.89,1062.7,0.9103,3.1659,0.017928,Apollo,1,2007,2032-06-22
NEO-103707,(NEO-103707) 1993 DQ1,0.0436,16.42,0.031817,4759820.4,22.63,0.3227,1.1761,30.82,465.9,0.7966,1.5556,0.029225,Apollo,0,1993,2032-02-04
NEO-102515,(NEO-102515) 2019 NH24,0.0575,11.29,0.135122,20213981.3,23.41,0.1657,1.6154,0.44,749.9,1.3477,1.883,0.096402,Atira,0,2019,2031-05-05
NEO-103905,(NEO-103905) 1992 ZV95,0.1103,17.09,0.335988,50263103.6,26.16,0.1323,0.8972,1.38,310.4,0.7785,1.0159,0.248971,Aten,0,1992,2030-02-17
NEO-100519,(NEO-100519) 2021 SC3,0.13,18.24,0.210413,31477343.1,26.85,0.4269,1.313,20.06,549.5,0.7524,1.8735,0.160851,Apollo,0,2021,2037-08-18
NEO-101189,(NEO-101189) 1996 LG43,0.015,6.0,0.000367,54914.4,22.72,0.1981,1.5309,3.5,691.8,1.2275,1.8342,0.00036,Amor,0,1996,2029-05-11
PHA-300263,(PHA-300263) 1998 ZN49,0.1931,31.24,0.039839,5959832.5,19.28,0.4536,2.0139,1.89,1043.9,1.1005,2.9273,0.029258,Apollo,1,1998,2036-08-23
PHA-300061,(PHA-300061) 2010 NK66,0.7144,32.31,0.009253,1384211.5,16.37,0.7445,1.1425,13.89,446.0,0.2919,1.9931,0.007485,Apollo,1,2010,2031-04-05
NEO-102786,(NEO-102786) 2011 XB28,0.135,17.19,0.031912,4773963.1,23.5,0.1552,0.9496,0.21,338.0,0.8022,1.097,0.026208,Aten,0,2011,2032-10-24
NEO-100263,(NEO-100263) 2018 TJ86,0.2455,8.36,0.59278,88678575.8,18.4,0.1977,2.1425,17.17,1145.5,1.719,2.5661,0.7,Atira,0,2018,2035-11-24
PHA-300384,(PHA-300384) 2016 EX89,0.5553,14.45,0.018231,2727392.6,17.54,0.4935,1.3684,10.31,584.7,0.6931,2.0438,0.019258,Apollo,1,2016,2034-02-22
PHA-300573,(PHA-300573) 2021 KE87,0.1408,32.98,0.035762,5349902.9,19.88,0.4686,1.8474,8.13,917.1,0.9817,2.7131,0.028574,Apollo,1,2021,2025-02-24
NEO-100543,(NEO-100543) 2015 LL77,0.0309,22.67,0.034693,5190020.7,23.13,0.6224,1.2271,2.91,496.5,0.4633,1.9908,0.041175,Apollo,0,2015,2030-07-02
NEO-103963,(NEO-103963) 2006 EP69,0.0349,17.7,0.422123,63148686.0,23.98,0.3192,1.785,1.98,871.0,1.2152,2.3547,0.374316,Amor,0,2006,2044-01-28
NEO-103908,(NEO-103908) 2006 ZJ14,0.0576,19.55,0.185094,27689682.6,23.69,0.6566,1.085,6.71,412.8,0.3726,1.7973,0.186601,Apollo,0,2006,2040-12-28
NEO-101724,(NEO-101724) 2023 RD38,0.0182,15.17,0.012236,1830511.6,22.5,0.241,1.1677,3.52,460.9,0.8864,1.4491,0.010405,Apollo,0,2023,2032-09-18
NEO-103007,(NEO-103007) 2024 XQ73,0.0141,21.49,0.020281,3033926.5,27.52,0.4407,1.963,9.92,1004.5,1.098,2.828,0.016029,Amor,0,2024,2042-03-21
NEO-103879,(NEO-103879) 2024 DM80,0.051,15.47,0.007689,1150300.1,22.74,0.3153,1.5463,2.69,702.3,1.0588,2.0338,0.006218,Amor,0,2024,2037-04-19
NEO-102179,(NEO-102179) 1999 HX96,0.0452,20.92,0.361032,54009654.6,23.38,0.1798,1.2075,23.81,484.6,0.9904,1.4246,0.317796,Apollo,0,1999,2031-04-20
NEO-103775,(NEO-103775) 2007 FW50,0.0164,24.6,0.215394,32222430.8,24.89,0.2707,2.0134,6.4,1043.5,1.4685,2.5583,0.198544,Atira,0,2007,2041-03-24
NEO-102891,(NEO-102891) 2006 XU77,0.1073,23.4,0.274159,41013595.4,22.7,0.3159,0.8,11.6,261.4,0.5473,1.0527,0.21648,Aten,0,2006,2038-05-01
NEO-102466,(NEO-102466) 2005 UK50,1.462,21.08,0.085045,12722602.7,14.62,0.1354,2.4684,4.28,1416.5,2.1341,2.8027,0.106266,Atira,0,2005,2033-07-25
NEO-100939,(NEO-100939) 1998 SX18,0.0135,21.93,0.040214,6015861.5,23.07,0.3969,0.7,6.79,213.9,0.4221,0.9779,0.036594,Atira,0,1998,2038-10-18
NEO-101051,(NEO-101051) 2001 RB28,0.0105,30.22,0.00765,1144406.2,26.92,0.4212,1.578,6.61,724.0,0.9134,2.2426,0.009231,Apollo,0,2001,2042-09-16
NEO-100435,(NEO-100435) 2005 DR85,0.454,20.25,0.144091,21555773.9,16.86,0.1785,1.8573,34.37,924.5,1.5258,2.1888,0.182407,Atira,0,2005,2039-07-17
NEO-103530,(NEO-103530) 1994 DE68,0.0672,20.66,0.001646,246243.6,23.67,0.6532,0.9094,0.49,316.8,0.3154,1.5035,0.001625,Aten,0,1994,2028-04-27
NEO-101429,(NEO-101429) 2005 SR88,0.5628,8.13,0.193535,28952397.1,16.67,0.4625,1.6794,0.5,794.9,0.9027,2.456,0.222459,Apollo,0,2005,2033-01-05
NEO-101957,(NEO-101957) 2023 CV82,0.0086,15.28,0.015567,2328750.6,23.04,0.4482,0.8777,6.62,300.3,0.4843,1.271,0.018906,Aten,0,2023,2036-10-04
PHA-300516,(PHA-300516) 2016 NX17,0.3863,37.57,0.00239,357554.2,17.61,0.5549,2.3104,0.2,1282.7,1.0285,3.5924,0.002265,Apollo,1,2016,2032-03-28
NEO-102361,(NEO-102361) 2023 GR5,0.135,19.7,0.040844,6110156.6,23.5,0.1778,1.5858,11.56,729.4,1.3039,1.8678,0.039404,Atira,0,2023,2043-02-10
NEO-103262,(NEO-103262) 2014 AL80,0.0302,16.3,0.0062,927440.7,24.2,0.6273,1.2139,0.59,488.5,0.4524,1.9754,0.004938,Apollo,0,2014,2027-07-12
PHA-300367,(PHA-300367) 1995 HE17,0.6136,15.33,0.008881,1328527.8,16.65,0.3829,1.3817,4.1,593.2,0.8526,1.9108,0.005698,Apollo,1,1995,2026-06-11
NEO-100735,(NEO-100735) 2024 YP11,0.8556,15.11,0.304843,45603933.1,15.74,0.3718,2.1066,0.5,1116.8,1.3234,2.8898,0.385604,Atira,0,2024,2033-05-05
NEO-103942,(NEO-103942) 1996 SQ84,0.0235,19.86,0.020907,3127603.7,23.23,0.164,1.9948,4.76,1029.1,1.6677,2.3219,0.022685,Atira,0,1996,2041-10-28
NEO-101139,(NEO-101139) 1999 TJ14,0.0544,11.35,0.052884,7911365.4,24.18,0.6101,1.4182,11.17,616.9,0.5529,2.2834,0.066086,Apollo,0,1999,2028-07-10
NEO-103723,(NEO-103723) 2003 CX33,0.13,6.25,0.364714,54560489.4,23.24,0.4304,1.0518,28.35,394.0,0.5991,1.5045,0.365672,Apollo,0,2003,2044-07-12
PHA-300338,(PHA-300338) 2008 AU37,0.4979,22.42,0.017905,2678558.9,17.17,0.3425,1.4831,2.87,659.7,0.9752,1.9911,0.011571,Apollo,1,2008,2026-03-14
NEO-101610,(NEO-101610) 1997 CW14,0.0067,11.65,0.004602,688442.9,27.41,0.3032,1.7355,4.58,835.1,1.2093,2.2618,0.004949,Amor,0,1997,2026-06-05
NEO-101422,(NEO-101422) 2022 WQ43,0.004,26.57,0.008575,1282853.5,24.91,0.1181,1.8474,21.67,917.1,1.6292,2.0656,0.00678,Atira,0,2022,2035-07-03
NEO-103756,(NEO-103756) 2025 BX26,0.0206,20.69,0.142936,21382917.4,22.54,0.3838,1.0299,19.7,381.8,0.6346,1.4252,0.177505,Apollo,0,2025,2027-02-24
NEO-100885,(NEO-100885) 2016 UZ73,0.089,21.45,0.116773,17468939.5,22.71,0.1595,1.9302,5.93,979.5,1.6224,2.2381,0.087503,Atira,0,2016,2043-02-28
NEO-100226,(NEO-100226) 2002 DJ33,0.1054,10.88,0.00049,73230.0,23.01,0.4984,1.1113,3.82,427.9,0.5575,1.6651,0.000435,Apollo,0,2002,2043-07-26
PHA-300580,(PHA-300580) 2017 XP90,1.6513,26.09,0.05,7479893.5,14.41,0.172,1.6936,2.99,805.0,1.4023,1.9849,0.042786,Apollo,1,2017,2026-09-15
PHA-300509,(PHA-300509) 2004 HU72,0.4049,16.13,0.009996,1495362.6,16.86,0.3808,1.3868,12.58,596.5,0.8587,1.9149,0.006151,Apollo,1,2004,2044-04-03
NEO-103494,(NEO-103494) 2005 UU90,0.0049,10.72,0.020573,3077647.2,23.38,0.1025,1.2465,1.65,508.3,1.1187,1.3743,0.018587,Amor,0,2005,2043-12-06
NEO-103542,(NEO-103542) 2022 KC49,0.0073,6.29,0.045784,6849237.9,27.39,0.3598,1.0421,1.56,388.5,0.6671,1.417,0.049183,Apollo,0,2022,2034-06-21
NEO-101653,(NEO-101653) 2022 HL3,1.5,9.96,0.102105,15274715.7,14.47,0.55,1.1,19.1,421.4,0.495,1.705,0.102018,Apollo,0,2022,2028-10-17
NEO-100259,(NEO-100259) 2009 DG65,0.8501,16.28,0.129868,19428046.2,16.14,0.1145,2.2434,4.5,1227.3,1.9866,2.5001,0.150872,Atira,0,2009,2033-06-03
NEO-103625,(NEO-103625) 1994 YT84,0.0102,15.4,0.005596,837116.6,26.11,0.4483,0.7,2.37,213.9,0.3862,1.0138,0.005847,Aten,0,1994,2031-03-11
NEO-103765,(NEO-103765) 2011 EA95,0.029,20.83,0.003383,506044.6,24.25,0.3154,0.7882,8.92,255.6,0.5396,1.0368,0.004395,Aten,0,2011,2032-01-22
NEO-103510,(NEO-103510) 1993 CB59,0.0523,13.88,0.185096,27690003.5,24.34,0.6688,1.067,10.7,402.6,0.3533,1.7807,0.163732,Apollo,0,1993,2037-04-21
NEO-100470,(NEO-100470) 1992 WL30,0.0173,18.06,0.377804,56518669.8,25.16,0.7,1.4419,5.08,632.4,0.4326,2.4512,0.448996,Apollo,0,1992,2027-02-05
NEO-100985,(NEO-100985) 2025 ZX48,0.6425,13.61,0.34067,50963508.9,17.03,0.1104,1.7706,7.69,860.5,1.5751,1.9661,0.3541,Atira,0,2025,2031-05-01
PHA-300781,(PHA-300781) 1995 AV6,0.7339,21.25,0.012879,1926672.3,16.36,0.5552,1.3529,11.91,574.8,0.6018,2.104,0.0102,Apollo,1,1995,2034-12-02
PHA-300782,(PHA-300782) 2020 PO57,0.2461,25.54,0.041963,6277534.3,18.11,0.2128,1.192,13.92,475.4,0.9384,1.4457,0.033443,Apollo,1,2020,2042-10-05
NEO-103011,(NEO-103011) 1999 MZ59,0.0404,23.91,0.002295,343256.5,24.79,0.5271,1.8084,31.3,888.3,0.8551,2.7617,0.002641,Apollo,0,1999,2033-09-28
NEO-103160,(NEO-103160) 1996 AZ76,0.4861,9.61,0.120549,18033862.8,17.38,0.4204,1.9353,8.89,983.4,1.1218,2.7489,0.15335,Amor,0,1996,2029-05-23
NEO-101156,(NEO-101156) 1997 PH28,0.0233,22.94,0.028536,4268959.2,25.53,0.5284,1.3417,1.74,567.7,0.6328,2.0507,0.022104,Apollo,0,1997,2035-08-04
NEO-102806,(NEO-102806) 2007 KF57,0.0037,19.1,0.062244,9311534.8,23.13,0.3562,0.7,0.12,213.9,0.4506,0.9494,0.047716,Atira,0,2007,2037-01-10
NEO-102653,(NEO-102653) 1999 AT78,0.011,12.8,0.390822,58466070.5,24.35,0.3091,1.9349,0.81,983.0,1.3368,2.5329,0.393496,Atira,0,1999,2028-07-22
NEO-100706,(NEO-100706) 1990 GU76,0.0301,12.85,0.008721,1304711.1,22.6,0.303,0.9591,41.57,343.1,0.6685,1.2497,0.008348,Aten,0,1990,2034-09-16
NEO-100586,(NEO-100586) 2018 GS16,0.0878,9.08,0.057894,8660851.4,23.56,0.551,2.0716,10.51,1089.1,0.9301,3.2132,0.051263,Apollo,0,2018,2041-06-03
NEO-103302,(NEO-103302) 1999 YB88,0.0678,26.2,0.082247,12304002.2,24.05,0.6085,1.2825,13.34,530.5,0.5022,2.0629,0.097235,Apollo,0,1999,2035-01-23
NEO-103642,(NEO-103642) 2012 ZA7,0.4912,24.67,0.176794,26447938.6,17.15,0.2024,1.5148,10.26,680.9,1.2082,1.8213,0.136934,Amor,0,2012,2035-05-25
PHA-300073,(PHA-300073) 2019 WW2,0.2975,21.51,0.001354,202509.7,18.65,0.7537,1.4386,11.28,630.2,0.3544,2.5228,0.001394,Apollo,1,2019,2030-09-08
NEO-100044,(NEO-100044) 1990 QS88,1.1903,3.5,0.255647,38244223.6,15.08,0.0448,2.0139,0.5,1043.9,1.9237,2.1042,0.179155,Atira,0,1990,2040-05-22
NEO-101526,(NEO-101526) 1996 EM3,0.0501,23.64,0.007172,1072930.9,22.32,0.1625,0.8178,2.7,270.1,0.6849,0.9507,0.007445,Atira,0,1996,2028-10-25
PHA-300010,(PHA-300010) 2022 DT90,0.164,15.85,0.021136,3161874.5,19.57,0.5461,1.6631,1.14,783.4,0.7549,2.5713,0.022454,Apollo,1,2022,2034-03-07
NEO-102364,(NEO-102364) 1990 CB10,0.0889,22.55,0.128497,19222915.0,24.49,0.3344,0.9878,16.1,358.6,0.6575,1.3181,0.151394,Aten,0,1990,2042-06-06
NEO-101971,(NEO-101971) 2008 WC5,0.0102,12.16,0.335437,50180627.7,23.46,0.129,1.5564,6.31,709.2,1.3556,1.7572,0.341697,Atira,0,2008,2037-02-07
NEO-103570,(NEO-103570) 2018 PM33,0.0133,4.0,0.000658,98496.5,26.41,0.6461,1.6095,0.99,745.8,0.5697,2.6494,0.000492,Apollo,0,2018,2026-04-28
NEO-100738,(NEO-100738) 2001 BF19,0.0573,5.0,0.057471,8597606.3,24.82,0.2081,0.8,13.66,261.4,0.6335,0.9665,0.073519,Atira,0,2001,2029-05-10
NEO-102269,(NEO-102269) 1991 PL57,0.0294,14.72,0.315594,47212208.9,23.9,0.2377,1.5536,23.71,707.3,1.1843,1.9229,0.350289,Amor,0,1991,2038-07-27
NEO-100149,(NEO-100149) 2025 JC5,0.0328,7.76,0.014044,2101025.0,25.41,0.1654,1.7994,12.93,881.6,1.5017,2.0971,0.017641,Atira,0,2025,2043-07-04
NEO-100886,(NEO-100886) 2006 LP72,0.0067,22.51,0.012,1795101.1,23.27,0.3247,0.9506,11.62,338.5,0.642,1.2593,0.009716,Aten,0,2006,2030-05-05
NEO-102875,(NEO-102875) 2001 ME47,0.0468,23.04,0.006133,917441.6,23.58,0.1241,1.0591,0.79,398.1,0.9277,1.1905,0.006905,Apollo,0,2001,2037-02-28
NEO-103805,(NEO-103805) 1994 SV97,0.6163,15.19,0.056125,8396155.6,16.22,0.4602,1.7205,9.26,824.2,0.9287,2.5122,0.069163,Apollo,0,1994,2034-01-26
NEO-100274,(NEO-100274) 2004 PE45,0.0879,18.64,0.13411,20062611.8,23.42,0.3294,1.6746,2.23,791.5,1.123,2.2262,0.134109,Amor,0,2004,2030-02-28
NEO-103094,(NEO-103094) 2003 QD52,0.1657,10.68,0.324746,48581322.1,19.92,0.55,1.9901,10.7,1025.4,0.8955,3.0846,0.386949,Apollo,0,2003,2040-12-12
NEO-102020,(NEO-102020) 2009 UR87,0.4301,20.2,0.214166,32038828.4,17.83,0.2558,1.5591,3.36,711.1,1.1603,1.9579,0.264244,Amor,0,2009,2031-10-16
NEO-100062,(NEO-100062) 2000 DO95,0.0358,18.2,0.058561,8760560.8,23.78,0.2763,0.8477,2.56,285.1,0.6135,1.0819,0.050456,Aten,0,2000,2035-02-02
NEO-103272,(NEO-103272) 2010 WY74,0.0585,15.85,0.009935,1486229.6,23.12,0.2699,1.3011,5.45,542.0,0.9498,1.6523,0.009328,Apollo,0,2010,2029-01-18
NEO-103578,(NEO-103578) 2000 QJ15,0.9593,16.62,0.086555,12948516.1,15.7,0.0496,2.522,11.77,1462.9,2.3968,2.6472,0.097738,Atira,0,2000,2028-04-26
NEO-103403,(NEO-103403) 2008 WM32,0.0682,22.53,0.032429,4851338.1,22.88,0.4188,1.1348,4.89,441.5,0.6596,1.6099,0.036895,Apollo,0,2008,2033-10-10
PHA-300505,(PHA-300505) 2013 FT59,0.6143,23.99,0.01421,2125783.1,16.27,0.7296,0.7637,22.3,243.8,0.2065,1.3209,0.015623,Aten,1,2013,2035-11-16
PHA-300727,(PHA-300727) 2014 ZV14,0.666,27.32,0.008482,1268881.3,16.69,0.2899,0.9671,6.9,347.4,0.6867,1.2475,0.008452,Aten,1,2014,2038-07-21
NEO-100629,(NEO-100629) 2006 US96,0.0202,27.75,0.445752,66683491.4,23.12,0.3786,1.0115,2.81,371.5,0.6286,1.3944,0.573857,Apollo,0,2006,2027-06-24
NEO-102865,(NEO-102865) 2013 GD27,0.0032,16.19,0.003413,510525.0,29.41,0.4547,0.9664,12.14,347.0,0.5269,1.4058,0.004234,Aten,0,2013,2033-05-10
NEO-103693,(NEO-103693) 2016 PA60,0.0305,7.69,0.243924,36490444.8,23.11,0.6973,1.5097,1.03,677.6,0.457,2.5625,0.238191,Apollo,0,2016,2034-06-22
NEO-101682,(NEO-101682) 1991 KR11,0.1058,10.72,0.324273,48510536.1,24.79,0.3232,1.9859,21.94,1022.2,1.3442,2.6277,0.382601,Atira,0,1991,2026-05-23
NEO-102170,(NEO-102170) 2009 SJ74,0.15,17.88,0.371584,55588206.6,19.38,0.4892,2.1424,5.01,1145.3,1.0943,3.1904,0.263864,Amor,0,2009,2036-02-03
NEO-101302,(NEO-101302) 2014 RT37,0.6551,19.26,0.440609,65914106.9,16.6,0.058,2.5452,21.99,1483.1,2.3976,2.6928,0.519199,Atira,0,2014,2036-02-26
NEO-102102,(NEO-102102) 2021 OB51,0.13,7.83,0.326784,48886213.3,24.31,0.1659,1.4133,4.84,613.7,1.1788,1.6478,0.27386,Amor,0,2021,2042-06-01
NEO-103735,(NEO-103735) 2024 EY31,0.0149,24.38,0.033164,4961225.2,22.28,0.2494,1.7307,21.59,831.6,1.299,2.1624,0.041409,Amor,0,2024,2035-01-28
NEO-100082,(NEO-100082) 1998 YS63,0.0544,16.92,0.329297,49262197.6,23.98,0.4115,2.0154,8.73,1045.0,1.186,2.8448,0.314688,Amor,0,1998,2041-09-22
NEO-102571,(NEO-102571) 2011 PS44,0.017,22.41,0.039007,5835403.5,24.06,0.3871,1.3074,5.93,546.0,0.8013,1.8135,0.039756,Apollo,0,2011,2044-12-15
NEO-100206,(NEO-100206) 2019 OL81,0.13,11.57,0.338042,50570399.6,23.42,0.6558,1.1189,4.67,432.3,0.3851,1.8527,0.311909,Apollo,0,2019,2037-09-27
NEO-101683,(NEO-101683) 2010 NT65,0.0544,18.91,0.384372,57501276.6,23.81,0.2073,1.4837,9.93,660.1,1.1761,1.7913,0.451795,Amor,0,2010,2043-04-14
NEO-101604,(NEO-101604) 1998 OT8,0.0169,18.65,0.073605,11011182.6,22.38,0.05,2.2153,9.19,1204.3,2.1045,2.3261,0.066513,Atira,0,1998,2026-01-06
NEO-100123,(NEO-100123) 2025 ET74,0.005,8.08,0.312451,46741930.6,24.98,0.2001,1.0589,4.63,398.0,0.847,1.2708,0.356031,Apollo,0,2025,2042-01-04
NEO-102710,(NEO-102710) 2008 HK40,0.4716,22.09,0.133991,20044735.6,17.14,0.3765,2.6071,9.19,1537.6,1.6256,3.5887,0.105763,Atira,0,2008,2038-11-14
NEO-102956,(NEO-102956) 1998 AN20,0.652,17.86,0.26819,40120676.6,16.49,0.55,2.5973,3.04,1528.9,1.1688,4.0258,0.196732,Amor,0,1998,2039-12-16
PHA-300705,(PHA-300705) 1999 ZL74,0.2618,36.47,0.006147,919524.7,18.4,0.2854,1.152,14.1,451.6,0.8233,1.4807,0.006554,Apollo,1,1999,2031-06-25
NEO-102944,(NEO-102944) 2014 BW49,0.0063,22.0,0.03878,5801347.3,22.52,0.4458,1.5783,17.71,724.2,0.8747,2.282,0.037288,Apollo,0,2014,2032-08-14
PHA-300676,(PHA-300676) 2002 VN22,0.1989,25.46,0.013024,1948387.5,18.73,0.4461,1.604,17.2,742.0,0.8884,2.3196,0.014001,Apollo,1,2002,2026-11-13
PHA-300693,(PHA-300693) 2020 JM4,0.3062,17.67,0.014793,2213030.7,18.32,0.7582,0.9884,6.57,358.9,0.239,1.7379,0.011368,Aten,1,2020,2037-03-04
NEO-101529,(NEO-101529) 2009 LT59,0.0652,12.45,0.030796,4606996.2,28.2,0.1993,1.8717,17.1,935.3,1.4987,2.2446,0.032209,Atira,0,2009,2025-12-07
NEO-101433,(NEO-101433) 2008 RN28,0.0035,10.25,0.076254,11407402.0,22.87,0.3556,1.219,0.53,491.6,0.7855,1.6525,0.069038,Apollo,0,2008,2044-04-15
PHA-300463,(PHA-300463) 2022 YP6,0.2371,37.6,0.004232,633158.3,18.69,0.3947,1.8271,0.78,902.1,1.1059,2.5483,0.004007,Apollo,1,2022,2030-03-06
PHA-300011,(PHA-300011) 2022 QQ60,0.4681,22.44,0.005885,880365.4,17.47,0.491,1.5313,20.78,692.1,0.7794,2.2832,0.006035,Apollo,1,2022,2041-08-04
NEO-101928,(NEO-101928) 1998 XJ50,0.15,5.35,0.117762,17616940.9,20.13,0.1314,1.1,3.88,421.4,0.9554,1.2446,0.149374,Apollo,0,1998,2038-10-17
NEO-100061,(NEO-100061) 2002 CB64,0.0306,13.27,0.0435,6507555.3,22.6,0.3438,1.5157,17.98,681.6,0.9945,2.0369,0.031943,Apollo,0,2002,2037-10-06
NEO-101624,(NEO-101624) 1992 MO31,0.0554,13.0,0.116107,17369382.3,24.59,0.4217,1.7062,10.0,814.0,0.9868,2.4257,0.149559,Apollo,0,1992,2029-08-24
NEO-100093,(NEO-100093) 2020 LF70,0.4766,11.66,0.476298,71253202.4,17.1,0.1614,2.119,21.04,1126.6,1.7769,2.4611,0.535608,Atira,0,2020,2033-05-27
NEO-102668,(NEO-102668) 1991 MP16,0.4774,11.68,0.157936,23626825.0,17.46,0.1722,2.0608,0.5,1080.6,1.7059,2.4157,0.140015,Atira,0,1991,2030-05-06
NEO-103449,(NEO-103449) 2019 UW52,2.0631,11.56,0.112179,16781723.5,14.07,0.477,1.7406,2.06,838.7,0.9104,2.5708,0.092568,Apollo,0,2019,2031-07-02
NEO-101415,(NEO-101415) 2011 LN22,1.0997,13.31,0.242423,36265940.3,15.54,0.2287,2.3035,1.11,1277.0,1.7768,2.8303,0.308982,Atira,0,2011,2042-06-03
NEO-102745,(NEO-102745) 1993 RU63,0.002,22.16,0.056462,8446531.2,22.98,0.4697,1.3903,3.29,598.8,0.7372,2.0434,0.066673,Apollo,0,1993,2035-08-01
NEO-100441,(NEO-100441) 2005 QK1,0.0222,28.16,0.345273,51652038.3,23.95,0.2873,1.3167,14.36,551.8,0.9384,1.695,0.445913,Apollo,0,2005,2041-06-26
PHA-300473,(PHA-300473) 2012 OQ54,0.1598,17.0,0.003391,507294.6,19.33,0.1515,1.8142,10.11,892.5,1.5393,2.0891,0.002515,Apollo,1,2012,2037-11-26
NEO-103343,(NEO-103343) 2014 CU36,0.005,23.9,0.256619,38389584.9,23.64,0.05,1.986,2.09,1022.3,1.8867,2.0854,0.283628,Atira,0,2014,2031-08-15
NEO-102139,(NEO-102139) 2001 QT98,0.0311,27.3,0.162275,24276044.8,23.41,0.2518,0.8039,5.61,263.3,0.6015,1.0063,0.162615,Aten,0,2001,2026-10-06
NEO-100395,(NEO-100395) 2001 CN34,0.1035,11.42,0.1523,22783757.7,23.68,0.3563,1.7903,9.82,875.0,1.1525,2.4281,0.128609,Amor,0,2001,2025-06-21
PHA-300267,(PHA-300267) 2025 SU55,0.6141,17.59,0.023522,3518847.9,16.83,0.5834,0.8322,12.99,277.3,0.3467,1.3177,0.016844,Aten,1,2025,2043-08-09
NEO-100164,(NEO-100164) 1996 NB45,0.0223,23.04,0.002925,437643.1,24.19,0.1298,0.748,13.41,236.3,0.6509,0.8451,0.003239,Atira,0,1996,2025-07-07
NEO-101260,(NEO-101260) 2001 PU41,0.0463,22.71,0.286854,42912796.3,23.81,0.1901,0.9138,20.7,319.1,0.7401,1.0875,0.247088,Aten,0,2001,2038-02-13
NEO-100421,(NEO-100421) 2020 XD91,0.0061,13.07,0.001821,272426.6,25.84,0.2376,0.9221,6.46,323.4,0.703,1.1411,0.001659,Aten,0,2020,2025-04-13
NEO-101558,(NEO-101558) 2010 AJ3,0.0625,22.39,0.078941,11809357.5,24.33,0.0728,1.9429,39.05,989.1,1.8015,2.0842,0.098581,Atira,0,2010,2029-05-19
PHA-300561,(PHA-300561) 1996 RE62,0.2631,22.48,0.005882,879933.9,18.31,0.5606,1.7981,15.43,880.6,0.7901,2.806,0.004785,Apollo,1,1996,2041-11-04
NEO-100611,(NEO-100611) 1997 ZX74,0.1986,19.87,0.215486,32236186.1,19.06,0.2816,1.9802,1.54,1017.8,1.4226,2.5378,0.273186,Atira,0,1997,2036-03-24
NEO-100169,(NEO-100169) 2023 UG97,0.1269,7.22,0.337947,50556156.8,26.19,0.3373,1.9284,26.09,978.1,1.278,2.5788,0.3621,Amor,0,2023,2040-04-25
NEO-103601,(NEO-103601) 2011 GH56,0.0104,17.52,0.034694,5190075.5,26.95,0.0762,1.3346,6.46,563.2,1.2329,1.4364,0.032305,Amor,0,2011,2032-04-28
NEO-102386,(NEO-102386) 2015 ZA93,0.0686,26.3,0.010141,1517106.0,23.25,0.3676,0.8247,0.26,273.6,0.5215,1.1279,0.009937,Aten,0,2015,2035-06-04
PHA-300575,(PHA-300575) 2022 GJ86,1.369,23.14,0.00737,1102493.1,15.02,0.5497,1.944,10.4,990.0,0.8753,3.0126,0.008027,Apollo,1,2022,2031-09-05
NEO-102581,(NEO-102581) 1994 LV4,0.6878,15.84,0.092753,13875631.1,15.99,0.55,1.1,2.0,421.4,0.495,1.705,0.088511,Apollo,0,1994,2032-07-14
NEO-101690,(NEO-101690) 2011 HW54,0.0213,24.19,0.028719,4296243.0,23.97,0.4892,0.8343,1.61,278.4,0.4262,1.2425,0.032021,Aten,0,2011,2040-04-23
NEO-100525,(NEO-100525) 2006 CS4,0.7513,11.74,0.193849,28999358.7,16.89,0.3661,2.0351,28.91,1060.4,1.2901,2.7801,0.2442,Amor,0,2006,2035-09-28
NEO-100183,(NEO-100183) 1992 KL69,0.0246,26.06,0.02395,3582864.4,26.28,0.2004,1.696,18.84,806.7,1.3562,2.0358,0.019648,Atira,0,1992,2030-05-01
PHA-300664,(PHA-300664) 1996 RK18,0.1885,14.05,0.05,7479893.5,18.81,0.3756,2.3595,12.55,1323.8,1.4733,3.2457,0.03673,Apollo,1,1996,2037-08-25
NEO-101588,(NEO-101588) 2003 PA95,0.002,13.46,0.01206,1804078.4,25.78,0.1459,1.6326,6.46,761.9,1.3944,1.8708,0.009581,Atira,0,2003,2028-08-07
NEO-102079,(NEO-102079) 2025 PB85,1.5174,15.82,0.65,97238616.0,14.65,0.5284,1.9324,15.42,981.2,0.9114,2.9535,0.605537,Apollo,0,2025,2032-08-28
PHA-300437,(PHA-300437) 2008 AN52,0.4071,17.07,0.01042,1558743.5,17.99,0.15,1.2754,30.92,526.1,1.0841,1.4667,0.009374,Apollo,1,2008,2031-08-22
NEO-103746,(NEO-103746) 1992 FU34,0.0167,21.82,0.298785,44697637.4,23.22,0.5731,1.9543,12.08,997.9,0.8343,3.0743,0.303753,Apollo,0,1992,2038-03-26
NEO-102669,(NEO-102669) 2022 NF52,0.0312,19.28,0.042848,6410030.4,24.96,0.6069,0.7,3.02,213.9,0.2751,1.1249,0.047693,Aten,0,2022,2030-04-02
PHA-300349,(PHA-300349) 1999 UN85,0.4263,25.02,0.012593,1883879.9,16.2,0.2629,1.2302,1.8,498.4,0.9068,1.5536,0.013049,Apollo,1,1999,2036-09-25
NEO-101240,(NEO-101240) 2000 CB83,0.0464,13.5,0.019677,2943633.6,23.91,0.3797,1.6107,11.26,746.6,0.9991,2.2224,0.019165,Apollo,0,2000,2037-01-19
NEO-103451,(NEO-103451) 2015 EB88,0.1009,17.33,0.302395,45237674.9,22.51,0.2276,1.5803,10.16,725.6,1.2207,1.94,0.249862,Amor,0,2015,2026-02-16
NEO-102714,(NEO-102714) 2003 HS97,0.0741,13.41,0.020869,3121896.8,24.25,0.2644,0.9868,11.97,358.0,0.7258,1.2477,0.016855,Aten,0,2003,2039-04-05
NEO-100866,(NEO-100866) 2005 QK6,0.0221,15.01,0.020408,3052976.1,24.95,0.4529,1.1061,15.37,424.9,0.6051,1.607,0.016407,Apollo,0,2005,2042-12-08
NEO-103333,(NEO-103333) 2020 XB94,0.135,16.8,0.00841,1258063.6,23.34,0.4801,1.3142,1.45,550.3,0.6833,1.945,0.007554,Apollo,0,2020,2044-12-24
NEO-100724,(NEO-100724) 2013 NA38,0.049,25.4,0.181509,27153361.0,23.73,0.1062,1.3315,8.08,561.2,1.1902,1.4729,0.203065,Amor,0,2013,2041-06-11
NEO-100423,(NEO-100423) 2004 GK61,0.0792,18.1,0.059164,8850849.3,23.26,0.4318,1.2553,5.01,513.7,0.7133,1.7972,0.072121,Apollo,0,2004,2036-02-15
NEO-101161,(NEO-101161) 2018 RA21,0.0295,30.07,0.040674,6084753.7,26.6,0.2567,1.3753,2.12,589.1,1.0223,1.7282,0.050805,Amor,0,2018,2030-07-28
PHA-300284,(PHA-300284) 2013 PK51,0.6956,35.55,0.021438,3207053.1,16.88,0.233,1.9409,1.11,987.6,1.4886,2.3931,0.022335,Apollo,1,2013,2039-09-23
NEO-100723,(NEO-100723) 1992 VM96,0.13,13.69,0.410698,61439485.5,25.08,0.3952,1.367,5.86,583.8,0.8267,1.9072,0.426813,Apollo,0,1992,2030-02-16
NEO-101188,(NEO-101188) 1999 WG81,0.0261,17.04,0.011153,1668419.9,22.21,0.6123,1.196,2.9,477.8,0.4637,1.9284,0.01037,Apollo,0,1999,2026-02-28
PHA-300578,(PHA-300578) 2020 JN36,0.2719,28.59,0.007576,1133331.5,17.44,0.382,1.3844,1.3,594.9,0.8555,1.9132,0.007402,Apollo,1,2020,2026-06-12
NEO-101579,(NEO-101579) 1993 SX41,0.019,10.39,0.031829,4761498.0,31.5,0.2533,0.7,5.51,213.9,0.5227,0.8773,0.040572,Atira,0,1993,2034-08-03
NEO-101305,(NEO-101305) 1992 QM14,0.0087,12.94,0.019077,2853948.8,23.62,0.75,1.6475,9.16,772.4,0.4119,2.8832,0.015006,Apollo,0,1992,2032-09-18
NEO-103390,(NEO-103390) 2011 GG37,0.0795,21.47,0.034696,5190443.6,25.16,0.5058,1.1376,3.15,443.2,0.5622,1.7129,0.028024,Apollo,0,2011,2031-01-27
NEO-101586,(NEO-101586) 1993 DN12,0.9259,11.95,0.159338,23836592.2,15.94,0.55,1.8801,2.67,941.6,0.846,2.9142,0.202906,Apollo,0,1993,2027-07-12
NEO-101895,(NEO-101895) 2005 PX94,0.0209,23.35,0.001741,260488.9,22.7,0.3949,1.1407,18.59,445.0,0.6903,1.5911,0.001887,Apollo,0,2005,2043-05-03
PHA-300415,(PHA-300415) 2011 FH76,0.1758,27.0,0.009679,1447915.3,19.67,0.4697,1.3036,6.92,543.6,0.6914,1.9159,0.010202,Apollo,1,2011,2028-09-07
NEO-101758,(NEO-101758) 2003 GS42,0.0932,19.34,0.060591,9064319.5,23.21,0.3266,1.2815,0.55,529.8,0.8629,1.7,0.050367,Apollo,0,2003,2035-10-07
NEO-100230,(NEO-100230) 2003 SD97,0.13,14.18,0.194898,29156284.5,23.3,0.2198,1.0736,5.05,406.3,0.8376,1.3096,0.232097,Apollo,0,2003,2033-07-14
NEO-102860,(NEO-102860) 2008 PC20,0.5253,13.5,0.293503,43907405.3,16.89,0.0908,2.1865,24.77,1180.9,1.9881,2.385,0.300711,Atira,0,2008,2036-09-22
NEO-103560,(NEO-103560) 2023 CV39,0.1284,11.15,0.126213,18881264.7,24.12,0.3721,1.5687,27.33,717.6,0.985,2.1523,0.096018,Apollo,0,2023,2037-08-23
PHA-300546,(PHA-300546) 2020 RK27,0.4858,22.37,0.001295,193665.3,16.79,0.4484,1.4829,5.56,659.6,0.8179,2.1479,0.001186,Apollo,1,2020,2034-08-13
NEO-103363,(NEO-103363) 2025 NH89,0.135,18.61,0.077739,11629596.4,23.55,0.6427,1.1645,5.02,459.0,0.416,1.9129,0.055803,Apollo,0,2025,2042-05-23
NEO-102834,(NEO-102834) 1995 QH70,0.0218,24.61,0.212763,31828821.0,22.72,0.6757,1.0381,6.34,386.3,0.3366,1.7396,0.15001,Apollo,0,1995,2035-04-14
NEO-103705,(NEO-103705) 2003 ZN20,0.1718,12.93,0.30814,46097088.5,19.37,0.1088,2.8931,4.56,1797.4,2.5784,3.2078,0.361144,Atira,0,2003,2038-07-04
NEO-103537,(NEO-103537) 1993 BT27,0.3969,14.47,0.196775,29437169.3,17.62,0.3153,2.4873,29.53,1432.8,1.7031,3.2715,0.209876,Atira,0,1993,2029-09-03
NEO-103703,(NEO-103703) 2020 UV54,0.0476,19.63,0.00743,1111528.8,23.34,0.4924,1.2504,4.04,510.7,0.6347,1.8662,0.008128,Apollo,0,2020,2041-09-06
NEO-103916,(NEO-103916) 2020 VB7,0.0103,26.9,0.042444,6349578.8,23.32,0.1408,1.5414,9.69,699.0,1.3244,1.7585,0.045411,Atira,0,2020,2028-05-25
NEO-100369,(NEO-100369) 1993 NF45,0.0059,16.06,0.047141,7052133.1,23.28,0.2064,1.4245,0.28,621.0,1.1305,1.7185,0.045082,Amor,0,1993,2037-06-07
NEO-100892,(NEO-100892) 2014 BH56,0.0099,19.09,0.025511,3816418.9,25.59,0.2702,0.7,10.21,213.9,0.5108,0.8892,0.026124,Atira,0,2014,2032-07-23
NEO-101780,(NEO-101780) 1997 CP43,0.4956,15.95,0.059666,8925860.3,17.0,0.4641,2.2319,3.26,1217.9,1.1961,3.2677,0.054174,Amor,0,1997,2043-04-12
NEO-103034,(NEO-103034) 2003 EE54,0.0035,9.4,0.071021,10624594.8,24.95,0.7306,1.3232,7.22,555.9,0.3564,2.2899,0.077805,Apollo,0,2003,2040-03-03
NEO-102004,(NEO-102004) 2013 XT65,0.1161,19.47,0.158555,23719470.7,24.79,0.1357,1.7275,13.75,829.3,1.4931,1.9619,0.118552,Atira,0,2013,2026-12-19
NEO-100880,(NEO-100880) 1996 PT55,0.7227,21.15,0.252709,37804672.6,16.06,0.0834,1.9384,12.72,985.7,1.7767,2.1002,0.197261,Atira,0,1996,2042-01-22
NEO-102039,(NEO-102039) 1994 BD44,0.0808,11.42,0.032418,4849683.9,29.03,0.3079,1.7261,1.96,828.3,1.1947,2.2576,0.035395,Amor,0,1994,2030-04-22
NEO-101794,(NEO-101794) 1990 CX35,0.0154,20.17,0.051819,7752044.3,23.35,0.6218,1.0346,0.2,384.3,0.3913,1.6779,0.063862,Apollo,0,1990,2039-03-25
NEO-101576,(NEO-101576) 2014 YT19,0.0143,6.01,0.024423,3653619.6,31.5,0.2947,1.6614,17.33,782.2,1.1718,2.1511,0.020359,Amor,0,2014,2029-02-01
NEO-101315,(NEO-101315) 1991 OA70,0.6119,5.4,0.148807,22261153.0,16.12,0.0506,1.1,28.42,421.4,1.0443,1.1557,0.1404,Amor,0,1991,2026-10-10
NEO-102415,(NEO-102415) 2009 AN24,0.057,4.09,0.009497,1420742.9,25.56,0.2558,0.9193,40.58,321.9,0.6841,1.1545,0.00984,Aten,0,2009,2036-12-17
NEO-101559,(NEO-101559) 1991 TE44,0.002,20.74,0.003036,454169.9,22.54,0.4612,1.3399,0.51,566.5,0.7219,1.9579,0.00386,Apollo,0,1991,2033-06-12
NEO-102394,(NEO-102394) 1990 KN90,0.0083,16.04,0.426823,63851796.0,26.04,0.4626,0.8219,15.83,272.1,0.4417,1.2021,0.341671,Aten,0,1990,2029-03-13
NEO-103144,(NEO-103144) 2004 RM58,0.0365,21.96,0.014461,2163356.4,22.95,0.4318,1.2809,11.03,529.5,0.7278,1.8339,0.014844,Apollo,0,2004,2036-12-25
NEO-100461,(NEO-100461) 2008 PU96,0.1133,12.61,0.072938,10911377.2,26.61,0.2206,0.922,1.12,323.3,0.7186,1.1254,0.072574,Aten,0,2008,2043-03-19
NEO-102700,(NEO-102700) 2006 FQ69,0.8107,9.58,0.06526,9762710.3,16.06,0.2234,1.1,6.65,421.4,0.8543,1.3457,0.063468,Apollo,0,2006,2042-08-01
NEO-102741,(NEO-102741) 2004 JQ27,0.0748,20.19,0.132013,19748873.2,23.39,0.3734,1.9335,5.38,982.0,1.2115,2.6556,0.145865,Amor,0,2004,2044-11-25
NEO-103469,(NEO-103469) 2014 XT2,0.0195,13.97,0.000473,70790.7,22.27,0.5715,1.2362,8.68,502.0,0.5297,1.9427,0.00041,Apollo,0,2014,2035-02-28
NEO-101263,(NEO-101263) 2005 UK62,0.3374,6.54,0.186237,27860673.4,18.35,0.5422,2.5747,4.08,1508.9,1.1787,3.9706,0.198257,Amor,0,2005,2027-02-04
NEO-101065,(NEO-101065) 2000 HK6,0.15,16.44,0.547308,81876156.8,19.81,0.55,1.6989,35.27,808.8,0.7645,2.6332,0.56931,Apollo,0,2000,2044-09-18
NEO-103561,(NEO-103561) 1990 SW79,0.0105,4.17,0.052867,7908718.1,22.28,0.6158,1.1457,0.52,447.9,0.4402,1.8512,0.054812,Apollo,0,1990,2035-11-14
NEO-100767,(NEO-100767) 2016 UF12,0.0328,9.69,0.032454,4855041.5,30.37,0.4949,1.3989,10.16,604.3,0.7066,2.0912,0.040294,Apollo,0,2016,2042-08-03
NEO-100522,(NEO-100522) 2001 XH78,0.0357,27.74,0.022309,3337422.8,27.45,0.5586,1.1166,4.71,431.0,0.4929,1.7404,0.028046,Apollo,0,2001,2037-07-28
NEO-103433,(NEO-103433) 2016 BF75,0.0702,22.87,0.138221,20677584.3,31.5,0.2132,1.3905,7.54,598.9,1.0941,1.687,0.10642,Amor,0,2016,2027-07-20
NEO-101338,(NEO-101338) 2003 NM38,0.0119,20.28,0.014077,2105862.2,22.24,0.4378,1.3056,0.24,544.9,0.734,1.8773,0.014596,Apollo,0,2003,2035-01-22
NEO-101572,(NEO-101572) 2014 FL27,1.4046,11.38,0.096415,14423425.7,14.39,0.4304,2.1973,17.14,1189.7,1.2517,3.1429,0.07205,Amor,0,2014,2036-12-03
NEO-103739,(NEO-103739) 2013 PZ27,0.0296,4.0,0.00989,1479563.9,23.6,0.5108,0.8406,13.85,281.5,0.4112,1.2699,0.010401,Aten,0,2013,2044-04-14
NEO-101447,(NEO-101447) 2005 ZH28,0.0491,10.97,0.156983,23484269.5,24.49,0.6068,0.9893,2.83,359.4,0.389,1.5896,0.168546,Aten,0,2005,2044-04-23
NEO-103491,(NEO-103491) 2009 UE29,0.0543,7.81,0.398353,59592686.6,24.76,0.3687,1.8725,6.78,935.9,1.1822,2.5629,0.384884,Amor,0,2009,2025-11-08
NEO-102287,(NEO-102287) 1997 KR9,0.002,18.42,0.05311,7945161.9,22.47,0.4506,1.448,1.2,636.4,0.7955,2.1005,0.040658,Apollo,0,1997,2027-11-01
NEO-100313,(NEO-100313) 1998 VW70,0.002,4.0,0.055894,8361671.7,29.87,0.6833,1.0888,5.59,415.0,0.3448,1.8328,0.067149,Apollo,0,1998,2028-07-04
NEO-102793,(NEO-102793) 2000 AV24,0.13,12.35,0.188977,28270590.3,26.6,0.3122,1.8696,1.5,933.7,1.2858,2.4533,0.211509,Amor,0,2000,2028-04-19
NEO-100148,(NEO-100148) 2007 DR61,0.0301,24.67,0.020284,3034385.5,24.17,0.14,1.2034,12.21,482.2,1.0348,1.3719,0.020059,Amor,0,2007,2025-09-04
PHA-300785,(PHA-300785) 1995 VZ28,0.6622,36.41,0.036017,5388021.7,16.24,0.4692,1.0955,2.57,418.8,0.5815,1.6095,0.02949,Apollo,1,1995,2031-05-18
NEO-102196,(NEO-102196) 2016 SM28,0.0093,20.9,0.110246,16492633.9,23.63,0.4114,2.2512,17.79,1233.7,1.325,3.1774,0.12229,Atira,0,2016,2029-11-26
NEO-100887,(NEO-100887) 2010 ZK83,0.0833,10.17,0.077183,11546420.4,28.06,0.5391,1.1318,4.34,439.8,0.5217,1.7419,0.088937,Apollo,0,2010,2026-10-25
PHA-300026,(PHA-300026) 1998 DF31,0.14,16.16,0.007215,1079405.8,19.75,0.2422,1.8244,12.83,900.0,1.3825,2.2663,0.007097,Apollo,1,1998,2033-07-01
PHA-300443,(PHA-300443) 1995 QT21,0.8309,22.79,0.00869,1300024.3,16.49,0.5919,2.2965,27.38,1271.1,0.9371,3.6558,0.005422,Apollo,1,1995,2040-02-17
NEO-100089,(NEO-100089) 2010 XY57,0.0152,14.91,0.011083,1657935.1,27.33,0.3077,1.6766,10.51,792.9,1.1606,2.1926,0.010838,Amor,0,2010,2044-11-26
NEO-102968,(NEO-102968) 2019 PH94,0.076,12.88,0.019014,2844435.6,24.1,0.4752,0.9379,1.36,331.8,0.4922,1.3836,0.023493,Aten,0,2019,2040-03-02
NEO-100375,(NEO-100375) 2007 QA43,0.0286,4.24,0.013657,2043061.5,22.21,0.2768,1.5177,20.73,682.9,1.0976,1.9379,0.010002,Amor,0,2007,2025-06-27
NEO-100450,(NEO-100450) 2015 PW89,0.0868,13.71,0.421824,63103945.1,23.76,0.1689,1.6554,4.44,778.0,1.3758,1.9351,0.396391,Atira,0,2015,2036-01-25
NEO-101551,(NEO-101551) 2020 GM10,0.1166,28.6,0.340202,50893535.2,24.52,0.7,1.5311,15.32,692.0,0.4593,2.6029,0.289294,Apollo,0,2020,2032-12-27
PHA-300027,(PHA-300027) 1997 NZ63,0.2591,11.0,0.029161,4362382.1,18.53,0.3975,1.9642,24.56,1005.5,1.1835,2.745,0.030897,Apollo,1,1997,2028-03-19
NEO-100150,(NEO-100150) 1995 TA96,0.0132,17.59,0.029078,4349984.2,23.37,0.3869,1.8043,0.39,885.2,1.1061,2.5024,0.030441,Amor,0,1995,2036-11-22
NEO-102371,(NEO-102371) 2003 ZP44,0.0192,11.92,0.074657,11168481.7,22.35,0.2845,0.7,0.84,213.9,0.5008,0.8992,0.083892,Atira,0,2003,2031-03-11
NEO-100159,(NEO-100159) 2001 KW17,0.807,13.51,0.135911,20331968.8,15.92,0.2071,1.9507,12.61,995.1,1.5467,2.3547,0.100212,Atira,0,2001,2031-12-04
NEO-102958,(NEO-102958) 2008 EN15,1.0858,11.15,0.25163,37643270.7,15.48,0.1189,1.1916,14.41,475.1,1.0498,1.3333,0.252498,Amor,0,2008,2030-11-18
NEO-100594,(NEO-100594) 2005 BD41,0.326,17.55,0.069424,10385630.2,17.91,0.2419,1.6455,5.87,771.0,1.2475,2.0436,0.056203,Amor,0,2005,2043-05-24
NEO-100736,(NEO-100736) 2007 WO12,0.0969,12.06,0.352723,52766640.9,25.75,0.4562,1.6139,1.11,748.9,0.8776,2.3502,0.447995,Apollo,0,2007,2027-10-01
PHA-300029,(PHA-300029) 1999 JD64,0.3257,18.85,0.016619,2486145.4,18.03,0.3927,0.75,5.12,237.2,0.4555,1.0445,0.0148,Aten,1,1999,2026-10-24
NEO-100662,(NEO-100662) 1992 UQ2,0.0166,18.59,0.007596,1136317.3,25.15,0.3293,1.4864,19.73,661.9,0.9969,1.9759,0.007629,Apollo,0,1992,2036-10-02
NEO-102782,(NEO-102782) 2020 OX2,0.091,13.74,0.004839,723842.1,22.29,0.6094,1.4561,5.78,641.7,0.5688,2.3434,0.004363,Apollo,0,2020,2029-05-27
PHA-300159,(PHA-300159) 2006 DH9,0.5077,32.8,0.014831,2218633.0,16.45,0.2723,2.057,21.51,1077.5,1.4969,2.617,0.015181,Apollo,1,2006,2037-03-11
NEO-100531,(NEO-100531) 2023 OE67,0.5179,10.27,0.166315,24880336.4,16.69,0.3781,1.9162,8.6,968.8,1.1916,2.6407,0.13056,Amor,0,2023,2037-05-11
NEO-101961,(NEO-101961) 2003 KN70,0.6146,12.99,0.178042,26634681.8,17.58,0.2724,1.8499,36.89,919.0,1.3459,2.3538,0.217616,Atira,0,2003,2026-07-10
NEO-102557,(NEO-102557) 2017 OS24,0.0208,25.71,0.017581,2630085.5,22.21,0.1775,1.3084,3.26,546.6,1.0761,1.5407,0.022676,Amor,0,2017,2031-07-13
NEO-103737,(NEO-103737) 1992 NF9,0.13,14.04,0.082295,12311167.2,22.66,0.1542,1.2874,2.68,533.5,1.0889,1.486,0.072097,Amor,0,1992,2038-08-14
NEO-103177,(NEO-103177) 2025 GX3,0.0031,24.06,0.024345,3641959.9,23.74,0.5099,1.1805,8.08,468.5,0.5785,1.7825,0.018072,Apollo,0,2025,2028-01-03
NEO-101858,(NEO-101858) 2001 MY93,0.0156,23.85,0.007058,1055871.6,23.28,0.244,1.6315,11.22,761.1,1.2334,2.0295,0.008286,Amor,0,2001,2037-10-17
NEO-102916,(NEO-102916) 2011 TE88,0.0157,17.13,0.0001,14959.8,28.21,0.4853,0.8094,2.88,266.0,0.4166,1.2022,0.0001,Aten,0,2011,2038-03-09
NEO-100816,(NEO-100816) 2016 YG2,0.0075,18.54,0.191203,28603502.5,24.7,0.5408,1.2054,3.1,483.4,0.5536,1.8573,0.137901,Apollo,0,2016,2039-03-15
NEO-100466,(NEO-100466) 2010 PC46,0.0309,24.87,0.096698,14465836.3,22.83,0.5073,1.3267,5.09,558.2,0.6537,1.9998,0.075264,Apollo,0,2010,2032-02-27
NEO-100556,(NEO-100556) 2002 GL74,0.0442,24.15,0.00023,34414.9,24.02,0.2478,1.4321,18.53,625.9,1.0772,1.7869,0.000164,Amor,0,2002,2032-12-22
NEO-101109,(NEO-101109) 2001 RD14,0.002,28.63,0.092065,13772786.6,27.98,0.3962,1.2082,12.96,485.1,0.7295,1.6869,0.107513,Apollo,0,2001,2027-10-21
PHA-300569,(PHA-300569) 2012 DB44,0.5339,21.78,0.001304,195102.3,17.0,0.4924,1.3853,10.17,595.5,0.7032,2.0674,0.00126,Apollo,1,2012,2035-11-08
NEO-103188,(NEO-103188) 2014 QO87,0.0025,21.37,0.021479,3213159.2,25.21,0.3516,0.8111,21.12,266.8,0.5259,1.0963,0.023943,Aten,0,2014,2041-10-24
NEO-102336,(NEO-102336) 1994 FX90,0.0244,19.41,0.004875,729232.5,23.38,0.2898,1.3422,11.17,568.0,0.9532,1.7312,0.004523,Apollo,0,1994,2030-10-03
NEO-101206,(NEO-101206) 1996 AQ57,0.002,11.79,0.049918,7467607.1,29.37,0.5546,2.1787,8.13,1174.6,0.9704,3.3869,0.06384,Apollo,0,1996,2041-09-25
NEO-100068,(NEO-100068) 1995 PQ69,0.0376,20.37,0.066974,10019167.7,23.39,0.2247,2.1697,3.43,1167.3,1.6823,2.6571,0.073835,Atira,0,1995,2039-11-18
NEO-102847,(NEO-102847) 2001 ZF31,0.055,16.29,0.042309,6329410.6,25.44,0.3393,1.3981,3.77,603.8,0.9238,1.8724,0.052516,Apollo,0,2001,2036-09-13
PHA-300770,(PHA-300770) 2000 BP17,0.3399,29.15,0.002272,339863.1,17.54,0.4354,0.7786,8.78,251.0,0.4397,1.1176,0.001529,Aten,1,2000,2033-11-10
PHA-300149,(PHA-300149) 1997 ON45,0.2821,20.09,0.011711,1751872.2,18.5,0.6059,1.7327,18.91,833.1,0.6829,2.7826,0.009376,Apollo,1,1997,2038-08-23
65803,65803 Didymos (1996 GT),0.78,23.41,0.041,6133000.0,18.1,0.384,1.644,3.41,770.8,1.013,2.276,0.035,Apollo,1,1996,2022-10-04
NEO-103069,(NEO-103069) 2024 VR17,0.6637,17.56,0.636878,95275535.9,16.63,0.0328,1.4754,8.62,654.5,1.4269,1.5238,0.529164,Atira,0,2024,2044-08-10
NEO-102392,(NEO-102392) 1990 UG45,0.0066,22.14,0.089506,13389978.4,22.56,0.3645,1.7194,5.0,823.5,1.0927,2.3461,0.083373,Amor,0,1990,2031-06-02
NEO-101285,(NEO-101285) 1992 AS2,0.0414,10.94,0.003737,559025.2,25.77,0.6588,1.7293,2.99,830.6,0.5901,2.8685,0.002947,Apollo,0,1992,2035-08-02
NEO-100025,(NEO-100025) 1992 QH56,0.1097,13.26,0.005571,833352.6,27.64,0.5369,1.5415,10.79,699.1,0.7139,2.3692,0.006473,Apollo,0,1992,2032-02-09
NEO-101913,(NEO-101913) 2011 PO27,0.13,22.11,0.087811,13136304.6,24.11,0.418,2.1515,8.63,1152.7,1.2522,3.0509,0.063861,Amor,0,2011,2041-07-17
NEO-101642,(NEO-101642) 1998 LT1,0.0902,11.2,0.314746,47085274.6,22.95,0.2624,0.8,8.67,261.4,0.5901,1.0099,0.32123,Aten,0,1998,2027-11-04
NEO-102574,(NEO-102574) 2025 PG38,0.611,18.48,0.11563,17297961.6,16.98,0.0673,1.1,3.11,421.4,1.026,1.174,0.127038,Amor,0,2025,2041-05-13
NEO-100772,(NEO-100772) 2013 MQ65,0.2438,14.19,0.450394,67377957.0,18.86,0.1532,1.6565,1.17,778.7,1.4027,1.9103,0.583818,Atira,0,2013,2038-03-24
NEO-100952,(NEO-100952) 2023 AU47,0.0679,24.33,0.02018,3018853.8,22.27,0.1123,1.6575,1.54,779.4,1.4715,1.8436,0.02558,Atira,0,2023,2033-10-01
NEO-101089,(NEO-101089) 2014 BQ58,0.0794,13.96,0.443774,66387647.2,24.45,0.2855,1.8661,3.44,931.1,1.3333,2.3988,0.48938,Atira,0,2014,2027-05-13
NEO-100219,(NEO-100219) 1993 WX25,0.1073,10.73,0.010916,1633026.5,22.49,0.5191,0.969,1.6,348.4,0.466,1.4719,0.007936,Aten,0,1993,2042-08-19
NEO-103706,(NEO-103706) 2019 LW53,0.0722,13.61,0.001626,243177.5,23.37,0.3997,1.3158,45.0,551.3,0.7899,1.8416,0.001567,Apollo,0,2019,2041-04-10
NEO-100720,(NEO-100720) 2013 NT32,0.5584,18.53,0.181502,27152320.7,16.77,0.1393,1.7576,14.46,851.1,1.5128,2.0024,0.208143,Atira,0,2013,2030-03-25
NEO-101912,(NEO-101912) 2025 GH41,1.1328,7.44,0.204677,30619207.9,15.36,0.4989,1.6807,6.41,795.8,0.8423,2.5192,0.176182,Apollo,0,2025,2029-09-04
NEO-102623,(NEO-102623) 2023 JF6,0.014,15.5,0.0264,3949313.8,22.23,0.2671,1.3541,4.16,575.6,0.9924,1.7158,0.031008,Apollo,0,2023,2027-08-13
NEO-103612,(NEO-103612) 2000 QU34,2.5572,20.28,0.426376,63784914.3,13.48,0.3673,2.1964,1.38,1188.9,1.3897,3.0031,0.403348,Atira,0,2000,2041-10-15
PHA-300043,(PHA-300043) 2013 FA23,1.6466,14.78,0.013662,2043759.0,13.9,0.15,0.75,11.24,237.2,0.6375,0.8625,0.009336,Apollo,1,2013,2039-01-20
NEO-100972,(NEO-100972) 1993 UX70,0.0142,21.64,0.038775,5800725.6,26.2,0.3937,0.8522,10.24,287.3,0.5167,1.1877,0.045062,Aten,0,1993,2037-12-03
NEO-101087,(NEO-101087) 2016 BR83,0.0081,13.09,0.017852,2670589.8,29.05,0.4924,1.0308,10.54,382.3,0.5232,1.5384,0.019435,Apollo,0,2016,2030-07-27
NEO-103206,(NEO-103206) 2024 XN39,0.021,16.57,0.011435,1710677.4,26.44,0.1827,1.6328,5.1,762.1,1.3345,1.9311,0.013314,Atira,0,2024,2038-06-09
NEO-101729,(NEO-101729) 2022 GM85,0.3133,15.2,0.287919,43072111.7,18.09,0.3524,1.9483,1.21,993.3,1.2616,2.6349,0.282271,Amor,0,2022,2034-05-19
NEO-101976,(NEO-101976) 2023 OR1,0.8148,17.73,0.118686,17755239.7,16.94,0.55,1.6827,12.92,797.3,0.7572,2.6082,0.126507,Apollo,0,2023,2028-04-27
NEO-102972,(NEO-102972) 2004 ZC3,0.0291,14.84,0.022889,3424086.2,26.63,0.5168,1.6545,2.33,777.3,0.7995,2.5095,0.019562,Apollo,0,2004,2033-11-27
NEO-103032,(NEO-103032) 2008 CN27,0.0379,20.92,0.109485,16378715.6,23.31,0.4661,1.2424,3.01,505.8,0.6633,1.8215,0.137687,Apollo,0,2008,2032-12-23
NEO-100000,(NEO-100000) 1996 TG47,0.0377,7.16,0.000942,140851.6,24.34,0.3699,1.2781,0.22,527.8,0.8053,1.7509,0.000821,Apollo,0,1996,2027-11-18
NEO-103771,(NEO-103771) 1991 FT18,0.0509,15.23,0.128601,19238381.3,22.72,0.3142,1.1086,3.07,426.4,0.7603,1.457,0.155342,Apollo,0,1991,2031-09-23
NEO-102354,(NEO-102354) 1997 NO33,0.0753,20.68,0.378342,56599152.7,24.13,0.3249,1.0255,3.98,379.3,0.6923,1.3587,0.278586,Apollo,0,1997,2038-01-15
NEO-100565,(NEO-100565) 1998 UD48,0.1143,12.75,0.011559,1729168.4,25.81,0.3427,1.8004,4.23,882.3,1.1834,2.4173,0.011752,Amor,0,1998,2028-12-18
NEO-103858,(NEO-103858) 2007 OP49,0.4265,14.22,0.208543,31197565.4,17.0,0.55,2.8286,3.89,1737.5,1.2728,4.3843,0.183585,Amor,0,2007,2036-12-18
NEO-100060,(NEO-100060) 2025 FC18,0.1648,14.72,0.069293,10366111.3,19.92,0.55,1.7698,55.0,859.9,0.7964,2.7432,0.065151,Apollo,0,2025,2027-10-23
NEO-103004,(NEO-103004) 2019 WG49,0.0029,23.21,0.06236,9328904.3,23.49,0.3333,0.7,3.04,213.9,0.4667,0.9333,0.066671,Atira,0,2019,2043-07-04
NEO-100783,(NEO-100783) 2015 OS60,0.0638,15.67,0.000986,147478.8,22.97,0.6102,1.2944,5.84,537.9,0.5046,2.0841,0.000697,Apollo,0,2015,2041-02-10
NEO-100770,(NEO-100770) 1994 BE32,0.002,4.0,0.041098,6148234.1,22.49,0.2054,1.6777,23.55,793.7,1.333,2.0223,0.036659,Atira,0,1994,2030-10-28
PHA-300761,(PHA-300761) 2022 GD21,0.7146,18.77,0.00612,915493.2,16.69,0.15,2.0002,4.91,1033.3,1.7002,2.3003,0.006311,Apollo,1,2022,2042-04-15
NEO-101787,(NEO-101787) 2015 MB96,0.1039,16.12,0.001108,165817.0,22.66,0.5911,1.506,4.36,675.0,0.6158,2.3962,0.001429,Apollo,0,2015,2028-10-11
NEO-102754,(NEO-102754) 2002 CC90,0.7341,10.71,0.199162,29794178.6,16.68,0.1235,1.7049,1.11,813.1,1.4944,1.9154,0.218877,Atira,0,2002,2029-11-17
NEO-101449,(NEO-101449) 2025 WF27,0.0432,9.51,0.003532,528419.7,23.49,0.4442,1.7028,7.57,811.6,0.9465,2.4592,0.003329,Apollo,0,2025,2035-08-02
NEO-101044,(NEO-101044) 2023 WS46,0.009,19.88,0.308018,46078834.3,23.26,0.6596,1.4889,5.12,663.6,0.5068,2.4711,0.304874,Apollo,0,2023,2034-06-22
NEO-100261,(NEO-100261) 2018 JT5,0.0245,22.88,0.059408,8887283.6,26.9,0.4147,1.6169,19.85,751.0,0.9463,2.2876,0.055413,Apollo,0,2018,2026-04-20
NEO-103045,(NEO-103045) 1997 KH16,0.0465,16.84,0.0055,822801.9,31.28,0.4764,1.8379,12.48,910.1,0.9624,2.7134,0.006726,Apollo,0,1997,2041-02-16
NEO-100501,(NEO-100501) 2013 SE62,0.0388,10.91,0.041816,6255654.5,22.93,0.4683,1.3172,12.54,552.2,0.7004,1.934,0.03234,Apollo,0,2013,2030-03-23
NEO-100639,(NEO-100639) 2018 AM62,0.6443,12.85,0.322413,48232339.6,16.84,0.24,1.3826,3.28,593.8,1.0508,1.7144,0.229372,Amor,0,2018,2042-11-14
PHA-300796,(PHA-300796) 2013 GS13,0.8315,27.19,0.015327,2292869.2,15.79,0.7034,1.4288,0.85,623.8,0.4238,2.4339,0.016452,Apollo,1,2013,2041-05-05
NEO-102735,(NEO-102735) 2024 PS49,0.0602,18.82,0.270237,40426839.4,23.48,0.6953,2.0643,20.59,1083.3,0.629,3.4996,0.322372,Apollo,0,2024,2040-08-11
NEO-102680,(NEO-102680) 2010 DT23,0.5302,14.17,0.395039,59097012.6,17.52,0.5321,1.5146,0.5,680.9,0.7087,2.3206,0.466882,Apollo,0,2010,2035-11-02
NEO-101284,(NEO-101284) 2005 XV93,0.0598,6.14,0.00678,1014323.8,22.27,0.5419,0.7,0.34,213.9,0.3207,1.0793,0.005507,Aten,0,2005,2028-01-21
NEO-103213,(NEO-103213) 2002 GD46,0.0564,11.43,0.413149,61806196.5,24.94,0.4513,2.5691,9.59,1504.0,1.4097,3.7285,0.393788,Atira,0,2002,2030-03-20
NEO-103933,(NEO-103933) 2009 MS69,0.0308,25.5,0.02419,3618800.3,29.52,0.7266,2.1644,0.94,1163.0,0.5918,3.7369,0.026349,Apollo,0,2009,2044-05-15
NEO-101410,(NEO-101410) 2009 JB95,0.0118,21.9,0.02024,3027824.7,22.7,0.394,1.2946,37.54,538.0,0.7845,1.8047,0.016444,Apollo,0,2009,2041-04-09
NEO-102387,(NEO-102387) 2006 DE22,0.063,13.85,0.015273,2284832.4,22.79,0.1215,1.8084,4.56,888.2,1.5886,2.0282,0.016607,Atira,0,2006,2030-05-13
NEO-100139,(NEO-100139) 2010 NL4,0.0283,25.2,0.017347,2595107.6,24.7,0.3406,1.0699,1.4,404.2,0.7055,1.4344,0.016404,Apollo,0,2010,2034-12-23
NEO-102664,(NEO-102664) 1996 AL97,0.1041,11.5,0.172755,25843723.5,24.3,0.3251,1.6657,15.2,785.2,1.1241,2.2073,0.16109,Amor,0,1996,2035-06-22
PHA-300388,(PHA-300388) 2001 GL36,0.5822,39.43,0.007425,1110731.6,16.44,0.3658,1.6262,13.41,757.5,1.0313,2.2212,0.007403,Apollo,1,2001,2030-03-24
NEO-101808,(NEO-101808) 1991 OK3,0.15,13.86,0.346707,51866615.7,19.63,0.2736,1.6123,7.81,747.8,1.1712,2.0534,0.257469,Amor,0,1991,2043-04-03
NEO-103835,(NEO-103835) 2020 XV42,0.0111,15.52,0.060288,9018903.1,23.32,0.2656,1.1055,1.73,424.6,0.8119,1.3992,0.077751,Apollo,0,2020,2036-08-22
NEO-102172,(NEO-102172) 2002 GN21,0.0043,15.02,0.013669,2044823.2,22.62,0.6414,1.4536,0.37,640.1,0.5213,2.3859,0.016339,Apollo,0,2002,2030-05-22
PHA-300694,(PHA-300694) 1998 LG26,0.9023,16.9,0.009255,1384560.7,16.35,0.2333,1.4773,18.45,655.8,1.1326,1.822,0.008894,Apollo,1,1998,2029-10-18
PHA-300421,(PHA-300421) 2013 YP90,0.3832,11.0,0.025711,3846383.2,17.9,0.5417,1.2552,0.7,513.6,0.5753,1.9351,0.026409,Apollo,1,2013,2033-04-27
PHA-300282,(PHA-300282) 2020 AP36,0.2774,14.97,0.05,7479893.5,18.24,0.3622,1.6316,3.98,761.2,1.0407,2.2225,0.045692,Apollo,1,2020,2026-01-09
NEO-103849,(NEO-103849) 2009 KC31,0.0076,20.63,0.009915,1483271.9,23.71,0.5285,1.3478,13.85,571.5,0.6355,2.0601,0.008645,Apollo,0,2009,2044-11-07
PHA-300135,(PHA-300135) 2007 ON1,1.1763,25.98,0.005376,804165.2,14.98,0.1754,1.796,12.14,879.1,1.4809,2.1111,0.005545,Apollo,1,2007,2038-07-13
NEO-103898,(NEO-103898) 2004 KB88,0.0618,12.5,0.053355,7981798.2,24.59,0.7233,1.5831,1.79,727.5,0.4381,2.7281,0.053234,Apollo,0,2004,2025-08-05
NEO-101209,(NEO-101209) 1992 YW57,0.0276,5.44,0.024984,3737571.2,31.5,0.6382,1.3348,2.66,563.3,0.4829,2.1868,0.019023,Apollo,0,1992,2034-05-25
NEO-103170,(NEO-103170) 2001 OV58,0.037,20.09,0.006035,902789.8,29.02,0.3023,1.3393,2.55,566.1,0.9344,1.7441,0.004734,Apollo,0,2001,2042-11-22
NEO-100341,(NEO-100341) 1999 SL47,0.005,14.48,0.421931,63119997.9,23.03,0.419,1.2738,2.4,525.1,0.7401,1.8075,0.474738,Apollo,0,1999,2037-05-23
NEO-101226,(NEO-101226) 2024 TZ12,0.13,8.21,0.191175,28599373.1,23.2,0.4371,1.7071,34.92,814.7,0.961,2.4533,0.151098,Apollo,0,2024,2044-06-10
NEO-101800,(NEO-101800) 2025 QQ61,0.0281,21.57,0.012888,1927947.7,24.01,0.4841,1.4936,8.37,666.7,0.7705,2.2167,0.013968,Apollo,0,2025,2026-06-15
NEO-103381,(NEO-103381) 1990 BH2,0.6733,20.68,0.137635,20589834.5,16.63,0.55,1.7406,0.94,838.8,0.7833,2.698,0.169025,Apollo,0,1990,2043-07-03
PHA-300329,(PHA-300329) 2002 QF28,0.8186,21.93,0.05,7479893.5,15.99,0.4954,0.75,17.31,237.2,0.3785,1.1215,0.047891,Aten,1,2002,2029-10-07
NEO-103355,(NEO-103355) 2000 DZ40,0.0665,12.34,0.335794,50234087.7,24.17,0.634,1.1297,6.08,438.6,0.4135,1.846,0.403714,Apollo,0,2000,2028-01-14
NEO-102149,(NEO-102149) 2000 MS50,0.0159,15.39,0.025669,3839997.0,25.63,0.3051,0.7,6.18,213.9,0.4864,0.9136,0.030337,Atira,0,2000,2043-01-01
PHA-300255,(PHA-300255) 2010 NC9,0.653,24.0,0.000899,134423.7,16.76,0.2899,1.5289,1.77,690.5,1.0857,1.9721,0.000596,Apollo,1,2010,2038-09-04
NEO-101600,(NEO-101600) 1998 AQ89,0.0089,13.26,0.019931,2981666.7,27.16,0.75,1.3289,13.2,559.5,0.3322,2.3256,0.025514,Apollo,0,1998,2041-12-06
NEO-100438,(NEO-100438) 2012 BG71,0.13,19.82,0.226384,33866624.8,25.06,0.3763,1.0585,2.54,397.8,0.6602,1.4568,0.2879,Apollo,0,2012,2036-03-07
NEO-100947,(NEO-100947) 2020 NQ95,0.002,22.59,0.012268,1835214.3,23.09,0.1538,1.4414,0.95,632.1,1.2197,1.6632,0.00971,Amor,0,2020,2033-05-08
PHA-300261,(PHA-300261) 2004 GS48,0.2031,26.62,0.021371,3197088.5,18.43,0.5184,2.0694,2.88,1087.3,0.9967,3.1421,0.017301,Apollo,1,2004,2041-12-09
PHA-300686,(PHA-300686) 2005 NL51,0.2714,32.59,0.040234,6018878.3,19.27,0.3692,1.8957,1.56,953.3,1.1959,2.5955,0.024508,Apollo,1,2005,2039-10-05
PHA-300737,(PHA-300737) 2018 RV34,0.8631,17.37,0.000955,142836.2,16.01,0.2455,1.9887,12.4,1024.4,1.5005,2.4769,0.00093,Apollo,1,2018,2031-06-15
PHA-300234,(PHA-300234) 2016 DN19,0.4024,27.88,0.018465,2762340.3,17.22,0.5325,1.6855,2.61,799.3,0.7879,2.5831,0.017287,Apollo,1,2016,2044-09-04
PHA-300307,(PHA-300307) 2015 YD95,0.3664,19.58,0.009246,1383158.0,17.97,0.6001,1.8691,1.84,933.3,0.7474,2.9908,0.00792,Apollo,1,2015,2044-04-19
PHA-300466,(PHA-300466) 2023 JW21,0.2456,21.0,0.004232,633105.8,18.21,0.5706,1.1864,11.04,472.0,0.5094,1.8634,0.002742,Apollo,1,2023,2044-04-13
NEO-101208,(NEO-101208) 1991 ZH88,0.1019,9.74,0.012267,1835124.7,23.15,0.5212,1.8452,11.75,915.5,0.8834,2.8069,0.015727,Apollo,0,1991,2035-04-26
NEO-100133,(NEO-100133) 1990 GD32,0.0388,30.27,0.008435,1261854.6,22.95,0.2258,1.7341,7.3,834.0,1.3426,2.1255,0.007377,Atira,0,1990,2039-02-09
NEO-102719,(NEO-102719) 2007 BD4,0.0711,23.5,0.003425,512420.1,22.38,0.395,1.9576,12.28,1000.4,1.1844,2.7309,0.002549,Amor,0,2007,2028-07-03
PHA-300803,(PHA-300803) 2014 WO66,0.2595,25.63,0.000161,24028.9,18.98,0.4131,1.493,7.13,666.3,0.8763,2.1098,0.000118,Apollo,1,2014,2040-03-02
NEO-103113,(NEO-103113) 1996 CZ41,0.0637,19.12,0.008232,1231432.3,24.15,0.0525,0.8276,10.89,275.0,0.7842,0.8711,0.009678,Atira,0,1996,2041-01-22
NEO-101090,(NEO-101090) 1997 BG61,0.0293,12.99,0.079788,11936108.7,23.08,0.524,1.0329,2.11,383.4,0.4916,1.5742,0.099877,Apollo,0,1997,2041-04-12
NEO-103599,(NEO-103599) 1995 SE57,0.13,29.23,0.343619,51404617.6,23.09,0.2748,1.76,28.7,852.8,1.2764,2.2435,0.41831,Amor,0,1995,2034-03-08
NEO-100473,(NEO-100473) 2002 PC24,0.0823,16.62,0.038819,5807265.3,26.47,0.6078,1.8871,14.07,946.8,0.7401,3.034,0.043736,Apollo,0,2002,2034-05-11
NEO-103842,(NEO-103842) 2013 VN39,0.0536,8.76,0.037509,5611279.0,23.61,0.4356,1.4425,2.76,632.8,0.8141,2.071,0.038249,Apollo,0,2013,2029-11-07
NEO-100980,(NEO-100980) 2010 ED61,0.0192,19.24,0.068611,10264042.6,23.74,0.3418,1.7288,4.45,830.3,1.1378,2.3198,0.057501,Amor,0,2010,2033-01-12
NEO-103263,(NEO-103263) 2025 AO36,1.3768,7.67,0.057008,8528254.0,15.07,0.2553,1.4396,16.05,630.9,1.072,1.8072,0.060588,Amor,0,2025,2041-05-19
PHA-300240,(PHA-300240) 1995 ND20,0.4123,25.32,0.0001,14959.8,17.5,0.2186,1.0535,12.4,395.0,0.8232,1.2838,7.6e-05,Apollo,1,1995,2037-07-14
NEO-101637,(NEO-101637) 1996 EV6,0.002,13.66,0.014432,2158927.9,24.2,0.227,2.181,4.0,1176.5,1.6859,2.6762,0.017519,Atira,0,1996,2042-09-06
PHA-300535,(PHA-300535) 2014 CE90,0.3547,24.51,0.000155,23174.3,18.14,0.3503,1.272,3.54,524.0,0.8264,1.7177,0.000169,Apollo,1,2014,2039-04-04
NEO-102417,(NEO-102417) 1995 ZU19,0.0459,8.47,0.053043,7935072.6,24.44,0.499,0.9347,6.83,330.1,0.4683,1.4011,0.056072,Aten,0,1995,2037-09-28
PHA-300728,(PHA-300728) 2010 SV55,0.7702,20.16,0.04078,6100586.2,16.3,0.5261,0.75,3.72,237.2,0.3554,1.1446,0.029275,Aten,1,2010,2033-04-05
PHA-300300,(PHA-300300) 2020 HM2,0.2871,11.74,0.001495,223693.0,18.88,0.4387,1.6571,4.95,779.2,0.9301,2.3841,0.001555,Apollo,1,2020,2029-11-10
NEO-102117,(NEO-102117) 2021 EM6,0.005,6.75,0.071187,10649474.6,22.91,0.4687,0.9184,11.16,321.5,0.4879,1.3488,0.065703,Aten,0,2021,2025-04-18
NEO-100307,(NEO-100307) 2023 PD98,0.6945,14.59,0.173363,25934678.0,16.18,0.3292,2.6041,2.82,1534.9,1.7469,3.4613,0.196133,Atira,0,2023,2043-06-14
NEO-100625,(NEO-100625) 2010 PC30,1.0543,9.85,0.252649,37795712.6,15.37,0.1585,1.3532,11.53,575.0,1.1388,1.5677,0.28492,Amor,0,2010,2033-08-05
NEO-103900,(NEO-103900) 2021 QA40,0.0532,20.13,0.001812,271023.2,22.78,0.2638,1.3163,5.22,551.6,0.9691,1.6635,0.002044,Apollo,0,2021,2039-06-27
PHA-300005,(PHA-300005) 2024 YE44,0.7731,16.03,0.022484,3363599.5,16.3,0.3205,1.4159,7.03,615.4,0.9621,1.8696,0.018297,Apollo,1,2024,2034-12-13
NEO-102408,(NEO-102408) 2005 KM73,0.4953,12.98,0.200892,30053065.6,17.17,0.55,1.2497,10.22,510.3,0.5624,1.937,0.259841,Apollo,0,2005,2042-06-05
NEO-101945,(NEO-101945) 2006 ZF5,0.0871,16.67,0.184283,27568377.3,23.39,0.4264,1.7667,8.9,857.7,1.0133,2.5201,0.174925,Apollo,0,2006,2026-12-15
NEO-100096,(NEO-100096) 2004 OV9,0.0035,22.12,0.018309,2739022.2,22.3,0.682,1.1371,0.13,442.9,0.3616,1.9127,0.013992,Apollo,0,2004,2034-08-17
NEO-102205,(NEO-102205) 2017 AW32,0.0375,13.04,0.23611,35321479.6,25.18,0.1995,0.8,22.54,261.4,0.6404,0.9596,0.191793,Atira,0,2017,2029-10-03
NEO-103159,(NEO-103159) 1998 ZY42,0.5933,10.28,0.169323,25330301.1,16.61,0.2291,2.179,7.52,1174.8,1.6797,2.6782,0.165083,Atira,0,1998,2038-02-04
NEO-101720,(NEO-101720) 1990 WW95,0.0062,24.81,0.221063,33070580.5,23.9,0.3068,1.6461,14.23,771.4,1.1411,2.1512,0.197708,Amor,0,1990,2039-04-05
PHA-300028,(PHA-300028) 2014 ZS47,1.154,39.0,0.015801,2363775.8,15.69,0.3136,1.1047,1.98,424.1,0.7582,1.4511,0.013144,Apollo,1,2014,2042-12-28
PHA-300353,(PHA-300353) 2008 UT53,0.14,32.2,0.032102,4802388.0,19.56,0.289,1.4348,2.59,627.7,1.0201,1.8495,0.032005,Apollo,1,2008,2029-02-20
NEO-102990,(NEO-102990) 1997 FF72,1.167,17.56,0.135056,20204090.9,15.22,0.1972,3.1622,0.5,2053.9,2.5386,3.7858,0.156509,Atira,0,1997,2033-03-16
PHA-300172,(PHA-300172) 2017 GZ81,0.6015,20.19,0.019693,2946046.2,16.57,0.82,1.7818,6.71,868.7,0.3207,3.2429,0.015629,Apollo,1,2017,2028-02-17
NEO-102209,(NEO-102209) 2013 PW32,0.5303,11.95,0.159672,23886588.7,17.35,0.3131,1.9628,19.82,1004.4,1.3484,2.5773,0.116288,Atira,0,2013,2030-09-18
NEO-102159,(NEO-102159) 2003 OJ54,0.0655,26.65,0.208038,31121968.9,23.85,0.3443,1.3806,3.03,592.5,0.9054,1.8559,0.190148,Apollo,0,2003,2037-02-28
NEO-100370,(NEO-100370) 1994 HH54,0.0182,20.0,0.018909,2828766.4,26.28,0.4706,1.1714,33.46,463.1,0.6201,1.7228,0.018935,Apollo,0,1994,2037-07-10
NEO-102028,(NEO-102028) 2019 CZ34,0.028,14.26,0.007065,1056878.2,25.05,0.3622,1.3124,21.26,549.1,0.837,1.7878,0.00916,Apollo,0,2019,2035-10-21
NEO-102675,(NEO-102675) 2016 QN42,2.474,9.36,0.080428,12031822.7,13.81,0.2473,3.1149,21.72,2008.0,2.3446,3.8852,0.070684,Atira,0,2016,2039-02-04
NEO-100297,(NEO-100297) 2006 TD48,0.13,16.54,0.274835,41114706.9,24.5,0.0858,1.6918,9.43,803.7,1.5467,1.8369,0.271326,Atira,0,2006,2041-08-03
NEO-101411,(NEO-101411) 1997 DH95,0.0197,17.57,0.070137,10492413.4,22.47,0.2628,2.3544,4.87,1319.5,1.7357,2.973,0.055174,Atira,0,1997,2038-07-17
NEO-101843,(NEO-101843) 2002 WP27,0.512,20.17,0.135157,20219139.2,17.02,0.0637,1.7931,2.51,877.0,1.679,1.9073,0.147233,Atira,0,2002,2029-05-07
NEO-103464,(NEO-103464) 2018 UR71,2.7395,24.03,0.464982,69560347.7,12.57,0.0891,1.4719,12.13,652.2,1.3407,1.603,0.460496,Atira,0,2018,2040-02-18
NEO-102399,(NEO-102399) 2021 MP91,0.0088,25.55,0.263983,39491365.3,23.76,0.4736,1.2726,3.99,524.4,0.6699,1.8754,0.22708,Apollo,0,2021,2032-12-25
NEO-100358,(NEO-100358) 2005 WM2,0.0317,5.3,0.097238,14546649.2,25.41,0.4322,1.2091,0.53,485.6,0.6865,1.7317,0.09642,Apollo,0,2005,2040-02-18
NEO-103301,(NEO-103301) 2018 NJ43,0.15,13.59,0.114971,17199481.3,20.32,0.3554,1.7331,0.5,833.3,1.1171,2.349,0.140891,Amor,0,2018,2034-04-07
PHA-300604,(PHA-300604) 2017 UO40,0.14,34.37,0.026407,3950422.4,19.76,0.6001,1.9954,14.27,1029.5,0.7979,3.1929,0.020902,Apollo,1,2017,2038-06-10
NEO-100642,(NEO-100642) 2001 SC39,0.0749,10.4,0.062446,9341803.3,24.98,0.4702,1.353,13.51,574.8,0.7168,1.9891,0.054835,Apollo,0,2001,2034-06-21
PHA-300391,(PHA-300391) 2020 BQ38,0.206,20.55,0.021323,3189846.9,19.33,0.8088,1.8025,2.33,883.9,0.3446,3.2604,0.020012,Apollo,1,2020,2034-10-19
NEO-102218,(NEO-102218) 2021 RD58,0.0397,24.89,0.018796,2811829.3,22.49,0.4159,1.5604,8.81,712.0,0.9114,2.2094,0.021004,Apollo,0,2021,2032-09-22
NEO-100110,(NEO-100110) 1993 BO64,0.0076,4.0,0.047622,7124189.0,22.41,0.5587,1.4165,2.76,615.8,0.6252,2.2079,0.04007,Apollo,0,1993,2033-01-14
NEO-101595,(NEO-101595) 2016 UQ78,0.0573,23.55,0.05417,8103731.6,24.44,0.4424,1.7701,7.77,860.2,0.987,2.5532,0.065058,Apollo,0,2016,2041-08-08
NEO-103833,(NEO-103833) 2017 CG97,2.3421,8.71,0.158105,23652198.4,13.82,0.4082,1.8656,3.16,930.7,1.1041,2.6271,0.150443,Amor,0,2017,2031-01-10
NEO-103515,(NEO-103515) 2018 GP52,0.0027,16.06,0.04514,6752808.1,22.74,0.4624,0.7,9.75,213.9,0.3763,1.0237,0.057302,Aten,0,2018,2025-02-05
NEO-101817,(NEO-101817) 2021 WY74,0.0343,13.16,0.000309,46199.8,26.89,0.4701,1.8346,1.21,907.6,0.9721,2.6971,0.000349,Apollo,0,2021,2026-05-19
NEO-102908,(NEO-102908) 2019 UC86,0.0236,19.02,0.016505,2469056.0,22.98,0.2941,0.7,0.37,213.9,0.4941,0.9059,0.011572,Atira,0,2019,2025-11-10
PHA-300716,(PHA-300716) 2001 WO30,0.2899,23.31,0.011106,1661371.7,17.42,0.4537,1.3926,10.1,600.2,0.7607,2.0244,0.006936,Apollo,1,2001,2025-04-15
NEO-100002,(NEO-100002) 1994 TT38,0.6559,10.03,0.057839,8652559.1,16.93,0.5249,1.2186,9.4,491.3,0.5789,1.8582,0.054681,Apollo,0,1994,2034-02-05
NEO-100697,(NEO-100697) 2021 XR78,0.0242,10.48,0.096983,14508415.1,24.51,0.2039,1.6468,5.13,771.9,1.3111,1.9825,0.079611,Atira,0,2021,2027-03-06
NEO-103734,(NEO-103734) 2000 JV36,1.4328,13.49,0.541846,81058940.7,14.84,0.31,2.2305,24.61,1216.8,1.539,2.9221,0.568604,Atira,0,2000,2032-03-13
NEO-102106,(NEO-102106) 2024 MX63,0.0458,10.69,0.127907,19134566.1,22.64,0.4605,1.0989,3.24,420.8,0.5928,1.605,0.164626,Apollo,0,2024,2029-12-17
PHA-300126,(PHA-300126) 2010 WR69,0.594,19.98,0.006808,1018453.8,16.9,0.645,1.5838,0.76,728.0,0.5623,2.6053,0.005243,Apollo,1,2010,2039-06-15
PHA-300618,(PHA-300618) 1999 CZ73,0.5937,39.29,0.001719,257112.9,17.06,0.2418,1.8801,23.01,941.6,1.4254,2.3347,0.001378,Apollo,1,1999,2026-11-14
PHA-300324,(PHA-300324) 2015 FE87,0.3077,11.0,0.015283,2286246.1,18.36,0.2105,1.3428,48.0,568.3,1.0601,1.6255,0.009742,Apollo,1,2015,2025-05-07
PHA-300380,(PHA-300380) 2005 JM35,0.6587,21.07,0.027489,4112279.4,16.79,0.4376,1.5121,17.73,679.1,0.8503,2.1738,0.026488,Apollo,1,2005,2039-09-11
NEO-103389,(NEO-103389) 1992 UA5,0.0209,7.38,0.003298,493377.7,23.86,0.166,1.8496,0.72,918.8,1.5426,2.1566,0.003446,Atira,0,1992,2031-02-22
NEO-103857,(NEO-103857) 2018 BH41,0.0614,4.76,0.049708,7436273.2,23.95,0.4285,1.0793,29.71,409.5,0.6167,1.5418,0.048973,Apollo,0,2018,2035-12-27
NEO-102733,(NEO-102733) 2014 TM57,0.0186,6.93,0.024353,3643226.0,25.8,0.4609,1.2304,2.44,498.5,0.6632,1.7975,0.019747,Apollo,0,2014,2036-03-26
NEO-100993,(NEO-100993) 2009 CD97,0.0193,4.0,0.026891,4022855.4,23.09,0.4321,0.7,0.75,213.9,0.3975,1.0025,0.025115,Aten,0,2009,2031-12-19
PHA-300390,(PHA-300390) 2013 BV20,0.2955,32.83,0.005892,881384.2,18.66,0.5141,1.2399,8.05,504.3,0.6024,1.8773,0.005325,Apollo,1,2013,2037-08-22
PHA-300700,(PHA-300700) 2025 TN43,0.597,17.56,0.005523,826291.8,16.61,0.727,1.1518,3.34,451.5,0.3144,1.9893,0.004723,Apollo,1,2025,2038-12-02
NEO-100215,(NEO-100215) 2018 BK52,0.0621,8.07,0.292108,43698803.3,24.15,0.5614,1.7509,28.11,846.2,0.7679,2.734,0.225574,Apollo,0,2018,2029-05-22
NEO-102883,(NEO-102883) 2002 UP21,0.029,23.2,0.038548,5766767.0,31.5,0.2084,1.2056,1.55,483.5,0.9544,1.4569,0.047986,Apollo,0,2002,2041-03-15
NEO-102535,(NEO-102535) 2024 ST10,1.2467,10.97,0.21842,32675111.4,15.01,0.1425,1.1563,1.76,454.1,0.9915,1.321,0.261398,Apollo,0,2024,2029-08-23
PHA-300036,(PHA-300036) 1998 AH52,0.3148,40.59,0.008286,1239512.0,17.64,0.6745,1.3102,11.87,547.8,0.4265,2.1938,0.00868,Apollo,1,1998,2038-11-15
NEO-100737,(NEO-100737) 2001 VG98,0.033,24.15,0.010028,1500233.5,22.47,0.0946,1.4405,11.07,631.5,1.3042,1.5767,0.01223,Atira,0,2001,2029-09-02
NEO-103785,(NEO-103785) 1997 BX32,0.0338,23.85,0.013461,2013686.3,24.79,0.1567,2.1671,15.86,1165.2,1.8275,2.5067,0.010461,Atira,0,1997,2044-01-25
NEO-103828,(NEO-103828) 1999 LQ6,0.0432,6.49,0.018573,2778419.2,22.53,0.1143,1.2044,1.39,482.8,1.0667,1.3421,0.019906,Amor,0,1999,2033-06-27
NEO-100288,(NEO-100288) 2005 JS77,0.135,16.36,0.098083,14672989.1,25.7,0.4707,1.0141,3.59,373.0,0.5367,1.4914,0.079626,Apollo,0,2005,2026-04-06
NEO-101689,(NEO-101689) 1996 DC13,0.0343,9.74,0.033149,4959082.8,23.85,0.1463,0.8163,1.66,269.4,0.6969,0.9357,0.0415,Atira,0,1996,2025-01-08
NEO-100399,(NEO-100399) 2024 EZ11,0.0436,16.79,0.023132,3460571.7,31.22,0.1629,1.6174,8.44,751.3,1.354,1.8808,0.02445,Atira,0,2024,2035-11-13
NEO-102949,(NEO-102949) 2006 FN24,0.3515,21.61,0.107279,16048745.1,17.54,0.3962,2.0884,8.77,1102.3,1.261,2.9158,0.079788,Amor,0,2006,2044-05-22
NEO-102199,(NEO-102199) 2000 JE11,0.4472,19.43,0.146288,21884373.8,17.51,0.5327,2.0529,1.57,1074.4,0.9593,3.1466,0.17249,Apollo,0,2000,2042-06-20
NEO-101597,(NEO-101597) 2011 OD62,0.0408,22.05,0.05517,8253260.8,23.92,0.5692,0.8684,6.66,295.6,0.3741,1.3627,0.046401,Aten,0,2011,2034-07-24
NEO-100684,(NEO-100684) 1997 LR27,1.5384,16.31,0.119498,17876618.1,14.64,0.3142,2.1508,14.31,1152.1,1.4751,2.8265,0.124401,Atira,0,1997,2036-02-06
NEO-100926,(NEO-100926) 1993 HG58,0.2241,8.55,0.103954,15551249.6,18.91,0.439,1.2667,12.41,520.7,0.7106,1.8227,0.119014,Apollo,0,1993,2034-04-25
NEO-103822,(NEO-103822) 1992 JG64,0.0207,13.55,0.039895,5968230.5,22.47,0.2234,0.9457,6.57,335.9,0.7344,1.157,0.032626,Aten,0,1992,2030-09-24
NEO-102982,(NEO-102982) 2008 EL66,0.0086,4.0,0.010873,1626636.0,22.59,0.3111,1.6843,1.52,798.4,1.1603,2.2082,0.01199,Amor,0,2008,2037-11-10
NEO-100975,(NEO-100975) 2009 CX6,1.1942,15.46,0.089088,13327339.3,15.44,0.4381,1.2861,11.98,532.7,0.7227,1.8495,0.087841,Apollo,0,2009,2041-01-01
PHA-300328,(PHA-300328) 2002 TW63,0.1681,25.85,0.017988,2691002.6,20.48,0.4503,2.5815,2.0,1514.9,1.4191,3.7439,0.014401,Apollo,1,2002,2031-07-09
PHA-300205,(PHA-300205) 2008 LB50,0.5566,21.33,0.011597,1734848.4,16.41,0.3735,1.3998,2.36,604.9,0.8769,1.9226,0.007077,Apollo,1,2008,2034-07-28
NEO-100517,(NEO-100517) 2015 CU24,0.0891,22.15,0.075963,11363886.2,28.41,0.5263,1.3468,14.53,570.9,0.6379,2.0557,0.088919,Apollo,0,2015,2028-01-11
PHA-300001,(PHA-300001) 2021 KQ15,1.1649,23.99,0.016155,2416766.3,15.2,0.5268,0.8089,28.25,265.7,0.3828,1.235,0.017493,Aten,1,2021,2042-10-09
NEO-100696,(NEO-100696) 2021 UO4,0.007,15.36,0.20557,30752860.5,24.9,0.409,1.6218,9.81,754.4,0.9585,2.2851,0.260081,Apollo,0,2021,2036-11-08
NEO-102833,(NEO-102833) 2024 TW77,2.4141,5.7,0.087955,13157951.0,13.55,0.4666,2.8942,7.7,1798.4,1.5438,4.2446,0.063288,Atira,0,2024,2031-07-04
NEO-102684,(NEO-102684) 1995 RL71,0.5281,6.9,0.127259,19037650.0,17.06,0.3484,1.8072,8.55,887.4,1.1777,2.4368,0.101827,Amor,0,1995,2043-01-09
NEO-102180,(NEO-102180) 1997 RF89,0.0072,16.59,0.034325,5134956.4,28.12,0.2618,1.4564,18.16,642.0,1.0751,1.8377,0.042842,Amor,0,1997,2029-12-20
NEO-102040,(NEO-102040) 2025 KW33,0.0093,19.82,0.008299,1241526.8,23.17,0.6871,1.8243,1.6,900.0,0.5708,3.0778,0.008591,Apollo,0,2025,2033-07-21
NEO-102291,(NEO-102291) 1995 CY98,0.135,15.93,0.033223,4970157.0,24.33,0.1438,1.1206,5.7,433.3,0.9595,1.2817,0.030676,Apollo,0,1995,2035-02-12
NEO-102996,(NEO-102996) 2003 DM90,0.0825,13.44,0.01101,1647033.4,22.43,0.121,1.5301,12.62,691.3,1.345,1.7153,0.011022,Atira,0,2003,2040-04-23
NEO-101498,(NEO-101498) 2011 AH75,0.3674,14.32,0.079801,11938018.2,17.11,0.2438,1.6576,8.68,779.5,1.2534,2.0617,0.098464,Amor,0,2011,2044-05-12
NEO-101747,(NEO-101747) 1995 HA96,1.2244,9.45,0.098671,14761028.0,15.03,0.3461,1.5892,3.48,731.8,1.0392,2.1392,0.071448,Amor,0,1995,2026-07-16
NEO-102089,(NEO-102089) 2025 JZ47,0.0195,4.51,0.056052,8385278.5,22.9,0.5848,1.5009,5.71,671.6,0.6232,2.3787,0.051729,Apollo,0,2025,2032-11-16
PHA-300091,(PHA-300091) 2011 ED50,0.7049,30.91,0.026194,3918620.1,16.56,0.5649,1.7064,19.33,814.2,0.7424,2.6704,0.02191,Apollo,1,2011,2041-06-16
NEO-103682,(NEO-103682) 1993 UV84,0.2626,16.5,0.135498,20270139.4,18.17,0.0884,1.559,14.17,711.0,1.4213,1.6968,0.119649,Atira,0,1993,2043-05-05
PHA-300161,(PHA-300161) 2003 LY54,0.1499,18.47,0.05,7479893.5,19.45,0.4035,2.0135,7.52,1043.6,1.201,2.826,0.034508,Apollo,1,2003,2027-06-08
PHA-300097,(PHA-300097) 2014 XD82,0.7738,25.31,0.03432,5134194.7,16.19,0.4635,1.4493,19.24,637.3,0.7775,2.1211,0.034422,Apollo,1,2014,2040-07-20
NEO-103155,(NEO-103155) 2005 HK6,0.0028,4.0,0.02991,4474475.4,23.85,0.3926,0.9205,2.24,322.6,0.5591,1.2819,0.02983,Aten,0,2005,2036-03-06
NEO-103967,(NEO-103967) 2015 VG68,0.0116,13.52,0.176098,26343947.7,22.1,0.2781,1.0066,8.91,368.9,0.7266,1.2865,0.153993,Apollo,0,2015,2041-07-10
NEO-103303,(NEO-103303) 2001 ZY59,0.13,9.36,0.21895,32754470.1,24.18,0.693,1.123,0.24,434.7,0.3447,1.9013,0.240951,Apollo,0,2001,2033-08-23
NEO-102952,(NEO-102952) 2024 PZ29,0.0665,20.49,0.041019,6136303.8,24.23,0.4297,2.1235,7.56,1130.2,1.2111,3.0358,0.029547,Amor,0,2024,2027-04-11
NEO-102761,(NEO-102761) 2006 VM83,0.0069,8.04,0.056563,8461774.1,22.88,0.2233,1.4177,6.35,616.6,1.1011,1.7344,0.054743,Amor,0,2006,2037-11-19
NEO-103024,(NEO-103024) 2025 EX48,0.0067,8.5,0.015236,2279337.3,24.63,0.5138,1.3252,7.04,557.2,0.6444,2.006,0.013174,Apollo,0,2025,2035-08-03
NEO-102959,(NEO-102959) 2009 CR84,0.0352,16.51,0.057862,8656085.1,24.68,0.184,1.7812,8.06,868.3,1.4535,2.1089,0.074211,Atira,0,2009,2043-09-18
PHA-300050,(PHA-300050) 2012 BW92,0.3115,20.93,0.007326,1095982.3,16.72,0.4789,1.5572,7.1,709.8,0.8114,2.303,0.007329,Apollo,1,2012,2042-07-08
NEO-100416,(NEO-100416) 2006 TG36,0.2638,16.24,0.65,97238616.0,18.72,0.4705,2.2122,2.25,1201.8,1.1714,3.2529,0.493232,Amor,0,2006,2041-02-16
NEO-103631,(NEO-103631) 2015 PL64,0.0392,20.51,0.364036,54458991.6,24.99,0.2285,0.8999,10.98,311.8,0.6943,1.1055,0.394703,Aten,0,2015,2041-08-05
NEO-100216,(NEO-100216) 1996 NN52,0.0079,10.78,0.371584,55588222.1,23.45,0.4923,1.0071,7.4,369.1,0.5113,1.5028,0.434455,Apollo,0,1996,2042-07-15
NEO-103136,(NEO-103136) 1998 NG14,0.016,14.28,0.001146,171406.1,28.02,0.1843,0.98,9.68,354.3,0.7994,1.1606,0.000962,Aten,0,1998,2039-02-19
NEO-101936,(NEO-101936) 2002 ZH42,0.7181,24.06,0.088029,13168974.9,16.35,0.2575,1.9546,39.42,998.1,1.4512,2.4579,0.080151,Atira,0,2002,2036-03-07
NEO-101296,(NEO-101296) 2024 RQ43,0.6416,7.98,0.276927,41427673.4,16.71,0.4559,1.1,6.57,421.4,0.5985,1.6015,0.286167,Apollo,0,2024,2043-01-01
NEO-100700,(NEO-100700) 1994 OR75,0.0199,26.29,0.021701,3246388.2,22.67,0.1931,1.4331,11.08,626.6,1.1564,1.7098,0.017752,Amor,0,1994,2038-12-09
PHA-300143,(PHA-300143) 2011 VO21,0.4675,30.42,0.002698,403616.0,17.47,0.7866,0.75,48.0,237.2,0.1601,1.3399,0.002806,Aten,1,2011,2032-06-25
NEO-101424,(NEO-101424) 2014 UY3,0.0055,24.09,0.043808,6553527.7,24.14,0.5214,0.7169,5.01,221.7,0.3431,1.0908,0.040064,Aten,0,2014,2037-08-12
PHA-300471,(PHA-300471) 2016 BP10,0.3828,17.59,0.00433,647732.0,16.78,0.577,1.2579,12.43,515.3,0.5321,1.9838,0.002711,Apollo,1,2016,2028-06-22
NEO-103207,(NEO-103207) 2013 EK60,0.1289,17.77,0.248271,37140817.2,22.78,0.0586,1.6575,6.57,779.4,1.5604,1.7546,0.26577,Atira,0,2013,2042-12-24
NEO-103313,(NEO-103313) 1996 RJ27,0.1012,16.13,0.044541,6663254.8,24.82,0.4425,1.965,10.84,1006.1,1.0955,2.8345,0.053205,Amor,0,1996,2027-01-24
NEO-103029,(NEO-103029) 2019 WB93,0.0433,12.36,0.007537,1127513.6,23.53,0.3332,1.6935,1.95,805.0,1.1292,2.2578,0.009252,Amor,0,2019,2043-09-15
NEO-102491,(NEO-102491) 2013 AW89,0.0518,6.38,0.032715,4894117.7,25.16,0.1938,1.5267,25.69,689.0,1.2309,1.8226,0.026592,Amor,0,2013,2044-06-11
NEO-100938,(NEO-100938) 2023 HW94,0.6039,9.21,0.209153,31288856.7,16.97,0.4465,1.8305,37.58,904.6,1.0132,2.6478,0.199302,Apollo,0,2023,2037-01-23
NEO-103789,(NEO-103789) 2012 LQ41,0.0198,32.25,0.00118,176540.0,22.74,0.0873,2.0851,2.83,1099.7,1.9031,2.2672,0.001316,Atira,0,2012,2032-04-27
PHA-300740,(PHA-300740) 2021 TR15,0.3322,26.34,0.000377,56438.8,17.55,0.3995,1.4536,2.34,640.1,0.8729,2.0344,0.0003,Apollo,1,2021,2026-09-19
NEO-100961,(NEO-100961) 1999 ZO28,0.0293,32.15,0.01539,2302246.3,24.11,0.1417,1.2963,0.96,539.1,1.1126,1.4799,0.017287,Amor,0,1999,2028-01-19
NEO-103100,(NEO-103100) 1997 RN54,0.0055,7.65,0.009887,1479076.4,24.93,0.3224,1.9728,0.17,1012.1,1.3368,2.6088,0.010747,Atira,0,1997,2026-10-03
NEO-102559,(NEO-102559) 2000 WB1,0.0469,28.03,0.010718,1603360.3,25.96,0.3239,1.345,11.44,569.7,0.9094,1.7805,0.007642,Apollo,0,2000,2035-07-23
NEO-103047,(NEO-103047) 2005 DA4,0.0083,12.68,0.015703,2349174.2,22.56,0.4793,0.9399,8.7,332.8,0.4894,1.3904,0.014252,Aten,0,2005,2029-02-16
PHA-300395,(PHA-300395) 2003 WJ87,0.9966,16.26,0.003133,468689.1,15.55,0.4714,1.0107,35.08,371.1,0.5342,1.4872,0.002244,Apollo,1,2003,2039-08-26
PHA-300747,(PHA-300747) 2017 MN83,0.5005,11.0,0.006435,962715.5,16.64,0.5569,1.7317,8.05,832.3,0.7673,2.6961,0.005325,Apollo,1,2017,2039-03-16
NEO-101887,(NEO-101887) 2002 FO73,0.0117,14.62,0.002084,311812.7,22.76,0.3936,1.1043,7.07,423.8,0.6697,1.5388,0.002222,Apollo,0,2002,2029-05-14
NEO-101846,(NEO-101846) 2016 TT16,0.002,15.03,0.042292,6326791.3,25.16,0.5466,1.771,0.9,860.9,0.803,2.739,0.047752,Apollo,0,2016,2043-02-21
NEO-102930,(NEO-102930) 1993 GS87,0.0261,10.44,0.006612,989106.1,24.8,0.372,0.9228,0.95,323.8,0.5796,1.266,0.006371,Aten,0,1993,2029-10-09
PHA-300087,(PHA-300087) 2008 JC85,0.4669,20.23,0.007513,1123979.9,17.72,0.452,1.441,8.89,631.8,0.7897,2.0924,0.007381,Apollo,1,2008,2030-02-12
NEO-100509,(NEO-100509) 2023 DC19,0.0552,16.26,0.015856,2372008.6,24.91,0.2773,1.5583,27.45,710.5,1.1261,1.9905,0.012023,Amor,0,2023,2031-08-23
NEO-103453,(NEO-103453) 1990 RN43,0.005,11.71,0.230362,34461726.6,23.2,0.3318,1.5206,11.66,684.8,1.016,2.0251,0.21148,Apollo,0,1990,2027-08-06
NEO-101967,(NEO-101967) 2023 KS38,0.0147,4.0,0.032763,4901237.8,24.18,0.6492,0.7,16.22,213.9,0.2456,1.1544,0.038783,Aten,0,2023,2028-10-27
NEO-102030,(NEO-102030) 2020 CV59,0.005,25.55,0.32194,48161514.1,22.48,0.1282,1.8467,10.92,916.6,1.61,2.0834,0.404166,Atira,0,2020,2029-09-17
PHA-300176,(PHA-300176) 2021 BP39,0.4072,27.11,0.020037,2997461.0,17.63,0.5673,0.9165,3.07,320.5,0.3966,1.4365,0.01635,Aten,1,2021,2032-10-10
NEO-102894,(NEO-102894) 2023 CR50,0.15,15.83,0.226359,33862856.7,19.72,0.1509,2.2303,1.06,1216.5,1.8938,2.5667,0.249029,Atira,0,2023,2035-10-10
NEO-101899,(NEO-101899) 2013 XP7,0.0775,31.92,0.106448,15924457.5,24.39,0.2245,1.447,5.15,635.8,1.1221,1.7719,0.084588,Amor,0,2013,2043-12-16
NEO-101234,(NEO-101234) 2019 DV15,0.0106,14.2,0.002327,348095.9,24.39,0.2976,0.9976,5.92,364.0,0.7007,1.2945,0.002788,Aten,0,2019,2031-07-17
NEO-103164,(NEO-103164) 2006 LN56,0.0258,30.33,0.047505,7106702.8,22.6,0.325,1.39,1.84,598.5,0.9382,1.8418,0.034855,Apollo,0,2006,2029-11-14
PHA-300138,(PHA-300138) 2003 MC65,0.3981,22.24,0.030542,4568964.1,17.31,0.5029,0.7817,0.77,252.5,0.3886,1.1749,0.02661,Aten,1,2003,2030-10-28
PHA-300018,(PHA-300018) 2025 TX90,0.6239,14.86,0.003062,458094.6,16.99,0.7159,1.2995,3.12,541.1,0.3692,2.2297,0.003299,Apollo,1,2025,2031-05-22
NEO-103050,(NEO-103050) 2012 TY44,0.135,11.51,0.029091,4352016.6,23.08,0.1149,1.4552,2.3,641.2,1.288,1.6224,0.033434,Amor,0,2012,2031-02-10
NEO-102900,(NEO-102900) 2008 PB70,0.1233,13.07,0.009343,1397760.3,26.66,0.221,1.0338,4.66,383.9,0.8053,1.2622,0.009298,Apollo,0,2008,2026-08-01
NEO-103051,(NEO-103051) 1998 SL12,0.6811,18.08,0.251358,37602615.8,15.92,0.4564,1.3971,3.84,603.2,0.7595,2.0347,0.231132,Apollo,0,1998,2025-09-12
PHA-300682,(PHA-300682) 2019 EQ37,0.2606,29.13,0.041698,6237919.0,18.05,0.2926,1.4206,9.6,618.4,1.0049,1.8362,0.044815,Apollo,1,2019,2042-08-23
NEO-102042,(NEO-102042) 1998 LM8,0.0369,22.92,0.00367,549049.8,23.73,0.3275,1.2936,24.75,537.4,0.87,1.7173,0.00473,Apollo,0,1998,2031-01-21
NEO-100562,(NEO-100562) 2021 DS75,0.1244,14.81,0.113103,16919923.9,24.45,0.3685,1.3012,11.91,542.2,0.8217,1.7808,0.090025,Apollo,0,2021,2026-11-10
NEO-101021,(NEO-101021) 1991 EC70,0.5325,14.15,0.414306,61979247.6,16.93,0.2824,2.7796,12.36,1692.6,1.9945,3.5646,0.332896,Atira,0,1991,2040-06-27
NEO-103722,(NEO-103722) 2012 QZ57,0.8256,6.13,0.247389,37008811.9,15.76,0.1474,2.2668,0.72,1246.5,1.9326,2.6009,0.249818,Atira,0,2012,2044-05-24
NEO-103057,(NEO-103057) 1998 JX98,0.0374,20.12,0.175177,26206085.8,23.01,0.7,2.051,9.29,1072.8,0.6153,3.4867,0.179549,Apollo,0,1998,2036-07-02
NEO-100775,(NEO-100775) 2025 SM57,0.0371,5.26,0.046151,6904125.0,22.79,0.3411,1.3677,15.69,584.2,0.9013,1.8342,0.038455,Apollo,0,2025,2031-10-27
NEO-103504,(NEO-103504) 1997 GK88,0.0451,14.97,0.00668,999335.9,23.71,0.1816,1.1519,7.47,451.5,0.9427,1.361,0.008273,Apollo,0,1997,2032-11-06
PHA-300691,(PHA-300691) 2009 ZQ63,0.3099,26.24,0.002301,344233.2,18.55,0.15,2.1456,22.94,1147.9,1.8237,2.4674,0.001398,Apollo,1,2009,2037-01-24
NEO-102876,(NEO-102876) 2017 HP21,0.15,22.7,0.251164,37573651.2,19.75,0.1174,1.5844,3.33,728.4,1.3983,1.7705,0.203846,Atira,0,2017,2025-11-03
NEO-102204,(NEO-102204) 2005 PB77,0.0686,17.76,0.053544,8010004.9,25.5,0.1272,1.6114,0.1,747.1,1.4064,1.8163,0.052098,Atira,0,2005,2040-09-03
NEO-102145,(NEO-102145) 2017 SK59,0.0254,6.66,0.015624,2337384.8,28.4,0.2665,1.0888,3.13,415.0,0.7986,1.379,0.01223,Apollo,0,2017,2037-05-12
NEO-103435,(NEO-103435) 2001 VS61,1.539,14.97,0.14089,21076841.4,14.73,0.1433,1.325,0.81,557.1,1.1351,1.515,0.143702,Amor,0,2001,2025-03-11
NEO-100884,(NEO-100884) 1991 FO29,0.005,31.09,0.164626,24627743.8,22.61,0.5309,0.9707,20.92,349.3,0.4553,1.4861,0.212833,Aten,0,1991,2036-10-21
NEO-102129,(NEO-102129) 1991 ES98,0.0405,13.58,0.014042,2100706.3,30.17,0.2431,1.8463,9.75,916.3,1.3975,2.2951,0.01757,Atira,0,1991,2035-11-12
PHA-300444,(PHA-300444) 2012 AT54,0.2348,29.72,0.006947,1039214.7,18.97,0.2312,1.5272,2.25,689.3,1.174,1.8803,0.005256,Apollo,1,2012,2040-09-06
NEO-102044,(NEO-102044) 2022 EJ85,0.0239,33.2,0.024364,3644736.4,25.78,0.1743,1.3387,1.88,565.7,1.1053,1.5721,0.028593,Amor,0,2022,2028-02-11
NEO-101216,(NEO-101216) 2025 GU8,0.0254,16.47,0.007023,1050638.2,23.84,0.3426,1.0904,13.78,415.9,0.7169,1.464,0.006585,Apollo,0,2025,2031-11-02
NEO-103140,(NEO-103140) 2011 EA63,0.0248,15.0,0.299604,44820105.3,22.65,0.4273,1.7203,21.91,824.1,0.9852,2.4553,0.388055,Apollo,0,2011,2044-03-19
NEO-101491,(NEO-101491) 2019 KV32,0.0772,14.49,0.033269,4976904.5,22.9,0.7084,1.426,2.41,621.9,0.4158,2.4361,0.025029,Apollo,0,2019,2037-03-04
PHA-300599,(PHA-300599) 2005 RD13,0.9485,23.23,0.009134,1366360.7,16.22,0.655,1.1871,36.82,472.4,0.4096,1.9646,0.005885,Apollo,1,2005,2044-01-10
PHA-300157,(PHA-300157) 2020 FA84,0.1492,20.32,0.035025,5239621.6,19.62,0.309,1.2988,1.91,540.6,0.8974,1.7001,0.028642,Apollo,1,2020,2025-07-26
PHA-300720,(PHA-300720) 2011 AA28,0.5681,27.5,0.0023,344090.8,17.15,0.3073,1.4723,12.69,652.5,1.0199,1.9247,0.001384,Apollo,1,2011,2038-02-16
NEO-103247,(NEO-103247) 2020 BU93,0.0484,13.17,0.004767,713133.1,23.21,0.0513,0.9887,18.74,359.1,0.938,1.0394,0.004955,Aten,0,2020,2027-08-27
NEO-102534,(NEO-102534) 2020 BM68,1.6949,15.51,0.163799,24503990.3,15.01,0.2348,2.3802,0.5,1341.2,1.8213,2.9391,0.129202,Atira,0,2020,2025-05-10
NEO-101250,(NEO-101250) 2023 DQ61,0.005,21.47,0.430664,64426427.5,23.76,0.224,1.3469,10.92,570.9,1.0452,1.6486,0.370818,Amor,0,2023,2037-04-04
NEO-102929,(NEO-102929) 2023 NM49,0.0039,5.73,0.002468,369163.1,23.76,0.4229,1.308,16.43,546.4,0.7549,1.8611,0.002881,Apollo,0,2023,2034-06-10
NEO-100798,(NEO-100798) 2021 ZC26,0.0179,26.64,0.08919,13342615.6,24.74,0.2761,1.296,27.08,538.9,0.9381,1.6539,0.082287,Apollo,0,2021,2040-01-15
PHA-300577,(PHA-300577) 2000 WE48,0.497,24.35,0.003661,547684.1,16.98,0.7072,1.5181,12.06,683.2,0.4446,2.5917,0.003532,Apollo,1,2000,2040-10-09
NEO-100577,(NEO-100577) 1993 DQ16,0.005,20.98,0.425648,63676094.7,24.3,0.6389,1.7427,2.13,840.3,0.6294,2.8561,0.412049,Apollo,0,1993,2034-03-14
NEO-102221,(NEO-102221) 2007 QL89,0.0533,17.65,0.009227,1380353.5,26.89,0.1562,0.8828,2.01,303.0,0.7449,1.0207,0.007892,Aten,0,2007,2030-04-25
NEO-102400,(NEO-102400) 1999 JH57,0.0189,10.15,0.012838,1920497.0,22.8,0.1774,1.1882,18.15,473.0,0.9774,1.3989,0.013931,Apollo,0,1999,2032-06-14
NEO-100876,(NEO-100876) 2017 YA97,0.0039,17.63,0.013252,1982497.7,22.58,0.2412,1.8988,3.95,955.7,1.4407,2.3569,0.01289,Atira,0,2017,2029-10-07
NEO-102264,(NEO-102264) 1999 VF38,0.4747,10.32,0.133452,19964171.3,16.98,0.4082,2.6215,3.67,1550.3,1.5514,3.6915,0.097179,Atira,0,1999,2036-11-15
NEO-103392,(NEO-103392) 2021 WA5,0.3557,8.46,0.116426,17417024.5,18.16,0.148,1.4639,14.62,646.9,1.2472,1.6805,0.091788,Amor,0,2021,2044-02-07
NEO-102157,(NEO-102157) 2012 JL36,0.0265,15.7,0.00395,590929.8,22.94,0.4826,1.1456,0.1,447.8,0.5928,1.6983,0.004395,Apollo,0,2012,2034-11-19
PHA-300030,(PHA-300030) 2024 SN5,0.4283,25.63,0.008631,1291108.4,17.35,0.2891,0.9562,0.55,341.5,0.6798,1.2326,0.00891,Aten,1,2024,2041-05-05
NEO-100555,(NEO-100555) 2022 ZP75,0.0202,16.96,0.00525,785373.4,22.99,0.1304,1.3863,0.51,596.2,1.2055,1.567,0.006002,Amor,0,2022,2044-06-07
NEO-101265,(NEO-101265) 2021 PV54,0.0135,20.74,0.003468,518796.5,23.15,0.2284,1.3851,18.8,595.4,1.0687,1.7015,0.003667,Amor,0,2021,2043-08-26
NEO-101351,(NEO-101351) 2025 DZ79,0.0248,18.83,0.033795,5055587.8,24.12,0.3696,1.1396,6.75,444.3,0.7184,1.5607,0.032584,Apollo,0,2025,2040-12-05
NEO-102393,(NEO-102393) 2000 KT5,0.0103,23.74,0.015146,2265844.4,23.45,0.4873,1.1186,22.98,432.1,0.5735,1.6638,0.017425,Apollo,0,2000,2039-08-14
NEO-102061,(NEO-102061) 2025 BQ29,0.002,25.19,0.048589,7268862.2,24.42,0.0541,1.8983,1.45,955.3,1.7956,2.0009,0.037758,Atira,0,2025,2029-02-27
NEO-103250,(NEO-103250) 1995 ZO62,0.0034,11.67,0.000864,129181.6,25.53,0.3557,1.1594,1.53,456.0,0.747,1.5717,0.000987,Apollo,0,1995,2037-03-25
NEO-102807,(NEO-102807) 2007 OQ83,0.0424,14.68,0.300594,44968178.8,24.77,0.5527,1.7125,33.8,818.5,0.766,2.6589,0.248381,Apollo,0,2007,2041-03-19
NEO-101833,(NEO-101833) 2015 RD17,1.4929,15.79,0.152412,22800490.1,15.06,0.0921,1.494,17.89,667.0,1.3564,1.6315,0.14386,Atira,0,2015,2040-02-25
NEO-102356,(NEO-102356) 1995 DR76,0.135,14.22,0.0001,14959.8,25.69,0.5646,1.0475,4.75,391.6,0.456,1.639,0.000107,Apollo,0,1995,2029-08-02
NEO-101252,(NEO-101252) 2003 QN55,1.2359,9.65,0.193576,28958483.4,14.78,0.2959,1.8083,8.94,888.2,1.2733,2.3433,0.140092,Amor,0,2003,2037-04-11
PHA-300431,(PHA-300431) 2023 XB50,0.1727,32.88,0.001503,224788.8,19.75,0.6652,1.05,15.91,393.0,0.3515,1.7485,0.000998,Apollo,1,2023,2030-11-17
NEO-102940,(NEO-102940) 1995 TJ4,0.13,19.52,0.278401,41648197.9,24.63,0.4911,1.2428,12.17,506.0,0.6324,1.8531,0.336132,Apollo,0,1995,2027-01-07
NEO-101227,(NEO-101227) 2023 DS31,0.3134,14.06,0.145843,21817838.9,17.76,0.2321,2.3119,0.54,1283.9,1.7752,2.8486,0.130853,Atira,0,2023,2039-04-19
NEO-101717,(NEO-101717) 2017 RM25,0.1272,18.88,0.407822,61009365.9,24.74,0.308,1.8589,5.56,925.7,1.2864,2.4315,0.330623,Amor,0,2017,2027-01-04
NEO-102482,(NEO-102482) 2020 VK51,0.0953,4.0,0.008941,1337627.2,23.97,0.4452,2.3049,6.21,1278.1,1.2789,3.331,0.010378,Amor,0,2020,2030-11-17
NEO-100477,(NEO-100477) 1992 VC91,0.1062,12.74,0.155862,23316659.4,24.21,0.7,0.8,13.57,261.4,0.24,1.36,0.190834,Aten,0,1992,2032-03-21
NEO-100957,(NEO-100957) 2024 XA82,0.0202,5.0,0.060711,9082266.0,23.97,0.4227,0.9888,3.16,359.1,0.5708,1.4068,0.047433,Aten,0,2024,2039-12-03
NEO-103800,(NEO-103800) 1992 YE34,0.0022,16.01,0.039891,5967646.5,25.34,0.2997,0.7051,4.52,216.3,0.4938,0.9164,0.030223,Atira,0,1992,2029-12-05
NEO-102606,(NEO-102606) 1993 EF22,0.002,25.53,0.001467,219471.8,25.3,0.6373,1.0012,3.1,365.9,0.3631,1.6393,0.001378,Apollo,0,1993,2042-03-22
NEO-100480,(NEO-100480) 2018 XK32,0.0298,10.76,0.075069,11230237.0,24.02,0.2947,1.2007,12.08,480.5,0.8469,1.5545,0.05379,Apollo,0,2018,2032-08-23
PHA-300226,(PHA-300226) 2021 QQ62,0.3563,19.63,0.013147,1966750.9,17.68,0.3732,1.2065,5.94,484.0,0.7562,1.6568,0.010384,Apollo,1,2021,2040-03-10
NEO-101775,(NEO-101775) 2020 UJ91,0.0523,6.06,0.003347,500759.5,22.48,0.6348,1.3449,0.41,569.7,0.4911,2.1987,0.004143,Apollo,0,2020,2026-09-06
PHA-300510,(PHA-300510) 1999 CZ47,0.8669,27.81,0.032118,4804843.7,16.27,0.3231,1.1556,5.14,453.7,0.7822,1.529,0.031101,Apollo,1,1999,2044-10-11
NEO-101749,(NEO-101749) 1997 WS12,0.0336,12.18,0.024633,3685058.9,22.25,0.5797,1.1729,4.51,464.0,0.493,1.8528,0.029379,Apollo,0,1997,2032-08-20
NEO-102456,(NEO-102456) 2019 TX46,0.135,26.79,0.029692,4441870.9,29.41,0.4658,1.7929,1.7,876.9,0.9578,2.628,0.033121,Apollo,0,2019,2044-07-15
NEO-102362,(NEO-102362) 2023 QE55,1.1872,11.22,0.153772,23003908.6,15.78,0.2276,1.1,3.62,421.4,0.8496,1.3504,0.114634,Apollo,0,2023,2040-10-27
NEO-101944,(NEO-101944) 1997 JX72,0.0459,7.48,0.218773,32728009.3,24.7,0.5813,0.9262,17.41,325.6,0.3878,1.4647,0.253996,Aten,0,1997,2038-02-25
PHA-300725,(PHA-300725) 2000 WA83,0.9471,13.06,0.00406,607404.1,15.43,0.3965,1.3455,5.35,570.1,0.812,1.879,0.002553,Apollo,1,2000,2032-02-07
NEO-103696,(NEO-103696) 2023 XY63,0.006,12.41,0.101827,15233074.2,24.19,0.6741,1.7212,21.82,824.8,0.561,2.8815,0.107093,Apollo,0,2023,2035-10-09
NEO-101282,(NEO-101282) 2020 DE35,0.13,12.38,0.167649,25079874.0,23.41,0.3423,2.4878,23.63,1433.2,1.6362,3.3394,0.185167,Atira,0,2020,2037-10-17
NEO-101855,(NEO-101855) 1992 LC92,0.0361,17.61,0.214176,32040313.3,23.67,0.4266,1.2997,6.09,541.2,0.7453,1.8541,0.265115,Apollo,0,1992,2031-04-24
NEO-102405,(NEO-102405) 2025 YU32,0.0232,21.09,0.02937,4393694.5,22.58,0.2724,1.3907,11.86,599.0,1.0119,1.7695,0.02908,Apollo,0,2025,2031-01-17
NEO-101937,(NEO-101937) 2007 XM31,0.0527,10.16,0.040571,6069303.8,23.79,0.4328,1.2519,1.92,511.6,0.7101,1.7936,0.043827,Apollo,0,2007,2036-01-05
PHA-300582,(PHA-300582) 2015 NS66,0.3078,14.0,0.011957,1788689.3,18.34,0.15,1.3426,22.86,568.2,1.1412,1.5439,0.012378,Apollo,1,2015,2040-03-15
NEO-100479,(NEO-100479) 1995 HP59,1.046,10.17,0.099367,14865102.5,15.21,0.177,1.8895,0.5,948.6,1.555,2.2239,0.122913,Atira,0,1995,2035-04-12
NEO-100563,(NEO-100563) 2017 YT21,0.135,23.3,0.019178,2868995.6,25.54,0.2134,1.7978,6.3,880.4,1.4141,2.1815,0.021768,Atira,0,2017,2040-10-25
NEO-103688,(NEO-103688) 2002 GD69,0.1023,19.02,0.077812,11640437.2,24.21,0.5155,1.4789,21.36,656.9,0.7166,2.2412,0.067826,Apollo,0,2002,2029-02-18
NEO-103526,(NEO-103526) 2023 SD69,0.1183,22.99,0.292243,43718998.1,24.69,0.3103,1.2129,5.72,487.9,0.8365,1.5893,0.346129,Apollo,0,2023,2038-03-09
NEO-102843,(NEO-102843) 2013 BU24,0.0772,17.8,0.333299,49860749.8,24.97,0.061,1.6796,4.39,795.1,1.5772,1.7821,0.364798,Atira,0,2013,2036-06-17
NEO-101066,(NEO-101066) 1994 WF62,0.0068,13.75,0.040068,5994065.6,23.53,0.5295,1.5939,0.42,735.0,0.7499,2.4379,0.031455,Apollo,0,1994,2027-12-06
NEO-102163,(NEO-102163) 2022 BL97,0.3111,13.11,0.197955,29613710.3,18.01,0.1153,2.284,6.86,1260.8,2.0206,2.5475,0.164623,Atira,0,2022,2036-02-08
NEO-103903,(NEO-103903) 2022 ZW67,0.0595,16.21,0.027899,4173627.6,24.07,0.2463,1.1562,5.59,454.1,0.8714,1.441,0.022441,Apollo,0,2022,2031-08-22
NEO-102473,(NEO-102473) 2014 LA11,0.0383,16.56,0.065385,9781471.1,30.03,0.4015,0.9799,19.94,354.3,0.5865,1.3733,0.065475,Aten,0,2014,2041-03-01
NEO-100080,(NEO-100080) 1999 HR58,0.0076,19.44,0.060391,9034297.4,23.82,0.1644,1.2181,2.78,491.0,1.0178,1.4184,0.074821,Amor,0,1999,2042-01-17
NEO-103605,(NEO-103605) 2018 EH58,0.0378,26.99,0.003372,504504.1,23.19,0.2423,1.8466,2.95,916.6,1.3993,2.294,0.00265,Atira,0,2018,2032-12-04
NEO-100455,(NEO-100455) 2007 NL88,2.6063,4.2,0.123392,18459211.4,13.9,0.5298,1.5694,14.39,718.1,0.7379,2.401,0.149741,Apollo,0,2007,2027-04-02
NEO-100109,(NEO-100109) 2002 WG22,0.3653,18.94,0.068782,10289669.2,18.5,0.485,3.0689,10.97,1963.7,1.5806,4.5573,0.079151,Atira,0,2002,2028-01-03
NEO-103881,(NEO-103881) 1994 NX89,0.0103,11.25,0.028057,4197252.9,27.28,0.1297,1.9981,2.59,1031.6,1.739,2.2572,0.033069,Atira,0,1994,2028-04-23
NEO-101484,(NEO-101484) 2006 RY82,0.7445,17.44,0.113969,17049495.3,16.29,0.0704,1.6344,1.04,763.2,1.5194,1.7494,0.081579,Atira,0,2006,2028-03-12
NEO-100731,(NEO-100731) 2005 JX15,0.005,28.62,0.06423,9608609.9,22.49,0.4278,1.1474,6.48,448.9,0.6565,1.6383,0.057301,Apollo,0,2005,2038-11-08
NEO-103532,(NEO-103532) 2020 SQ22,0.0502,23.78,0.244665,36601307.2,22.62,0.5753,1.8196,1.67,896.5,0.7728,2.8664,0.270529,Apollo,0,2020,2028-02-22
NEO-102366,(NEO-102366) 2008 ZX27,0.0235,17.97,0.00342,511637.3,22.5,0.2855,1.3014,14.14,542.2,0.9298,1.673,0.004133,Apollo,0,2008,2035-08-20
NEO-103443,(NEO-103443) 2003 WD84,0.6305,8.47,0.187206,28005555.7,16.45,0.1343,1.6918,7.12,803.7,1.4645,1.919,0.221064,Atira,0,2003,2027-01-13
PHA-300696,(PHA-300696) 1999 DK31,0.2602,29.82,0.008318,1244399.4,18.3,0.3606,1.0749,0.2,407.1,0.6873,1.4625,0.00548,Apollo,1,1999,2026-03-04
NEO-103683,(NEO-103683) 1994 TP91,0.0311,11.5,0.003367,503696.4,24.94,0.1663,1.332,4.78,561.5,1.1104,1.5536,0.003849,Amor,0,1994,2031-03-26
NEO-102246,(NEO-102246) 2023 GL12,2.2874,13.06,0.126882,18981335.6,13.93,0.2371,1.936,0.5,983.9,1.477,2.395,0.145611,Atira,0,2023,2038-07-25
PHA-300735,(PHA-300735) 2005 ME94,0.3858,21.16,0.006021,900787.2,17.82,0.738,1.6922,2.62,804.0,0.4434,2.9411,0.005672,Apollo,1,2005,2042-02-13
NEO-102770,(NEO-102770) 2001 YT55,0.016,25.21,0.030007,4489037.1,26.67,0.5219,0.8149,0.64,268.7,0.3896,1.2402,0.03011,Aten,0,2001,2035-06-23
NEO-101115,(NEO-101115) 1990 KL91,0.0037,21.44,0.018776,2808886.7,23.14,0.4037,1.0398,14.78,387.3,0.62,1.4596,0.014128,Apollo,0,1990,2027-02-06
NEO-103402,(NEO-103402) 2021 WU74,0.065,26.03,0.046593,6970202.3,24.29,0.3882,1.4807,1.0,658.1,0.9059,2.0555,0.039664,Apollo,0,2021,2036-05-13
NEO-102038,(NEO-102038) 2004 FA18,0.0312,8.45,0.010904,1631282.8,22.47,0.2658,1.5958,0.1,736.3,1.1717,2.02,0.00851,Amor,0,2004,2028-11-22
NEO-102888,(NEO-102888) 2011 FN48,0.0533,10.87,0.096711,14467834.5,24.51,0.5414,1.9367,0.55,984.4,0.8882,2.9852,0.08866,Apollo,0,2011,2031-04-06
PHA-300503,(PHA-300503) 1996 ZG72,0.9294,11.83,0.029797,4457504.4,16.26,0.2649,1.136,16.68,442.2,0.8351,1.4369,0.02421,Apollo,1,1996,2029-04-13
PHA-300071,(PHA-300071) 2014 FT57,0.14,31.88,0.024656,3688489.8,19.66,0.5275,1.0318,6.06,382.8,0.4875,1.5761,0.021491,Apollo,1,2014,2038-09-17
NEO-103953,(NEO-103953) 2024 SU97,0.13,21.15,0.050954,7622556.0,24.0,0.2823,1.2228,40.0,493.9,0.8776,1.5681,0.055396,Apollo,0,2024,2025-06-07
NEO-100484,(NEO-100484) 2010 HL20,0.051,11.43,0.320936,48011403.0,23.15,0.6341,1.5337,5.36,693.8,0.5612,2.5063,0.256144,Apollo,0,2010,2031-11-24
NEO-103546,(NEO-103546) 2024 HH66,0.0625,9.44,0.039112,5851142.7,25.11,0.6983,1.4075,1.56,609.9,0.4247,2.3904,0.046484,Apollo,0,2024,2026-02-09
NEO-100090,(NEO-100090) 2008 FY45,0.0219,27.02,0.033996,5085718.3,31.5,0.3918,1.2037,18.21,482.3,0.7321,1.6752,0.029681,Apollo,0,2008,2041-03-07
NEO-102628,(NEO-102628) 2015 RF90,0.026,16.02,0.101841,15235260.8,22.34,0.6747,1.0576,8.4,397.3,0.3441,1.7712,0.097949,Apollo,0,2015,2026-08-09
NEO-103790,(NEO-103790) 2005 XV95,0.0064,29.36,0.014526,2172991.0,27.14,0.4827,1.0773,14.15,408.4,0.5573,1.5974,0.012805,Apollo,0,2005,2033-06-15
NEO-102332,(NEO-102332) 1995 LT16,0.048,11.88,0.026557,3972807.8,28.29,0.2792,0.9076,0.32,315.8,0.6542,1.161,0.030117,Aten,0,1995,2039-01-21
NEO-101374,(NEO-101374) 2008 VZ55,0.06,13.57,0.015843,2370073.4,29.77,0.75,1.4204,6.98,618.3,0.3551,2.4857,0.011409,Apollo,0,2008,2032-12-18
PHA-300764,(PHA-300764) 2008 CO24,0.8361,22.35,0.015062,2253262.2,16.71,0.2209,1.7032,4.27,811.9,1.327,2.0793,0.010323,Apollo,1,2008,2039-02-24
PHA-300319,(PHA-300319) 2011 DH81,0.2515,16.9,0.021278,3183216.0,17.93,0.6375,1.1069,11.22,425.3,0.4012,1.8125,0.023272,Apollo,1,2011,2033-09-21
NEO-101230,(NEO-101230) 2024 GT12,0.0286,18.18,0.007201,1077197.9,25.94,0.3479,1.5113,0.53,678.6,0.9856,2.0371,0.005279,Apollo,0,2024,2035-10-03
NEO-101177,(NEO-101177) 2017 NQ21,1.0454,30.0,0.118149,17674788.1,14.99,0.55,2.3205,21.0,1291.1,1.0442,3.5967,0.097188,Amor,0,2017,2030-02-27
NEO-100119,(NEO-100119) 2004 KL73,0.428,11.34,0.346002,51761233.6,17.03,0.2841,1.1,13.58,421.4,0.7874,1.4126,0.420764,Apollo,0,2004,2041-09-12
PHA-300812,(PHA-300812) 2001 UR80,0.378,18.12,0.018723,2800868.1,17.66,0.2356,0.8624,25.36,292.5,0.6592,1.0656,0.018369,Aten,1,2001,2029-02-28
NEO-103527,(NEO-103527) 2000 XP5,0.0151,5.49,0.009647,1443130.6,23.97,0.2827,1.4498,9.03,637.6,1.04,1.8596,0.008485,Amor,0,2000,2035-10-16
NEO-100085,(NEO-100085) 2009 XC1,0.6521,19.78,0.059068,8836403.0,16.16,0.1736,2.2065,0.71,1197.2,1.8234,2.5897,0.073908,Atira,0,2009,2028-07-07
NEO-101692,(NEO-101692) 2000 AR89,0.1684,12.95,0.177204,26509310.1,19.55,0.4212,1.7465,6.31,843.1,1.0109,2.4822,0.184058,Apollo,0,2000,2044-11-27
PHA-300171,(PHA-300171) 2011 DQ52,0.6311,25.88,0.014781,2211266.2,16.25,0.5741,1.7709,1.89,860.7,0.7541,2.7876,0.009595,Apollo,1,2011,2030-01-15
PHA-300154,(PHA-300154) 2015 UT83,0.338,26.44,0.012491,1868641.4,18.03,0.5699,1.3938,4.39,601.0,0.5994,2.1881,0.007822,Apollo,1,2015,2033-02-05
NEO-100699,(NEO-100699) 2018 FS22,0.002,17.52,0.065369,9779094.0,22.73,0.2285,1.3224,3.5,555.4,1.0202,1.6245,0.082079,Amor,0,2018,2034-08-20
PHA-300441,(PHA-300441) 2008 UK93,0.7096,25.35,0.009465,1415897.6,16.15,0.1918,1.5029,1.99,673.0,1.2147,1.7911,0.008082,Apollo,1,2008,2038-03-05
NEO-101714,(NEO-101714) 2005 MX11,0.1044,25.02,0.422143,63151746.1,25.48,0.6311,0.8481,3.39,285.3,0.3129,1.3833,0.42819,Aten,0,2005,2036-09-17
NEO-102997,(NEO-102997) 2017 MN67,0.8692,13.94,0.204387,30575876.3,15.88,0.55,2.5992,15.08,1530.5,1.1696,4.0287,0.170896,Amor,0,2017,2042-01-12
NEO-103762,(NEO-103762) 2015 AR19,0.0152,13.23,0.002684,401587.6,23.09,0.1295,1.4765,18.72,655.3,1.2853,1.6678,0.003423,Amor,0,2015,2031-06-03
NEO-100487,(NEO-100487) 2011 QS16,0.0522,10.29,0.008013,1198715.8,24.84,0.2646,1.4957,0.92,668.1,1.0998,1.8915,0.008238,Amor,0,2011,2038-06-03
NEO-102325,(NEO-102325) 2020 FH56,0.1221,28.76,0.054027,8082328.1,27.54,0.3676,1.4511,4.48,638.5,0.9177,1.9845,0.067243,Apollo,0,2020,2036-09-03
NEO-100287,(NEO-100287) 1993 XV68,0.1116,20.44,0.357516,53483590.2,23.02,0.1474,1.5092,10.68,677.2,1.2868,1.7316,0.34669,Amor,0,1993,2027-12-05
NEO-103545,(NEO-103545) 1996 RQ68,1.2662,10.39,0.089804,13434433.2,15.25,0.0807,1.7306,36.7,831.6,1.591,1.8702,0.071457,Atira,0,1996,2040-10-01
NEO-102665,(NEO-102665) 2003 XB79,0.013,11.2,0.002713,405910.4,28.6,0.3037,1.1793,12.45,467.8,0.8212,1.5374,0.003179,Apollo,0,2003,2041-06-06
NEO-100463,(NEO-100463) 2018 TZ63,2.29,13.96,0.560335,83824884.8,13.69,0.1611,1.857,10.34,924.3,1.5578,2.1562,0.495369,Atira,0,2018,2034-10-09
NEO-103921,(NEO-103921) 2000 CE64,0.0024,9.04,0.009801,1466240.7,23.4,0.3427,1.0866,4.32,413.7,0.7142,1.459,0.012038,Apollo,0,2000,2030-12-26
NEO-103639,(NEO-103639) 2004 XY28,0.0935,16.09,0.260447,38962247.5,23.47,0.4798,1.7839,15.14,870.2,0.9279,2.6398,0.226027,Apollo,0,2004,2028-10-22
NEO-103337,(NEO-103337) 1997 LG83,0.0618,21.06,0.402877,60269474.0,24.0,0.4996,1.5907,3.16,732.8,0.796,2.3854,0.282755,Apollo,0,1997,2044-05-27
NEO-103109,(NEO-103109) 1995 JP73,0.0396,17.22,0.041687,6236254.6,28.99,0.4392,1.7716,3.28,861.2,0.9934,2.5497,0.054127,Apollo,0,1995,2041-08-07
NEO-102476,(NEO-102476) 2011 YM55,0.0259,21.91,0.000836,124992.1,23.52,0.1342,0.7154,4.77,221.0,0.6194,0.8114,0.00103,Atira,0,2011,2036-04-26
NEO-102486,(NEO-102486) 2010 PJ32,0.0546,9.13,0.051806,7750013.2,25.36,0.3704,1.8163,1.11,894.1,1.1436,2.4891,0.047577,Amor,0,2010,2042-08-05
NEO-103554,(NEO-103554) 2012 GX52,0.0436,27.9,0.013007,1945807.7,24.24,0.6036,1.6321,3.29,761.5,0.647,2.6171,0.014254,Apollo,0,2012,2026-12-27
NEO-102301,(NEO-102301) 2018 SY51,0.036,30.74,0.443713,66378452.2,23.86,0.2831,2.1828,40.0,1177.9,1.5649,2.8007,0.548911,Atira,0,2018,2036-12-02
PHA-300317,(PHA-300317) 2024 BM15,0.8837,22.0,0.002585,386718.9,15.29,0.405,1.1951,2.59,477.2,0.7111,1.679,0.001827,Apollo,1,2024,2029-10-09
NEO-100966,(NEO-100966) 1998 XO80,0.0126,12.54,0.054831,8202655.4,22.29,0.2738,2.2594,10.03,1240.4,1.6407,2.878,0.057583,Atira,0,1998,2031-05-04
NEO-101666,(NEO-101666) 2003 GS57,0.036,19.81,0.032736,4897177.0,24.97,0.5693,1.3989,2.01,604.3,0.6024,2.1953,0.024972,Apollo,0,2003,2043-04-23
NEO-101182,(NEO-101182) 1991 ZK73,0.0177,21.5,0.02633,3938902.9,24.17,0.3419,1.6576,13.17,779.5,1.0908,2.2244,0.033854,Amor,0,1991,2035-02-28
NEO-101183,(NEO-101183) 2015 NN45,0.1316,31.17,0.012885,1927606.7,23.51,0.2825,1.4671,1.55,649.1,1.0526,1.8816,0.016285,Amor,0,2015,2040-01-09
NEO-101034,(NEO-101034) 2023 TB59,0.0715,13.31,0.349458,52278159.3,24.26,0.5699,1.4104,0.95,611.8,0.6067,2.2142,0.434463,Apollo,0,2023,2043-09-04
NEO-103678,(NEO-103678) 1999 GB82,0.0023,29.12,0.030995,4636728.9,24.79,0.1984,0.7,0.43,213.9,0.5611,0.8389,0.035763,Atira,0,1999,2038-11-12
PHA-300302,(PHA-300302) 2010 NN91,0.5751,26.87,0.05,7479893.5,16.66,0.82,1.6293,9.22,759.6,0.2933,2.9653,0.033019,Apollo,1,2010,2026-02-13
NEO-100008,(NEO-100008) 1993 WR22,0.0199,28.24,0.036606,5476108.1,23.77,0.1482,0.9081,9.77,316.1,0.7736,1.0427,0.037426,Aten,0,1993,2033-11-06
NEO-102255,(NEO-102255) 2004 ZR51,0.0125,12.3,0.035468,5306006.1,23.04,0.5913,0.8931,3.61,308.3,0.365,1.4213,0.036944,Aten,0,2004,2040-09-11
NEO-103710,(NEO-103710) 2021 QJ44,0.0024,19.86,0.071719,10729046.9,23.37,0.2986,0.7285,9.64,227.1,0.511,0.9461,0.076533,Atira,0,2021,2028-03-11
NEO-102638,(NEO-102638) 2011 JQ64,0.5188,20.95,0.121052,18109086.3,17.21,0.3978,1.4471,23.9,635.8,0.8714,2.0228,0.107985,Apollo,0,2011,2026-01-03
NEO-100377,(NEO-100377) 2001 PV84,0.13,12.94,0.425618,63671485.8,24.88,0.5579,1.274,0.38,525.2,0.5633,1.9848,0.545503,Apollo,0,2001,2037-10-20
NEO-103393,(NEO-103393) 2000 CD95,0.0218,11.43,0.032966,4931644.6,23.05,0.3458,1.0612,3.29,399.3,0.6942,1.4282,0.042675,Apollo,0,2000,2038-11-05
NEO-102723,(NEO-102723) 2009 MQ61,0.0035,6.62,0.033812,5058213.0,26.79,0.2406,1.2459,1.4,508.0,0.9462,1.5457,0.041614,Apollo,0,2009,2033-03-12
NEO-103476,(NEO-103476) 1990 BQ92,0.09,23.67,0.013286,1987498.2,22.56,0.088,0.9466,14.87,336.4,0.8634,1.0299,0.014729,Aten,0,1990,2037-11-12
NEO-101310,(NEO-101310) 2003 XR65,0.0034,21.75,0.011533,1725251.6,22.5,0.2012,1.207,7.79,484.4,0.9642,1.4499,0.008546,Apollo,0,2003,2036-02-09
NEO-102627,(NEO-102627) 2011 LG69,1.9109,11.95,0.087778,13131367.1,14.07,0.05,2.8051,3.68,1716.0,2.6647,2.9455,0.078663,Atira,0,2011,2029-07-20
NEO-101385,(NEO-101385) 1996 TO68,0.0226,26.18,0.020319,3039708.0,25.71,0.317,1.5394,3.12,697.6,1.0513,2.0275,0.01499,Amor,0,1996,2043-06-28
NEO-101077,(NEO-101077) 2001 XN74,0.1136,21.11,0.247972,37096140.0,25.27,0.2339,1.0167,10.91,374.4,0.7789,1.2545,0.277456,Apollo,0,2001,2043-04-19
NEO-100657,(NEO-100657) 2018 WZ91,0.0222,19.08,0.02089,3125086.1,22.39,0.3516,1.0024,3.48,366.6,0.6499,1.3548,0.019695,Apollo,0,2018,2033-05-13
PHA-300767,(PHA-300767) 2007 SX75,0.4795,29.05,0.028116,4206080.3,17.42,0.1709,1.0867,4.11,413.8,0.901,1.2725,0.024921,Apollo,1,2007,2032-10-13
PHA-300789,(PHA-300789) 1997 BY17,0.6549,30.22,0.040885,6116252.4,16.95,0.4495,2.2026,3.61,1194.0,1.2127,3.1926,0.034423,Apollo,1,1997,2031-01-18
PHA-300044,(PHA-300044) 2024 GD29,0.3333,29.48,0.000614,91843.5,17.66,0.5822,1.0648,16.36,401.3,0.4449,1.6846,0.000402,Apollo,1,2024,2028-08-20
NEO-102148,(NEO-102148) 2020 DP75,0.0479,22.01,0.055429,8292125.3,25.92,0.3136,1.4612,7.37,645.1,1.003,1.9194,0.040197,Apollo,0,2020,2032-09-20
NEO-102511,(NEO-102511) 2024 UP41,0.1327,18.96,0.009953,1488979.8,22.97,0.6866,1.5732,10.66,720.7,0.493,2.6534,0.012481,Apollo,0,2024,2034-03-22
NEO-101096,(NEO-101096) 1998 EE16,0.0402,17.66,0.090479,13535468.4,23.95,0.3865,1.4145,9.87,614.5,0.8679,1.9612,0.105455,Apollo,0,1998,2042-05-04
NEO-103640,(NEO-103640) 2013 TK54,0.0134,18.79,0.066016,9875892.6,23.15,0.2622,0.8047,13.2,263.6,0.5937,1.0156,0.068222,Aten,0,2013,2027-01-08
NEO-103241,(NEO-103241) 2005 KG57,0.0037,19.62,0.07339,10978999.2,22.99,0.1564,0.7,1.3,213.9,0.5905,0.8095,0.056818,Atira,0,2005,2034-06-15
NEO-100877,(NEO-100877) 1998 OF10,0.002,20.39,0.005736,858146.9,23.39,0.3289,1.3379,45.0,565.3,0.898,1.7779,0.004989,Apollo,0,1998,2035-06-06
NEO-102469,(NEO-102469) 2017 EK75,0.062,21.63,0.074443,11136570.6,24.77,0.22,1.7752,40.0,863.9,1.3847,2.1657,0.066079,Atira,0,2017,2034-12-07
NEO-101337,(NEO-101337) 2005 DK51,0.0318,5.38,0.002049,306555.7,24.52,0.1863,1.8047,3.12,885.5,1.4686,2.1409,0.001682,Atira,0,2005,2035-09-25
NEO-100312,(NEO-100312) 1997 QQ76,0.0164,9.89,0.020169,3017236.4,25.98,0.3024,0.7085,0.1,217.8,0.4942,0.9227,0.022035,Atira,0,1997,2029-06-15
NEO-100163,(NEO-100163) 2017 WM32,0.614,15.92,0.189801,28393762.5,16.38,0.306,1.1,2.64,421.4,0.7634,1.4366,0.204038,Apollo,0,2017,2042-10-06
NEO-101725,(NEO-101725) 2016 GK62,0.8866,15.04,0.068478,10244099.2,15.67,0.1929,3.3935,7.91,2283.3,2.7391,4.048,0.068434,Atira,0,2016,2044-09-08
NEO-103238,(NEO-103238) 2006 OC68,0.0108,26.37,0.00598,894650.5,25.51,0.3484,1.2254,0.11,495.4,0.7985,1.6523,0.005963,Apollo,0,2006,2043-12-04
NEO-102233,(NEO-102233) 2015 WJ81,0.0396,13.99,0.155983,23334784.5,24.12,0.5544,1.5589,0.53,710.9,0.6946,2.4233,0.145787,Apollo,0,2015,2039-02-13
NEO-102422,(NEO-102422) 2007 PA32,0.2692,18.4,0.181472,27147872.7,18.17,0.4699,1.8092,1.29,888.8,0.959,2.6594,0.203457,Apollo,0,2007,2038-04-11
NEO-100570,(NEO-100570) 2012 KT94,0.0533,21.54,0.283948,42478035.8,24.44,0.7,2.1236,2.91,1130.3,0.6371,3.6101,0.263157,Apollo,0,2012,2028-11-19
NEO-101813,(NEO-101813) 2016 VW13,0.0645,13.04,0.009853,1474032.8,27.08,0.05,1.0449,0.1,390.1,0.9927,1.0972,0.011961,Apollo,0,2016,2037-10-12
PHA-300758,(PHA-300758) 2014 KY62,0.583,14.26,0.018255,2730978.8,16.9,0.3992,1.1077,5.08,425.8,0.6655,1.5499,0.019873,Apollo,1,2014,2034-02-11
NEO-103695,(NEO-103695) 2011 AL42,0.0814,17.97,0.315486,47196055.5,22.68,0.2672,1.2972,7.49,539.6,0.9505,1.6438,0.270979,Apollo,0,2011,2028-04-01
NEO-102266,(NEO-102266) 2011 MD13,0.005,15.44,0.023924,3579052.1,27.26,0.2704,1.6517,2.34,775.3,1.205,2.0983,0.02414,Amor,0,2011,2027-12-05
NEO-102671,(NEO-102671) 2019 JO26,0.0498,12.65,0.002625,392766.4,27.08,0.3606,0.8538,11.58,288.1,0.5459,1.1617,0.002481,Aten,0,2019,2037-10-16
NEO-102391,(NEO-102391) 2003 TW1,0.0064,16.42,0.050921,7617638.8,22.63,0.1069,0.9188,3.87,321.7,0.8206,1.017,0.058246,Aten,0,2003,2033-11-03
PHA-300275,(PHA-300275) 1996 FR89,0.7952,22.62,0.007617,1139430.7,16.43,0.4752,0.8159,0.66,269.2,0.4282,1.2036,0.007327,Aten,1,1996,2025-01-01
NEO-103915,(NEO-103915) 1998 WT34,0.0242,16.39,0.0001,14959.8,22.83,0.6151,0.9598,19.22,343.4,0.3694,1.5502,0.000123,Aten,0,1998,2029-01-15
PHA-300418,(PHA-300418) 2025 VW98,0.7491,11.0,0.006795,1016546.2,16.02,0.5731,2.0616,11.42,1081.2,0.8802,3.2431,0.006493,Apollo,1,2025,2030-12-26
NEO-103450,(NEO-103450) 1997 LR47,0.0128,18.32,0.022296,3335386.0,24.39,0.3203,2.1314,0.16,1136.5,1.4488,2.814,0.025311,Atira,0,1997,2036-01-11
NEO-101508,(NEO-101508) 2021 KQ61,0.135,14.78,0.113101,16919715.5,28.63,0.6086,1.7348,2.47,834.6,0.679,2.7907,0.098078,Apollo,0,2021,2043-06-11
NEO-101893,(NEO-101893) 2020 WC62,0.0181,20.8,0.005383,805312.5,23.34,0.4611,1.6523,1.0,775.7,0.8904,2.4141,0.006558,Apollo,0,2020,2036-03-09
NEO-101255,(NEO-101255) 2005 UT1,0.036,31.0,0.401938,60129120.9,22.39,0.1428,1.7174,1.57,822.0,1.4721,1.9626,0.415789,Atira,0,2005,2029-12-27
NEO-102565,(NEO-102565) 2015 YE60,0.8754,21.28,0.202359,30272432.0,16.29,0.0732,1.7941,8.43,877.7,1.6628,1.9253,0.192776,Atira,0,2015,2033-09-26
PHA-300712,(PHA-300712) 2008 OF61,0.9326,24.89,0.028745,4300235.3,16.04,0.15,2.1333,16.47,1138.1,1.8133,2.4533,0.031357,Apollo,1,2008,2039-10-03
NEO-100127,(NEO-100127) 2024 XW58,0.0161,13.23,0.029721,4446210.5,23.54,0.1513,1.0592,7.22,398.2,0.8989,1.2195,0.036566,Apollo,0,2024,2025-11-04
NEO-103369,(NEO-103369) 2016 RF71,0.0148,9.95,0.025979,3886464.8,23.35,0.4813,1.2222,1.37,493.5,0.6339,1.8104,0.032404,Apollo,0,2016,2036-10-24
NEO-101438,(NEO-101438) 2024 GB98,0.0112,11.98,0.060556,9058982.0,27.84,0.6503,1.3759,20.62,589.5,0.4812,2.2707,0.064768,Apollo,0,2024,2043-07-27
NEO-100165,(NEO-100165) 2001 UD31,0.0602,17.88,0.050699,7584411.7,23.09,0.1608,0.9998,3.6,365.2,0.8391,1.1606,0.058228,Aten,0,2001,2028-11-22
NEO-102388,(NEO-102388) 1996 ST57,0.0289,15.6,0.022719,3398735.7,25.55,0.3792,1.0266,8.98,379.9,0.6372,1.4159,0.018925,Apollo,0,1996,2044-08-06
NEO-100935,(NEO-100935) 2016 TW92,0.106,25.03,0.413824,61907143.4,23.71,0.7,1.7489,7.12,844.7,0.5247,2.9731,0.447005,Apollo,0,2016,2031-10-27
NEO-102998,(NEO-102998) 1997 ZJ23,0.7811,12.6,0.212181,31741889.3,16.27,0.2374,1.3358,10.16,563.9,1.0187,1.653,0.26456,Amor,0,1997,2032-01-17
PHA-300316,(PHA-300316) 2025 MK5,0.8221,34.98,0.027202,4069426.1,16.08,0.5365,2.4449,0.2,1396.3,1.1333,3.7565,0.023015,Apollo,1,2025,2037-10-19
NEO-101784,(NEO-101784) 2000 EK3,0.3867,8.47,0.549035,82134466.9,16.99,0.3271,2.722,17.34,1640.3,1.8315,3.6124,0.401941,Atira,0,2000,2034-01-22
NEO-100559,(NEO-100559) 2007 ZT6,0.7581,4.87,0.112193,16783783.9,17.16,0.152,1.8342,6.09,907.3,1.5554,2.113,0.08701,Atira,0,2007,2035-10-20
NEO-100900,(NEO-100900) 1999 DO12,0.0167,21.9,0.04692,7019091.7,23.15,0.4308,1.7259,13.02,828.1,0.9823,2.4694,0.056524,Apollo,0,1999,2026-05-19
NEO-100262,(NEO-100262) 2009 RU92,0.0805,19.54,0.013587,2032654.0,22.21,0.5273,1.5555,11.82,708.6,0.7352,2.3757,0.011284,Apollo,0,2009,2042-07-15
NEO-101699,(NEO-101699) 1996 UO89,0.0297,16.98,0.362472,54225083.0,24.29,0.5633,2.2277,29.82,1214.5,0.9728,3.4826,0.357373,Apollo,0,1996,2028-06-23
PHA-300331,(PHA-300331) 2006 WE20,0.2085,28.95,0.018412,2754411.0,18.84,0.5999,1.5398,1.84,697.9,0.6161,2.4635,0.013214,Apollo,1,2006,2036-10-13
NEO-102877,(NEO-102877) 2020 WO46,0.13,20.6,0.107728,16115923.3,22.9,0.2936,1.4669,7.63,648.9,1.0362,1.8975,0.129882,Amor,0,2020,2037-05-09
PHA-300137,(PHA-300137) 2025 JK66,0.5226,15.29,0.002214,331213.6,17.39,0.4356,1.4531,7.17,639.8,0.8201,2.086,0.002246,Apollo,1,2025,2032-02-17
PHA-300678,(PHA-300678) 2012 AD28,0.719,25.33,0.038881,5816540.3,16.28,0.5047,1.668,6.24,786.9,0.8261,2.5099,0.031118,Apollo,1,2012,2032-06-08
NEO-102608,(NEO-102608) 2014 DY36,0.0084,16.67,0.024582,3677455.3,26.11,0.4758,1.0608,6.81,399.1,0.5561,1.5655,0.025424,Apollo,0,2014,2026-12-24
NEO-100283,(NEO-100283) 1997 SE43,0.0259,21.21,0.009373,1402153.1,24.49,0.75,0.9268,3.24,325.9,0.2317,1.6218,0.00965,Aten,0,1997,2028-05-16
NEO-100024,(NEO-100024) 2001 YN66,0.005,13.59,0.392046,58649295.8,24.29,0.2527,1.4093,3.5,611.1,1.0531,1.7655,0.374271,Amor,0,2001,2034-06-05
NEO-100142,(NEO-100142) 1996 ZO86,0.005,16.77,0.131477,19668699.1,24.29,0.2649,1.1698,9.19,462.1,0.8599,1.4796,0.167119,Apollo,0,1996,2028-05-27
NEO-103720,(NEO-103720) 2010 EO2,0.0917,18.76,0.024332,3640053.0,31.5,0.3937,2.1708,7.51,1168.2,1.3162,3.0255,0.028367,Atira,0,2010,2025-12-23
NEO-100668,(NEO-100668) 2000 XS60,1.4714,14.76,0.478825,71631230.3,14.93,0.1683,1.5259,27.73,688.5,1.2691,1.7827,0.556406,Amor,0,2000,2044-03-01
NEO-101379,(NEO-101379) 2014 ZJ16,0.0903,5.79,0.028815,4310682.5,24.11,0.5185,1.2937,3.87,537.5,0.6229,1.9645,0.032579,Apollo,0,2014,2026-12-07
NEO-101889,(NEO-101889) 1996 HC6,0.1209,6.68,0.31914,47742647.7,23.93,0.622,1.6687,2.35,787.3,0.6307,2.7067,0.392128,Apollo,0,1996,2030-10-20
PHA-300651,(PHA-300651) 1998 RD48,0.7932,23.49,0.007754,1160024.6,16.19,0.1895,1.3103,5.12,547.8,1.062,1.5586,0.007066,Apollo,1,1998,2036-10-14
NEO-100178,(NEO-100178) 2021 HN17,1.0614,9.75,0.098759,14774133.4,15.84,0.2064,2.5423,2.81,1480.6,2.0177,3.0669,0.099103,Atira,0,2021,2026-03-07
PHA-300052,(PHA-300052) 2016 VO95,0.3035,33.31,0.033925,5075096.0,18.1,0.5016,1.7965,3.89,879.5,0.8954,2.6975,0.034351,Apollo,1,2016,2027-07-23
PHA-300274,(PHA-300274) 2016 BR78,0.1513,31.36,0.011359,1699334.7,19.75,0.3369,2.0086,3.08,1039.8,1.3318,2.6854,0.007077,Apollo,1,2016,2028-05-07
NEO-101400,(NEO-101400) 1999 FF75,0.0442,20.35,0.025244,3776457.7,25.49,0.3895,1.669,4.35,787.5,1.0189,2.3191,0.026453,Amor,0,1999,2037-05-02
NEO-103699,(NEO-103699) 2021 SH54,0.2845,23.95,0.65,97238616.0,18.22,0.0333,1.9143,12.45,967.4,1.8505,1.9781,0.46423,Atira,0,2021,2032-10-03
NEO-101055,(NEO-101055) 1992 WY40,0.0581,26.81,0.000303,45392.7,22.82,0.4327,2.0612,0.76,1080.9,1.1694,2.9531,0.000342,Amor,0,1992,2030-12-01
NEO-102748,(NEO-102748) 1996 GX64,0.0024,12.27,0.011445,1712100.9,22.94,0.2354,0.7,0.38,213.9,0.5352,0.8648,0.013586,Atira,0,1996,2028-12-18
NEO-103839,(NEO-103839) 1996 FU4,0.7895,10.89,0.108633,16251339.7,16.17,0.0624,1.5014,6.09,671.9,1.4077,1.5951,0.10899,Atira,0,1996,2034-12-26
NEO-100379,(NEO-100379) 1993 ET32,0.2877,14.44,0.156229,23371528.4,17.88,0.3588,1.6454,5.17,770.9,1.0551,2.2357,0.186123,Amor,0,1993,2037-07-25
NEO-101166,(NEO-101166) 2004 PO69,0.0631,21.37,0.024427,3654205.8,23.98,0.4025,1.5253,1.29,688.1,0.9114,2.1392,0.021825,Apollo,0,2004,2041-10-03
PHA-300014,(PHA-300014) 2022 OV6,0.4145,20.24,0.008753,1309468.3,17.83,0.2811,1.7997,26.14,881.8,1.2938,2.3055,0.008298,Apollo,1,2022,2032-08-18
NEO-103836,(NEO-103836) 1994 EW62,0.0141,23.95,0.019149,2864714.9,23.05,0.4131,0.8119,19.41,267.2,0.4765,1.1473,0.022006,Aten,0,1994,2027-02-25
NEO-102991,(NEO-102991) 1991 HO12,0.1184,20.55,0.389621,58286447.4,22.55,0.2527,1.9069,0.2,961.8,1.4251,2.3887,0.31567,Atira,0,1991,2033-10-10
NEO-103107,(NEO-103107) 2017 XM2,0.0308,20.25,0.009431,1410874.4,24.72,0.5369,0.7359,9.41,230.6,0.3408,1.1311,0.007069,Aten,0,2017,2036-09-19
PHA-300752,(PHA-300752) 2002 WU89,0.3666,27.89,0.009263,1385751.3,17.12,0.4748,1.1039,10.86,423.6,0.5798,1.628,0.008548,Apollo,1,2002,2029-05-02
NEO-100051,(NEO-100051) 2018 ZO78,0.0026,14.24,0.044531,6661722.0,29.38,0.2104,1.3691,1.8,585.1,1.0811,1.6572,0.034847,Amor,0,2018,2025-01-05
NEO-103732,(NEO-103732) 2012 XE42,2.192,13.81,0.162516,24312013.2,14.36,0.1736,1.7315,6.3,832.2,1.4309,2.0322,0.134473,Atira,0,2012,2033-10-12
NEO-100114,(NEO-100114) 2017 PT76,0.13,20.14,0.399133,59709433.4,24.94,0.4413,1.2783,40.0,527.9,0.7143,1.8424,0.460626,Apollo,0,2017,2029-05-18
NEO-101863,(NEO-101863) 2016 PF11,0.13,18.57,0.123218,18433088.2,23.9,0.3234,1.9642,6.75,1005.5,1.329,2.5994,0.096186,Atira,0,2016,2043-02-22
NEO-102776,(NEO-102776) 2015 OG55,0.1261,18.42,0.056395,8436611.9,24.6,0.7326,1.6428,1.63,769.1,0.4393,2.8463,0.071516,Apollo,0,2015,2034-12-19
NEO-101570,(NEO-101570) 2011 HM16,0.0082,14.47,0.018141,2713847.3,26.09,0.3285,1.2526,1.1,512.1,0.8412,1.6641,0.016008,Apollo,0,2011,2038-08-21
NEO-103807,(NEO-103807) 2011 YU17,0.0184,28.46,0.418842,62657871.8,24.0,0.5983,1.3599,26.56,579.2,0.5462,2.1735,0.431371,Apollo,0,2011,2033-12-26
NEO-103957,(NEO-103957) 1994 AN8,1.4146,17.91,0.162282,24276969.4,14.49,0.0527,1.4911,6.07,665.0,1.4125,1.5697,0.174279,Atira,0,1994,2029-03-14
NEO-103028,(NEO-103028) 2019 LC45,0.0145,14.8,0.005031,752611.2,23.9,0.2856,1.3883,7.72,597.5,0.9917,1.7849,0.006493,Apollo,0,2019,2036-03-21
PHA-300375,(PHA-300375) 2010 MZ18,0.2938,30.22,0.001955,292416.7,18.61,0.1999,0.75,1.9,237.2,0.6001,0.8999,0.001891,Apollo,1,2010,2034-08-25
NEO-103373,(NEO-103373) 1991 QP11,0.2422,9.66,0.296651,44378382.9,18.55,0.4641,1.4323,3.53,626.1,0.7676,2.097,0.325126,Apollo,0,1991,2036-05-04
NEO-103567,(NEO-103567) 2004 AY62,0.3261,17.83,0.105441,15773757.3,18.27,0.2694,2.745,19.23,1661.1,2.0056,3.4844,0.084463,Atira,0,2004,2033-07-16
PHA-300526,(PHA-300526) 2004 ZB68,0.7351,31.88,0.002405,359809.0,16.09,0.5719,1.6158,11.51,750.2,0.6917,2.5399,0.002206,Apollo,1,2004,2025-08-21
NEO-101467,(NEO-101467) 1997 LV2,0.0178,16.93,0.051881,7761335.1,23.18,0.4601,0.9147,18.13,319.5,0.4938,1.3356,0.047145,Aten,0,1997,2036-11-24
NEO-103125,(NEO-103125) 2015 AA23,0.049,18.53,0.093238,13948275.7,31.5,0.6528,0.7,0.19,213.9,0.243,1.157,0.067332,Aten,0,2015,2037-01-27
NEO-100112,(NEO-100112) 2023 QD7,0.013,9.55,0.004876,729476.8,22.28,0.1717,1.2696,2.4,522.5,1.0516,1.4876,0.005546,Amor,0,2023,2042-10-06
NEO-102913,(NEO-102913) 2022 ZP45,0.0247,22.82,0.077932,11658496.8,24.28,0.6143,1.8812,12.37,942.4,0.7256,3.0369,0.091179,Apollo,0,2022,2025-03-07
NEO-103636,(NEO-103636) 2002 VO18,0.0924,4.0,0.005107,763997.7,24.57,0.2007,2.223,16.43,1210.6,1.7767,2.6692,0.003577,Atira,0,2002,2028-02-02
NEO-101536,(NEO-101536) 2017 AC16,0.0148,19.02,0.408499,61110642.3,24.16,0.1862,1.0337,6.02,383.8,0.8412,1.2261,0.529419,Apollo,0,2017,2043-07-16
NEO-102683,(NEO-102683) 2009 KB64,1.8993,12.71,0.394748,59053411.0,14.05,0.2041,2.6206,14.8,1549.5,2.0859,3.1554,0.343876,Atira,0,2009,2027-08-22
PHA-300191,(PHA-300191) 2010 JT51,0.7748,11.0,0.012861,1923970.3,16.28,0.6027,1.2872,0.2,533.4,0.5114,2.063,0.009523,Apollo,1,2010,2026-08-22
NEO-102384,(NEO-102384) 2011 EM79,0.0691,26.26,0.378434,56612852.6,22.1,0.3846,1.85,26.4,919.0,1.1384,2.5615,0.423644,Amor,0,2011,2041-11-04
NEO-100508,(NEO-100508) 2025 RN5,0.0146,11.57,0.007468,1117206.3,22.45,0.3398,1.1302,5.52,438.8,0.7461,1.5142,0.006886,Apollo,0,2025,2039-12-13
NEO-102192,(NEO-102192) 2015 PD57,0.3272,17.13,0.111434,16670301.3,18.25,0.55,1.9906,41.52,1025.8,0.8958,3.0855,0.140001,Apollo,0,2015,2031-09-10
NEO-102678,(NEO-102678) 1991 KP67,0.9963,17.64,0.131706,19702910.0,15.38,0.2583,2.2573,13.47,1238.8,1.6744,2.8403,0.118727,Atira,0,1991,2028-04-23
NEO-101884,(NEO-101884) 2007 FR89,0.135,13.25,0.046655,6979511.7,23.47,0.2904,1.0801,9.27,410.0,0.7664,1.3937,0.041389,Apollo,0,2007,2027-06-14
NEO-101110,(NEO-101110) 2008 VD57,0.0116,16.15,0.110836,16580767.8,26.38,0.1521,1.593,8.23,734.4,1.3508,1.8353,0.086319,Atira,0,2008,2041-03-28
NEO-100111,(NEO-100111) 2002 FG66,0.2477,6.46,0.353004,52808677.9,18.6,0.55,1.3673,22.94,584.0,0.6153,2.1193,0.4304,Apollo,0,2002,2028-12-16
NEO-101594,(NEO-101594) 2012 JB58,0.0576,23.91,0.448273,67060745.3,24.61,0.2993,0.9559,15.46,341.4,0.6698,1.242,0.375852,Aten,0,2012,2027-07-25
PHA-300556,(PHA-300556) 2024 UN29,0.3769,38.09,0.026808,4010424.2,18.19,0.5111,1.0482,4.06,392.0,0.5124,1.5839,0.022372,Apollo,1,2024,2042-12-05
NEO-101030,(NEO-101030) 2009 BV52,0.0685,14.62,0.396379,59297482.5,25.3,0.4174,1.0946,1.48,418.3,0.6378,1.5515,0.510353,Apollo,0,2009,2036-07-25
NEO-103470,(NEO-103470) 2015 NK42,0.0047,21.95,0.012753,1907799.7,29.92,0.4994,1.5334,5.14,693.5,0.7677,2.2991,0.012174,Apollo,0,2015,2043-06-20
NEO-102048,(NEO-102048) 1998 VN2,0.0146,15.35,0.004396,657622.7,30.54,0.4789,1.2862,8.57,532.8,0.6702,1.9022,0.003353,Apollo,0,1998,2032-06-14
NEO-102206,(NEO-102206) 2001 EO44,0.002,11.18,0.002039,305095.6,22.24,0.1614,2.0109,10.35,1041.6,1.6863,2.3356,0.002501,Atira,0,2001,2025-11-14
NEO-100381,(NEO-100381) 2025 GA15,0.0385,17.46,0.073602,11010643.1,29.44,0.1972,1.6604,14.16,781.4,1.333,1.9878,0.085549,Atira,0,2025,2030-07-14
NEO-101643,(NEO-101643) 2010 YD92,0.13,34.06,0.313077,46835612.1,23.1,0.0944,2.1071,6.25,1117.1,1.9081,2.306,0.36215,Atira,0,2010,2040-06-19
NEO-100821,(NEO-100821) 2017 XK16,0.0067,26.81,0.009158,1369953.4,23.22,0.2603,1.7867,4.43,872.3,1.3215,2.2518,0.007422,Atira,0,2017,2039-02-22
NEO-102593,(NEO-102593) 2002 HT24,0.0434,11.44,0.013223,1978070.5,22.53,0.5358,1.6386,2.12,766.1,0.7605,2.5166,0.014355,Apollo,0,2002,2044-09-12
NEO-102652,(NEO-102652) 2018 SC35,0.0041,21.87,0.02074,3102699.2,22.73,0.3093,1.6385,7.15,766.1,1.1318,2.1453,0.016315,Amor,0,2018,2030-05-07
NEO-103189,(NEO-103189) 2020 LP8,0.13,28.4,0.30794,46067236.7,25.25,0.3394,1.7375,0.26,836.6,1.1478,2.3273,0.388908,Amor,0,2020,2032-04-03
NEO-102037,(NEO-102037) 1999 PC24,0.13,11.33,0.045322,6780142.2,23.23,0.2985,1.315,12.72,550.8,0.9225,1.7076,0.05148,Apollo,0,1999,2043-02-04
NEO-100968,(NEO-100968) 1993 ZF42,0.2751,11.81,0.259793,38864495.4,18.34,0.55,1.2331,8.45,500.1,0.5549,1.9113,0.334793,Apollo,0,1993,2040-05-26
NEO-100606,(NEO-100606) 2002 QV9,0.13,20.51,0.415475,62154143.0,22.52,0.6636,1.5764,27.3,722.9,0.5303,2.6224,0.416153,Apollo,0,2002,2029-12-16
NEO-102002,(NEO-102002) 2008 CU45,0.0184,19.03,0.06152,9203227.3,23.01,0.5904,1.2296,10.17,498.0,0.5037,1.9555,0.066252,Apollo,0,2008,2044-02-19
NEO-102973,(NEO-102973) 2016 WE3,0.0257,13.07,0.050644,7576292.7,23.08,0.3605,0.7702,0.61,246.9,0.4925,1.0479,0.062845,Aten,0,2016,2031-06-19
NEO-102544,(NEO-102544) 2014 DL52,0.0211,12.57,0.006037,903180.3,23.55,0.2943,1.6205,29.03,753.5,1.1436,2.0974,0.004301,Amor,0,2014,2042-08-12
NEO-102543,(NEO-102543) 2025 OD91,0.0071,13.71,0.003788,566657.5,27.36,0.0991,1.8672,16.38,931.9,1.6822,2.0523,0.002728,Atira,0,2025,2034-09-27
NEO-102709,(NEO-102709) 2017 XZ73,0.0304,26.98,0.04997,7475397.7,28.85,0.4684,1.9771,6.38,1015.4,1.051,2.9031,0.053993,Amor,0,2017,2028-05-19
NEO-102276,(NEO-102276) 2010 SF91,0.0284,17.87,0.001974,295347.3,26.12,0.2124,1.3935,4.19,600.9,1.0975,1.6896,0.001457,Amor,0,2010,2033-10-21
PHA-300040,(PHA-300040) 1995 UR12,0.532,28.1,0.003018,451481.2,16.63,0.82,0.75,1.37,237.2,0.135,1.365,0.001906,Aten,1,1995,2036-02-13
NEO-100189,(NEO-100189) 2003 BJ5,0.09,15.84,0.027477,4110473.2,31.5,0.2251,0.7,9.47,213.9,0.5425,0.8575,0.034013,Atira,0,2003,2033-07-24
NEO-101104,(NEO-101104) 1999 GS20,0.0502,16.25,0.010504,1571389.7,24.07,0.3202,1.6926,0.1,804.3,1.1506,2.2346,0.008061,Amor,0,1999,2026-10-11
NEO-102625,(NEO-102625) 2020 CO66,0.1108,22.61,0.292469,43752798.0,23.23,0.5282,0.8,7.58,261.4,0.3774,1.2226,0.377263,Aten,0,2020,2026-04-15
PHA-300593,(PHA-300593) 2010 CR73,0.511,19.77,0.008947,1338389.0,17.57,0.2637,2.5031,6.95,1446.5,1.8431,3.1631,0.005994,Apollo,1,2010,2033-06-15
NEO-102232,(NEO-102232) 1999 OS45,0.0159,10.26,0.1829,27361475.8,23.01,0.0656,1.8472,16.86,917.0,1.726,1.9684,0.155239,Atira,0,1999,2027-08-17
NEO-103365,(NEO-103365) 2008 JX75,0.005,10.25,0.053155,7951942.0,23.94,0.4149,1.4719,3.05,652.3,0.8612,2.0827,0.048922,Apollo,0,2008,2041-08-12
PHA-300116,(PHA-300116) 1997 AY57,0.3323,28.74,0.011498,1720064.7,17.87,0.4193,1.3715,4.41,586.7,0.7965,1.9466,0.009364,Apollo,1,1997,2037-06-12
NEO-103135,(NEO-103135) 2012 PY73,0.5464,13.88,0.239561,35837758.7,17.2,0.4879,1.9907,2.84,1025.9,1.0195,2.962,0.236087,Amor,0,2012,2037-05-10
NEO-102111,(NEO-102111) 2005 TL70,0.0048,25.43,0.119036,17807587.8,24.32,0.3,2.0152,3.19,1044.9,1.4106,2.6197,0.132454,Atira,0,2005,2033-05-26
NEO-102380,(NEO-102380) 1993 PV59,0.0519,20.15,0.235378,35212026.1,25.25,0.5907,1.8705,5.64,934.4,0.7656,2.9753,0.254901,Apollo,0,1993,2042-11-28
NEO-100523,(NEO-100523) 1992 ED60,2.1331,20.94,0.363706,54409570.3,14.36,0.2021,2.1986,13.78,1190.7,1.7543,2.6429,0.358636,Atira,0,1992,2039-07-04
NEO-102231,(NEO-102231) 1993 HX76,0.0254,24.74,0.039091,5847928.0,24.69,0.3419,1.4264,7.92,622.2,0.9387,1.9141,0.048049,Apollo,0,1993,2043-04-16
PHA-300345,(PHA-300345) 1997 FC59,0.7025,30.39,0.015866,2373471.8,15.89,0.1985,1.6661,9.06,785.5,1.3353,1.9969,0.016599,Apollo,1,1997,2037-09-02
NEO-103651,(NEO-103651) 2000 KK35,0.0044,23.46,0.018148,2714847.9,27.72,0.5878,1.03,22.33,381.8,0.4245,1.6354,0.018603,Apollo,0,2000,2044-11-04
NEO-102707,(NEO-102707) 2004 ME32,0.8824,15.08,0.151194,22618320.5,15.89,0.437,1.7617,15.94,854.1,0.9919,2.5316,0.193901,Apollo,0,2004,2026-07-20
NEO-101906,(NEO-101906) 1998 PC10,0.0031,13.43,0.016448,2460613.0,26.3,0.3351,2.0576,6.36,1078.0,1.3682,2.747,0.019926,Atira,0,1998,2038-01-05
NEO-100003,(NEO-100003) 2022 ZK29,1.3184,6.77,0.073974,11066285.6,15.15,0.3834,2.0905,4.41,1104.0,1.2889,2.8921,0.052683,Amor,0,2022,2038-05-25
NEO-100815,(NEO-100815) 2006 BW97,0.0216,10.55,0.052159,7802918.5,23.46,0.1356,0.7591,8.6,241.5,0.6562,0.862,0.065522,Atira,0,2006,2031-04-07
NEO-102870,(NEO-102870) 2008 RC91,0.2458,22.48,0.081857,12245563.2,19.0,0.2043,2.0101,3.02,1040.9,1.5994,2.4207,0.088989,Atira,0,2008,2027-10-02
NEO-102216,(NEO-102216) 2015 GN77,0.0024,19.49,0.014299,2139132.5,24.55,0.4245,1.2388,15.78,503.6,0.7129,1.7647,0.016387,Apollo,0,2015,2041-08-11
NEO-100160,(NEO-100160) 2013 LO82,0.1016,17.55,0.120746,18063326.7,24.32,0.3233,1.9975,10.49,1031.2,1.3517,2.6434,0.15545,Atira,0,2013,2044-08-03
NEO-102457,(NEO-102457) 1994 DT22,0.0389,8.86,0.01109,1658967.5,24.94,0.3545,1.3686,2.7,584.8,0.8834,1.8538,0.012199,Apollo,0,1994,2035-03-23
NEO-103948,(NEO-103948) 2003 NK44,0.0042,33.71,0.014265,2134086.4,22.61,0.5248,0.7,10.47,213.9,0.3326,1.0674,0.015035,Aten,0,2003,2042-06-16
NEO-103209,(NEO-103209) 2016 PM85,0.0202,23.88,0.005722,855949.9,22.33,0.5789,1.4302,4.69,624.7,0.6022,2.2582,0.004579,Apollo,0,2016,2034-09-12
NEO-101364,(NEO-101364) 1993 RL62,0.0462,34.1,0.421612,63072314.3,25.84,0.2543,0.8,0.58,261.4,0.5965,1.0035,0.470726,Aten,0,1993,2030-01-23
NEO-103608,(NEO-103608) 2021 MS96,0.0094,10.08,0.038758,5798065.6,24.65,0.0549,1.5765,10.92,723.0,1.4899,1.663,0.037829,Atira,0,2021,2034-08-23
NEO-101619,(NEO-101619) 2016 QX86,0.0437,17.7,0.016224,2427067.8,23.83,0.425,1.3622,8.64,580.7,0.7833,1.9412,0.015757,Apollo,0,2016,2026-06-05
PHA-300352,(PHA-300352) 2018 SR18,0.5325,22.06,0.003157,472251.3,17.4,0.4795,0.9869,16.01,358.1,0.5137,1.4601,0.003372,Aten,1,2018,2035-01-26
NEO-101525,(NEO-101525) 2023 BP24,0.0385,12.85,0.166993,24981871.2,23.8,0.496,1.3117,0.47,548.7,0.661,1.9623,0.206295,Apollo,0,2023,2027-09-23
PHA-300335,(PHA-300335) 2001 WV17,0.9033,30.31,0.03215,4809599.9,15.91,0.5064,1.9407,14.41,987.5,0.958,2.9234,0.033922,Apollo,1,2001,2040-04-12
NEO-103072,(NEO-103072) 2023 NR38,0.1521,8.81,0.0612,9155424.0,19.72,0.3123,1.642,1.97,768.5,1.1293,2.1547,0.052472,Amor,0,2023,2027-11-22
NEO-103604,(NEO-103604) 1998 CA31,0.0343,16.76,0.026825,4012922.3,24.52,0.498,2.3224,5.31,1292.7,1.1659,3.479,0.031113,Amor,0,1998,2037-06-25
PHA-300701,(PHA-300701) 2025 LW67,0.8349,17.95,0.003945,590089.8,15.73,0.1712,1.7509,8.96,846.2,1.4512,2.0506,0.003808,Apollo,1,2025,2041-03-25
NEO-102381,(NEO-102381) 1993 DK54,0.4956,19.77,0.234166,35030695.5,17.25,0.3953,2.7826,7.9,1695.4,1.6827,3.8826,0.262957,Atira,0,1993,2039-11-20
NEO-103093,(NEO-103093) 1996 OU88,0.0148,17.51,0.170328,25480654.5,22.91,0.4874,1.7349,15.11,834.6,0.8894,2.5804,0.195695,Apollo,0,1996,2038-06-09
NEO-103781,(NEO-103781) 2006 GC24,0.3242,24.18,0.106088,15870488.6,17.87,0.0834,1.4991,12.09,670.4,1.3741,1.6241,0.135839,Atira,0,2006,2025-03-01
NEO-103078,(NEO-103078) 2023 QJ47,0.0368,30.48,0.002154,322175.4,24.31,0.0502,1.6537,2.39,776.7,1.5706,1.7367,0.002152,Atira,0,2023,2028-11-05
NEO-102501,(NEO-102501) 2008 AK36,0.0511,11.75,0.006602,987716.0,25.67,0.5439,1.7059,5.21,813.8,0.778,2.6338,0.006928,Apollo,0,2008,2037-03-15
PHA-300000,(PHA-300000) 2001 UP72,0.2181,25.51,0.022163,3315463.0,19.05,0.3084,1.9047,3.45,960.2,1.3174,2.4921,0.019112,Apollo,1,2001,2036-09-17
NEO-100859,(NEO-100859) 2004 SF89,0.0213,16.2,0.029526,4417061.6,22.22,0.7246,0.7,11.5,213.9,0.1928,1.2072,0.034057,Aten,0,2004,2043-10-28
NEO-101292,(NEO-101292) 2008 FB28,0.2709,14.72,0.10398,15555155.1,17.99,0.4978,1.6184,27.0,752.0,0.8128,2.4239,0.109122,Apollo,0,2008,2027-03-13
NEO-103725,(NEO-103725) 1991 AR36,0.0289,4.0,0.000552,82584.0,25.66,0.1337,1.1887,4.29,473.4,1.0298,1.3476,0.00071,Amor,0,1991,2042-02-03
NEO-101010,(NEO-101010) 2005 VP79,0.6281,20.3,0.266428,39857052.4,16.69,0.55,2.5738,38.47,1508.2,1.1582,3.9895,0.20715,Amor,0,2005,2026-08-22
PHA-300783,(PHA-300783) 2021 ZF62,0.14,21.61,0.008826,1320367.9,20.04,0.4217,1.9945,1.79,1028.8,1.1535,2.8356,0.007152,Apollo,1,2021,2031-06-23
NEO-102539,(NEO-102539) 2001 OA27,0.014,17.0,0.022258,3329794.2,24.83,0.454,1.7371,7.19,836.2,0.9484,2.5258,0.018741,Apollo,0,2001,2040-08-26
NEO-103923,(NEO-103923) 1994 DS59,0.13,11.16,0.264101,39508923.8,23.23,0.2158,0.9773,0.7,352.9,0.7664,1.1882,0.301424,Aten,0,1994,2025-12-26
NEO-101978,(NEO-101978) 2024 CW29,0.0807,18.37,0.085884,12848102.9,22.5,0.5608,0.8501,16.0,286.3,0.3733,1.3268,0.103052,Aten,0,2024,2031-12-11
NEO-101850,(NEO-101850) 2018 NF31,0.0271,15.76,0.069746,10433798.3,25.44,0.1293,1.4165,1.1,615.7,1.2333,1.5996,0.058281,Amor,0,2018,2038-01-12
PHA-300084,(PHA-300084) 2016 PB65,0.4404,30.43,0.015217,2276431.3,18.2,0.4455,1.5884,4.76,731.2,0.8808,2.2961,0.014085,Apollo,1,2016,2026-02-06
NEO-103088,(NEO-103088) 1993 LG65,0.002,14.6,0.002192,327988.4,24.33,0.2931,1.8704,3.42,934.3,1.3222,2.4186,0.002191,Atira,0,1993,2037-10-17
PHA-300119,(PHA-300119) 2016 XA81,0.8675,25.22,0.017083,2555626.4,15.01,0.5743,2.0932,10.37,1106.1,0.8911,3.2953,0.012096,Apollo,1,2016,2034-02-16
NEO-102932,(NEO-102932) 2001 XS92,0.0722,16.04,0.072538,10851533.5,23.22,0.6898,1.3503,4.5,573.1,0.4189,2.2816,0.076539,Apollo,0,2001,2025-02-27
NEO-102067,(NEO-102067) 2016 QA29,0.0265,4.0,0.010829,1619928.6,22.87,0.2211,2.0049,0.65,1036.9,1.5617,2.4482,0.011086,Atira,0,2016,2025-02-28
NEO-101547,(NEO-101547) 2010 FF58,0.0292,30.2,0.035086,5248816.0,23.77,0.2634,1.0635,1.91,400.6,0.7834,1.3436,0.028136,Apollo,0,2010,2041-12-23
NEO-101270,(NEO-101270) 2016 BZ61,0.035,18.66,0.001645,246040.8,22.65,0.2732,1.2871,11.25,533.4,0.9355,1.6388,0.001615,Apollo,0,2016,2040-02-10
NEO-103065,(NEO-103065) 2003 YJ51,0.0258,14.22,0.098247,14697514.7,26.33,0.3612,1.2415,2.23,505.2,0.7931,1.6898,0.068868,Apollo,0,2003,2043-06-05
NEO-102508,(NEO-102508) 2013 JT62,0.0408,17.13,0.066019,9876262.8,23.51,0.3199,0.9302,17.88,327.7,0.6326,1.2277,0.058888,Aten,0,2013,2037-11-25
NEO-103434,(NEO-103434) 2019 XW4,0.1771,16.38,0.381991,57145065.9,19.19,0.3212,1.7926,9.65,876.6,1.2168,2.3683,0.297699,Amor,0,2019,2031-12-27
NEO-102404,(NEO-102404) 2007 YH82,0.0081,25.12,0.11703,17507511.5,24.72,0.3895,1.9417,2.92,988.3,1.1855,2.698,0.115057,Amor,0,2007,2026-01-12
NEO-103899,(NEO-103899) 2024 NE13,0.024,11.67,0.168499,25207096.7,23.46,0.2477,1.5607,9.43,712.2,1.1742,1.9473,0.125912,Amor,0,2024,2040-05-15
NEO-102943,(NEO-102943) 2001 UF16,0.0931,16.94,0.001418,212091.4,22.37,0.191,2.1056,2.71,1116.0,1.7034,2.5077,0.001514,Atira,0,2001,2035-06-27
NEO-102171,(NEO-102171) 2002 ES1,0.002,17.18,0.006785,1014957.0,22.57,0.0594,2.0272,2.68,1054.2,1.9066,2.1477,0.007028,Atira,0,2002,2030-08-24
NEO-101439,(NEO-101439) 1994 HK90,0.13,18.33,0.417506,62457966.5,22.1,0.2716,1.5837,1.07,727.9,1.1536,2.0137,0.466427,Amor,0,1994,2039-05-22
NEO-101076,(NEO-101076) 2024 LC8,0.13,20.25,0.254276,38039196.1,24.35,0.2967,0.8992,3.67,311.5,0.6324,1.1661,0.232242,Aten,0,2024,2037-07-14
NEO-101451,(NEO-101451) 1995 NL70,0.0193,25.15,0.060176,9002238.8,28.03,0.6047,1.1,4.01,421.4,0.4348,1.7652,0.064718,Apollo,0,1995,2041-05-26
PHA-300804,(PHA-300804) 2010 TJ16,0.6871,19.45,0.002348,351188.6,16.81,0.5757,1.2897,1.97,535.0,0.5472,2.0323,0.002455,Apollo,1,2010,2028-01-23
NEO-102406,(NEO-102406) 1999 CR91,0.002,16.34,0.015514,2320822.1,23.15,0.4187,1.4635,4.98,646.6,0.8507,2.0762,0.018121,Apollo,0,1999,2042-03-24
NEO-101108,(NEO-101108) 2025 MS95,0.0749,14.98,0.013878,2076088.7,22.41,0.418,1.3415,4.88,567.5,0.7807,1.9023,0.016374,Apollo,0,2025,2026-03-21
NEO-102029,(NEO-102029) 1992 TB27,0.1107,15.69,0.360654,53953010.0,25.37,0.3054,1.724,1.5,826.8,1.1974,2.2506,0.45471,Amor,0,1992,2043-12-06
NEO-103227,(NEO-103227) 2011 XX43,0.3524,19.12,0.432227,64660178.6,17.78,0.0931,1.7302,31.77,831.3,1.5691,1.8913,0.548927,Atira,0,2011,2035-11-20
NEO-102088,(NEO-102088) 2022 BY35,0.4145,11.1,0.063399,9484339.8,17.62,0.0219,1.1,10.79,421.4,1.0759,1.1241,0.070933,Amor,0,2022,2033-09-28
NEO-101041,(NEO-101041) 2024 FX83,0.1762,27.96,0.484862,72534394.7,19.6,0.2145,1.913,3.18,966.4,1.5026,2.3234,0.410541,Atira,0,2024,2041-11-02
NEO-100834,(NEO-100834) 2003 KP12,0.012,10.99,0.002755,412105.1,28.78,0.4794,1.6662,7.12,785.6,0.8674,2.465,0.002077,Apollo,0,2003,2042-01-27
PHA-300506,(PHA-300506) 2009 RW50,0.1467,22.92,0.00375,560975.1,20.1,0.7642,1.3957,6.95,602.3,0.3292,2.4623,0.003386,Apollo,1,2009,2027-07-12
NEO-102769,(NEO-102769) 2016 PT90,0.0524,23.29,0.271231,40575534.9,24.23,0.7,1.5838,10.5,728.0,0.4751,2.6924,0.289157,Apollo,0,2016,2026-09-28
NEO-101033,(NEO-101033) 1990 EV82,0.0285,17.18,0.060189,9004206.8,24.56,0.5376,1.1213,5.32,433.7,0.5185,1.724,0.049638,Apollo,0,1990,2030-02-25
NEO-101821,(NEO-101821) 2009 SH31,0.0046,18.94,0.01879,2810908.1,22.41,0.75,0.9334,4.04,329.4,0.2333,1.6334,0.022929,Aten,0,2009,2044-03-23
NEO-101419,(NEO-101419) 2015 WS65,0.023,26.06,0.156191,23365872.9,25.15,0.655,1.3705,7.5,586.0,0.4729,2.2682,0.12981,Apollo,0,2015,2042-10-21
NEO-100453,(NEO-100453) 2003 GO69,0.0353,22.67,0.072902,10905960.7,27.72,0.2372,1.7037,20.45,812.2,1.2995,2.1078,0.054751,Amor,0,2003,2044-04-14
NEO-101512,(NEO-101512) 2010 MB73,0.0272,10.7,0.003755,561682.9,22.82,0.3232,0.9383,6.9,332.0,0.6351,1.2416,0.003552,Aten,0,2010,2039-01-06
NEO-100126,(NEO-100126) 2000 DL73,0.0595,8.64,0.044147,6604253.1,25.53,0.2587,1.4668,3.01,648.8,1.0873,1.8463,0.049485,Amor,0,2000,2044-07-23
NEO-102658,(NEO-102658) 1995 BQ69,0.13,19.99,0.054796,8197396.1,24.58,0.5201,1.4274,12.49,622.9,0.685,2.1697,0.064201,Apollo,0,1995,2025-04-09
NEO-102220,(NEO-102220) 2016 AR49,0.1011,12.59,0.181625,27170738.3,23.66,0.6095,1.2443,6.86,507.0,0.4859,2.0027,0.212138,Apollo,0,2016,2043-06-20
NEO-102244,(NEO-102244) 2004 OO72,0.0786,20.53,0.134216,20078384.6,24.78,0.2638,1.4347,10.11,627.7,1.0562,1.8132,0.11542,Amor,0,2004,2041-07-13
NEO-100296,(NEO-100296) 2017 CD49,0.7756,14.18,0.325406,48680114.1,16.72,0.4085,1.1,8.68,421.4,0.6507,1.5493,0.397379,Apollo,0,2017,2036-06-09
NEO-103708,(NEO-103708) 1994 QS23,0.9337,20.07,0.195073,29182491.2,15.55,0.3239,1.8352,1.22,908.1,1.2408,2.4296,0.181112,Amor,0,1994,2034-01-12
NEO-101773,(NEO-101773) 2015 KX25,0.0595,6.36,0.025061,3749003.2,23.79,0.3523,1.1353,3.9,441.8,0.7353,1.5352,0.029503,Apollo,0,2015,2032-04-25
NEO-101380,(NEO-101380) 2021 UT69,0.005,20.97,0.068723,10280838.7,25.22,0.5048,0.9085,6.32,316.3,0.4499,1.3671,0.085421,Aten,0,2021,2034-04-17
PHA-300409,(PHA-300409) 2009 AZ27,0.1584,16.86,0.007647,1143922.4,19.09,0.1971,2.1493,8.86,1150.9,1.7257,2.5729,0.007299,Apollo,1,2009,2040-09-13
NEO-100098,(NEO-100098) 2018 SQ98,0.0174,15.24,0.017207,2574125.3,24.8,0.3471,1.0332,1.37,383.6,0.6746,1.3918,0.014218,Apollo,0,2018,2026-03-17
NEO-100430,(NEO-100430) 2009 GK61,0.7979,16.26,0.288239,43119921.8,15.34,0.2049,1.6854,4.09,799.1,1.34,2.0307,0.283246,Atira,0,2009,2043-07-01
PHA-300467,(PHA-300467) 1996 YB78,1.7297,28.47,0.02663,3983844.1,14.11,0.7639,0.9607,6.54,344.0,0.2268,1.6947,0.027187,Aten,1,1996,2044-10-09
NEO-101211,(NEO-101211) 1995 ET53,0.4577,10.25,0.119348,17854162.9,17.41,0.0982,2.15,6.49,1151.5,1.9389,2.3612,0.105165,Atira,0,1995,2027-10-12
NEO-103279,(NEO-103279) 1996 SB31,0.13,12.98,0.327363,48972846.9,23.56,0.2772,1.3593,10.95,578.9,0.9825,1.7361,0.356542,Apollo,0,1996,2031-01-17
NEO-100868,(NEO-100868) 2005 DG85,0.0164,17.6,0.028686,4291370.9,23.92,0.6401,1.3073,27.33,546.0,0.4705,2.1442,0.02222,Apollo,0,2005,2042-05-16
NEO-103430,(NEO-103430) 2020 JL6,1.3394,14.28,0.196637,29416533.8,15.3,0.4134,1.7885,0.54,873.6,1.0491,2.5279,0.208786,Amor,0,2020,2039-09-12
NEO-103306,(NEO-103306) 2018 ER83,0.0376,11.23,0.229153,34280828.4,23.82,0.1151,1.3187,1.26,553.1,1.167,1.4704,0.252767,Amor,0,2018,2025-10-28
NEO-102747,(NEO-102747) 2021 SA63,0.0107,17.83,0.326005,48769626.3,24.39,0.4727,2.1678,4.23,1165.8,1.143,3.1925,0.322338,Amor,0,2021,2035-04-26
NEO-100647,(NEO-100647) 1992 GW26,0.8102,7.62,0.098362,14714733.3,16.38,0.3917,2.3362,2.78,1304.2,1.4211,3.2512,0.123145,Atira,0,1992,2032-06-13
NEO-101777,(NEO-101777) 2008 DL19,0.4457,12.11,0.289296,43278071.8,17.6,0.4297,1.4547,6.83,640.8,0.8296,2.0798,0.240338,Apollo,0,2008,2039-07-28
NEO-100378,(NEO-100378) 1996 ZH33,0.0286,13.61,0.082183,12294455.8,25.36,0.519,1.9479,10.14,992.9,0.9368,2.9589,0.078611,Apollo,0,1996,2026-03-27
NEO-101614,(NEO-101614) 1990 JZ86,0.005,22.22,0.42781,63999424.7,23.7,0.2651,1.3458,12.44,570.2,0.989,1.7026,0.502236,Apollo,0,1990,2033-02-14
NEO-101802,(NEO-101802) 1996 XU24,0.0726,23.84,0.1498,22409826.7,25.31,0.201,1.7422,3.12,839.9,1.392,2.0925,0.187609,Atira,0,1996,2035-12-12
NEO-100845,(NEO-100845) 2015 QD92,0.0032,20.62,0.027552,4121715.6,24.91,0.4421,1.6145,7.79,749.3,0.9007,2.3282,0.023128,Apollo,0,2015,2035-06-07
NEO-103804,(NEO-103804) 2003 NK97,0.038,15.89,0.010709,1602067.9,25.62,0.2111,0.9309,2.2,328.1,0.7344,1.1275,0.00954,Aten,0,2003,2034-10-27
NEO-101146,(NEO-101146) 2023 PG81,0.0307,10.94,0.072321,10819058.7,23.21,0.4776,0.7,4.51,213.9,0.3657,1.0343,0.093001,Aten,0,2023,2025-11-19
NEO-102286,(NEO-102286) 2004 RM46,1.9939,12.17,0.157717,23594098.4,14.15,0.5228,2.4233,17.47,1377.8,1.1563,3.6903,0.180726,Amor,0,2004,2037-12-06
NEO-101327,(NEO-101327) 1999 CF48,0.0466,24.33,0.004783,715514.5,30.21,0.1871,0.7,1.64,213.9,0.569,0.831,0.004907,Atira,0,1999,2042-04-03
NEO-102863,(NEO-102863) 2017 BK74,0.2112,13.31,0.179538,26858576.3,19.22,0.4541,1.6735,1.21,790.7,0.9135,2.4335,0.179016,Apollo,0,2017,2034-01-23
PHA-300810,(PHA-300810) 2007 XU49,0.14,22.21,0.029395,4397476.7,20.55,0.5436,1.5794,1.94,725.0,0.7209,2.4378,0.018209,Apollo,1,2007,2029-12-28
NEO-101173,(NEO-101173) 1991 PH59,0.0674,21.31,0.007945,1188578.7,27.16,0.5021,2.3076,12.89,1280.4,1.149,3.4662,0.00755,Amor,0,1991,2037-12-09
NEO-103874,(NEO-103874) 2003 OQ19,0.0149,9.54,0.003623,541988.7,24.81,0.4719,1.0385,2.6,386.6,0.5484,1.5286,0.003879,Apollo,0,2003,2040-08-16
NEO-102230,(NEO-102230) 1993 DJ75,0.016,15.03,0.170588,25519588.6,25.06,0.6954,1.3726,30.6,587.4,0.4181,2.3271,0.210793,Apollo,0,1993,2032-03-22
NEO-100424,(NEO-100424) 2014 OJ5,0.1284,27.94,0.006005,898337.7,27.52,0.4334,1.4482,7.44,636.6,0.8206,2.0759,0.007751,Apollo,0,2014,2033-05-08
NEO-101368,(NEO-101368) 2021 OE22,0.13,16.52,0.097621,14603878.7,24.08,0.2885,1.5221,15.96,685.9,1.0829,1.9612,0.075002,Amor,0,2021,2034-04-01
NEO-101888,(NEO-101888) 1995 QQ8,0.0322,18.42,0.321724,48129185.5,23.09,0.5837,0.8,3.23,261.4,0.333,1.267,0.271431,Aten,0,1995,2035-02-15
NEO-100168,(NEO-100168) 2021 ZB61,0.0946,27.12,0.002417,361602.7,25.38,0.6355,0.8171,13.39,269.8,0.2978,1.3364,0.003081,Aten,0,2021,2038-06-20
NEO-101366,(NEO-101366) 2006 GZ37,0.0455,12.89,0.279125,41756456.3,24.15,0.2625,1.2914,4.01,536.0,0.9524,1.6305,0.332793,Apollo,0,2006,2031-05-26
NEO-103659,(NEO-103659) 2010 DQ18,0.0236,4.0,0.014707,2200092.7,26.13,0.3484,1.3263,8.99,557.9,0.8642,1.7884,0.011613,Apollo,0,2010,2030-04-15
NEO-100222,(NEO-100222) 1996 RU54,0.0254,27.87,0.15186,22717878.5,23.77,0.516,1.3504,2.77,573.2,0.6536,2.0471,0.109575,Apollo,0,1996,2031-04-24
NEO-101064,(NEO-101064) 1997 LS49,0.0331,22.87,0.210436,31480707.8,22.82,0.4767,0.974,0.46,351.1,0.5097,1.4382,0.159845,Aten,0,1997,2044-03-21
NEO-101645,(NEO-101645) 2024 HC61,1.0979,5.95,0.211322,31613366.5,14.58,0.439,1.9859,0.83,1022.1,1.1141,2.8576,0.208307,Amor,0,2024,2025-10-11
NEO-102884,(NEO-102884) 2003 GK25,0.0906,18.51,0.015675,2344950.5,25.3,0.1366,0.7,11.82,213.9,0.6044,0.7956,0.018187,Atira,0,2003,2033-01-23
NEO-102938,(NEO-102938) 2005 XJ86,0.2401,13.35,0.352672,52758906.8,18.53,0.4799,1.8176,8.97,895.0,0.9454,2.6899,0.322877,Apollo,0,2005,2035-09-18
NEO-102023,(NEO-102023) 2008 YB89,0.0237,20.69,0.196913,29457755.2,22.22,0.1722,1.7546,2.63,848.9,1.4525,2.0568,0.198542,Atira,0,2008,2039-07-28
NEO-102773,(NEO-102773) 2021 TA26,0.005,23.11,0.396748,59352601.7,23.71,0.189,1.1947,8.18,477.0,0.9689,1.4205,0.416898,Apollo,0,2021,2032-06-25
PHA-300605,(PHA-300605) 2019 OD38,0.3786,23.89,0.003636,544000.2,17.81,0.6187,1.6574,2.64,779.4,0.632,2.6828,0.003628,Apollo,1,2019,2026-01-03
NEO-100494,(NEO-100494) 1993 VJ69,0.0095,9.48,0.054976,8224261.6,24.18,0.1889,0.9242,3.38,324.5,0.7497,1.0988,0.069508,Aten,0,1993,2043-05-16
NEO-101039,(NEO-101039) 2021 KB10,0.6624,19.65,0.159356,23839317.2,16.62,0.3689,2.2646,33.41,1244.7,1.4291,3.1,0.159475,Atira,0,2021,2030-08-13
NEO-101519,(NEO-101519) 1991 RP40,0.0249,14.88,0.039979,5980720.0,22.81,0.3273,1.9583,7.71,1001.0,1.3173,2.5994,0.034433,Atira,0,1991,2037-01-18
NEO-101625,(NEO-101625) 2023 ZJ48,0.002,17.8,0.005697,852195.2,23.04,0.4813,0.7,15.31,213.9,0.3631,1.0369,0.004299,Aten,0,2023,2038-04-08
NEO-101312,(NEO-101312) 1996 XD31,0.5149,13.29,0.056079,8389253.7,17.34,0.2052,2.0166,9.13,1045.9,1.6027,2.4304,0.052,Atira,0,1996,2040-08-14
NEO-100241,(NEO-100241) 2006 JN64,0.0042,14.81,0.037741,5645975.2,25.7,0.75,2.095,1.98,1107.6,0.5238,3.6663,0.043023,Apollo,0,2006,2035-05-07
NEO-100948,(NEO-100948) 2023 WY25,0.1073,18.55,0.002169,324413.6,22.9,0.2227,1.8365,2.64,909.0,1.4275,2.2455,0.001791,Atira,0,2023,2036-08-28
NEO-103937,(NEO-103937) 2002 RC79,0.8559,21.82,0.12545,18767025.6,16.15,0.2984,2.4072,2.12,1364.1,1.6889,3.1255,0.141593,Atira,0,2002,2028-12-25
PHA-300121,(PHA-300121) 2018 HV79,0.3717,29.86,0.013927,2083418.2,17.14,0.2928,1.415,4.55,614.8,1.0006,1.8293,0.013757,Apollo,1,2018,2043-11-24
NEO-103240,(NEO-103240) 2009 LT91,0.6814,8.51,0.128879,19280015.4,16.27,0.2597,2.4065,16.03,1363.5,1.7815,3.0315,0.098566,Atira,0,2009,2040-04-06
NEO-102657,(NEO-102657) 2023 NZ71,0.3279,16.28,0.059071,8836848.1,17.76,0.141,1.4069,24.74,609.5,1.2085,1.6053,0.070006,Amor,0,2023,2042-10-10
PHA-300067,(PHA-300067) 2000 GE45,0.4031,32.19,0.003155,471929.2,17.65,0.4475,1.0824,3.21,411.3,0.598,1.5667,0.002866,Apollo,1,2000,2041-09-17
NEO-102626,(NEO-102626) 2015 RL97,0.0126,12.9,0.003156,472123.8,25.48,0.2577,1.2268,1.81,496.3,0.9107,1.543,0.002876,Apollo,0,2015,2025-09-28
NEO-102074,(NEO-102074) 2007 XU71,0.0404,13.88,0.059524,8904703.2,23.25,0.4434,0.9236,6.09,324.2,0.514,1.3331,0.052583,Aten,0,2007,2043-03-20
NEO-101228,(NEO-101228) 2003 GU96,0.1827,21.89,0.109498,16380621.1,18.76,0.3355,2.2648,2.24,1244.9,1.505,3.0247,0.080383,Atira,0,2003,2039-04-24
NEO-103501,(NEO-103501) 1990 JD3,0.6441,16.39,0.371628,55594816.2,16.68,0.523,1.1923,2.21,475.5,0.5688,1.8159,0.297903,Apollo,0,1990,2036-09-04
PHA-300714,(PHA-300714) 2010 TB15,0.7761,33.32,0.007452,1114738.3,16.7,0.5922,1.6644,20.9,784.3,0.6787,2.6501,0.005253,Apollo,1,2010,2039-01-27
NEO-100490,(NEO-100490) 2002 MV66,0.0087,13.9,0.073859,11049123.8,24.97,0.2993,0.8332,2.64,277.8,0.5838,1.0826,0.078953,Aten,0,2002,2034-04-25
NEO-102021,(NEO-102021) 2022 RD9,1.5879,9.68,0.127885,19131279.3,14.85,0.2751,2.3508,12.78,1316.5,1.7042,2.9975,0.11588,Atira,0,2022,2042-08-01
NEO-101027,(NEO-101027) 2002 ZB65,0.1132,19.27,0.420395,62890160.8,23.53,0.358,0.9876,4.76,358.5,0.634,1.3412,0.319267,Aten,0,2002,2029-05-02
NEO-101493,(NEO-101493) 2020 WS93,0.333,9.2,0.099553,14892868.0,18.29,0.1673,1.9314,20.38,980.4,1.6082,2.2546,0.118743,Atira,0,2020,2036-11-28
NEO-103757,(NEO-103757) 2011 NQ47,0.1324,19.81,0.069819,10444718.6,22.5,0.6785,1.4262,5.09,622.1,0.4585,2.3938,0.069573,Apollo,0,2011,2028-02-26
NEO-100048,(NEO-100048) 2008 UU74,0.6979,15.22,0.168139,25153185.4,16.51,0.4574,1.1816,32.24,469.1,0.6411,1.7221,0.1649,Apollo,0,2008,2036-01-19
NEO-103026,(NEO-103026) 2001 NH10,0.5338,13.93,0.080377,12024223.0,16.66,0.3521,1.5325,1.93,692.9,0.9929,2.072,0.091349,Apollo,0,2001,2030-01-23
NEO-103087,(NEO-103087) 2000 VP24,0.9249,21.68,0.344778,51578007.2,15.01,0.1742,1.5876,49.44,730.6,1.311,1.8642,0.387787,Atira,0,2000,2044-02-02
NEO-100548,(NEO-100548) 2020 PS2,0.0102,4.31,0.003153,471694.7,22.9,0.3658,1.3004,2.95,541.6,0.8247,1.776,0.002741,Apollo,0,2020,2036-01-16
NEO-101031,(NEO-101031) 2021 EM93,0.0808,19.76,0.041332,6183216.1,27.52,0.4937,1.3881,3.74,597.4,0.7029,2.0734,0.044713,Apollo,0,2021,2026-10-06
NEO-103884,(NEO-103884) 2014 VO98,0.0563,8.42,0.03957,5919639.0,24.77,0.526,0.7,18.5,213.9,0.3318,1.0682,0.032886,Aten,0,2014,2033-05-04
NEO-102141,(NEO-102141) 2008 ZV45,0.0723,11.76,0.015115,2261138.3,23.67,0.75,2.2729,26.39,1251.6,0.5682,3.9776,0.013196,Apollo,0,2008,2040-03-22
NEO-102567,(NEO-102567) 2024 TV85,0.0467,4.0,0.01706,2552130.0,22.6,0.7221,1.6164,8.76,750.6,0.4492,2.7836,0.021033,Apollo,0,2024,2041-07-27
NEO-100495,(NEO-100495) 1999 MU13,0.0862,16.54,0.00361,540076.4,25.81,0.1354,1.5632,17.08,713.9,1.3515,1.7749,0.003958,Atira,0,1999,2036-02-13
NEO-101736,(NEO-101736) 2014 OV61,0.8809,24.3,0.12235,18303282.7,15.76,0.2234,1.1,2.52,421.4,0.8542,1.3458,0.111192,Apollo,0,2014,2032-10-01
NEO-103878,(NEO-103878) 2008 TD7,0.2477,10.95,0.148626,22234073.8,18.8,0.2607,1.5587,5.66,710.8,1.1523,1.9651,0.12211,Amor,0,2008,2026-08-15
NEO-101811,(NEO-101811) 2005 DO28,0.13,8.09,0.440772,65938501.9,23.7,0.3205,1.7772,6.92,865.4,1.2076,2.3468,0.468966,Amor,0,2005,2033-12-04
NEO-103264,(NEO-103264) 1993 OU46,0.0198,14.27,0.112814,16876804.9,23.29,0.6206,2.0272,12.17,1054.2,0.7691,3.2853,0.110543,Apollo,0,1993,2025-04-01
NEO-102706,(NEO-102706) 1998 SA55,0.1026,22.57,0.406719,60844370.7,23.36,0.2232,1.3421,5.4,567.9,1.0426,1.6416,0.500723,Amor,0,1998,2038-01-03
PHA-300365,(PHA-300365) 2009 QH74,0.9165,34.55,0.032574,4873001.2,14.93,0.4197,1.9551,34.95,998.5,1.1345,2.7756,0.033267,Apollo,1,2009,2026-12-22
NEO-101084,(NEO-101084) 1990 NX34,0.135,8.84,0.004404,658854.7,23.27,0.0508,1.4078,4.05,610.1,1.3363,1.4792,0.004575,Atira,0,1990,2032-01-28
PHA-300323,(PHA-300323) 2010 WF35,0.3151,12.96,0.01979,2960473.0,19.36,0.3586,1.6376,3.6,765.5,1.0504,2.2249,0.018024,Apollo,1,2010,2031-10-15
NEO-103339,(NEO-103339) 2007 OH73,0.0442,25.15,0.007864,1176469.6,22.6,0.4561,1.4109,8.17,612.1,0.7674,2.0545,0.006602,Apollo,0,2007,2033-06-06
NEO-103382,(NEO-103382) 2023 JX69,0.0156,17.89,0.022276,3332448.7,24.46,0.4183,1.7639,27.88,855.6,1.026,2.5017,0.022409,Amor,0,2023,2025-12-10
NEO-101541,(NEO-101541) 1992 JA16,0.13,24.01,0.388828,58167848.3,23.61,0.4308,1.1998,9.21,480.0,0.6829,1.7167,0.444249,Apollo,0,1992,2038-11-18
NEO-100780,(NEO-100780) 1997 XS5,0.0799,13.02,0.419898,62815847.3,24.17,0.1245,1.9998,15.03,1032.9,1.7507,2.2488,0.483928,Atira,0,1997,2027-02-10
NEO-103064,(NEO-103064) 2021 KB71,0.037,22.16,0.346291,51804376.8,22.71,0.1023,1.5404,1.16,698.3,1.3827,1.698,0.263736,Atira,0,2021,2033-01-17
NEO-100294,(NEO-100294) 1998 HQ30,0.0245,17.32,0.014337,2144743.9,26.45,0.1653,1.2706,1.42,523.1,1.0606,1.4806,0.014631,Amor,0,1998,2026-10-05
NEO-102853,(NEO-102853) 2009 OL60,0.0288,11.96,0.013901,2079593.5,22.23,0.3084,1.7223,1.41,825.6,1.1911,2.2535,0.011927,Amor,0,2009,2041-12-09
NEO-102666,(NEO-102666) 2015 HW40,0.0087,16.87,0.058135,8696825.2,23.77,0.6629,1.5002,24.67,671.1,0.5057,2.4947,0.049582,Apollo,0,2015,2039-05-27
NEO-103846,(NEO-103846) 2013 EV47,0.0544,18.03,0.011358,1699168.0,28.5,0.6209,1.6006,0.46,739.6,0.6067,2.5945,0.010821,Apollo,0,2013,2030-02-18
NEO-102797,(NEO-102797) 2007 JY26,0.7346,8.01,0.07231,10817460.3,16.2,0.1905,2.3895,33.83,1349.2,1.9343,2.8448,0.067774,Atira,0,2007,2025-12-03
NEO-101119,(NEO-101119) 1996 DM32,4.1291,17.46,0.125402,18759847.6,12.27,0.5281,1.8323,0.5,905.9,0.8647,2.7998,0.158333,Apollo,0,1996,2041-02-02
NEO-102134,(NEO-102134) 2025 WW40,0.0082,14.38,0.031133,4657424.3,23.53,0.1845,1.3604,6.98,579.6,1.1094,1.6115,0.034565,Amor,0,2025,2027-01-27
NEO-101170,(NEO-101170) 2018 HQ30,0.0306,20.69,0.06282,9397760.9,22.65,0.5094,1.8905,6.53,949.4,0.9275,2.8535,0.064493,Apollo,0,2018,2039-05-26
NEO-103932,(NEO-103932) 2000 UN34,0.0789,12.82,0.006633,992210.2,22.44,0.3501,1.2593,2.57,516.1,0.8184,1.7001,0.004717,Apollo,0,2000,2030-11-01
NEO-103360,(NEO-103360) 2020 DK90,0.0066,11.58,0.344075,51472850.8,24.11,0.4627,1.6039,0.7,741.9,0.8618,2.346,0.312602,Apollo,0,2020,2040-11-11
NEO-101552,(NEO-101552) 2008 XG75,0.029,22.18,0.026984,4036764.3,23.66,0.0865,1.3796,1.79,591.8,1.2602,1.4989,0.030552,Amor,0,2008,2043-11-28
NEO-103825,(NEO-103825) 2010 RN15,0.0507,21.95,0.029901,4473178.8,23.81,0.4627,1.0791,1.84,409.4,0.5798,1.5784,0.024692,Apollo,0,2010,2031-11-15
NEO-100518,(NEO-100518) 2008 EH34,0.025,23.19,0.051427,7693423.9,24.1,0.4719,0.7229,1.27,224.5,0.3818,1.064,0.04655,Aten,0,2008,2040-08-26
PHA-300310,(PHA-300310) 2019 AG58,0.6985,23.98,0.039803,5954481.2,16.39,0.6663,1.1656,16.48,459.6,0.3889,1.9422,0.037992,Apollo,1,2019,2037-03-10
NEO-100795,(NEO-100795) 2018 QC60,0.13,8.27,0.194578,29108475.6,25.76,0.569,1.4739,18.56,653.6,0.6353,2.3126,0.184998,Apollo,0,2018,2038-02-08
NEO-102889,(NEO-102889) 2003 OM75,0.0742,7.54,0.012555,1878273.5,22.39,0.2589,0.8811,38.81,302.1,0.653,1.1092,0.014742,Aten,0,2003,2026-10-13
NEO-103512,(NEO-103512) 2005 TV10,0.1019,5.0,0.406719,60844325.3,24.61,0.1755,1.5779,5.14,724.0,1.301,1.8548,0.355623,Atira,0,2005,2044-06-14
NEO-101236,(NEO-101236) 2012 KW47,0.0167,17.08,0.189326,28322729.1,24.13,0.1795,1.0415,2.05,388.2,0.8546,1.2284,0.146069,Apollo,0,2012,2041-06-28
NEO-102121,(NEO-102121) 2017 VE23,0.0249,13.82,0.010808,1616914.2,26.31,0.3809,1.5238,7.18,687.0,0.9434,2.1042,0.012641,Apollo,0,2017,2042-06-09
NEO-101395,(NEO-101395) 2012 WB45,0.0509,29.54,0.366984,54900015.2,25.85,0.4914,1.8224,15.59,898.6,0.9269,2.7179,0.275296,Apollo,0,2012,2032-03-27
NEO-100849,(NEO-100849) 2005 VX43,0.0702,16.22,0.364347,54505576.4,23.51,0.5688,1.1223,10.51,434.3,0.484,1.7607,0.322497,Apollo,0,2005,2044-01-08
NEO-101118,(NEO-101118) 2004 HZ97,0.0183,14.07,0.038426,5748463.9,23.36,0.4481,1.7477,8.88,843.9,0.9646,2.5308,0.027605,Apollo,0,2004,2034-02-07
PHA-300250,(PHA-300250) 2014 LO18,0.9742,24.71,0.008361,1250769.6,16.1,0.681,1.6698,3.59,788.1,0.5327,2.8069,0.008325,Apollo,1,2014,2036-04-18
NEO-103419,(NEO-103419) 2002 JT11,0.1255,15.78,0.003519,526392.1,22.6,0.5392,1.1375,5.34,443.1,0.5242,1.7508,0.0034,Apollo,0,2002,2026-07-19
NEO-101215,(NEO-101215) 1999 PQ40,0.0253,21.89,0.001001,149739.0,24.47,0.5891,1.2162,24.78,489.9,0.4998,1.9327,0.000817,Apollo,0,1999,2032-12-14
PHA-300679,(PHA-300679) 2018 LO88,0.4299,37.89,0.006068,907819.4,17.34,0.5412,1.5831,13.64,727.5,0.7262,2.4399,0.004944,Apollo,1,2018,2041-10-27
NEO-100077,(NEO-100077) 2021 JN3,0.373,15.91,0.390336,58393455.6,17.45,0.5377,2.0345,4.08,1059.9,0.9405,3.1286,0.480024,Apollo,0,2021,2032-08-19
NEO-102920,(NEO-102920) 2014 XL93,0.0082,9.89,0.002843,425247.5,22.23,0.4947,1.1252,6.19,436.0,0.5686,1.6818,0.003035,Apollo,0,2014,2040-03-28
NEO-101482,(NEO-101482) 1995 FF78,0.0416,4.0,0.127325,19047527.8,23.64,0.5389,0.7,10.78,213.9,0.3228,1.0772,0.092376,Aten,0,1995,2039-06-13
NEO-101202,(NEO-101202) 1994 PU24,0.0331,23.61,0.058124,8695287.2,31.28,0.3254,1.0441,0.98,389.7,0.7044,1.3839,0.046017,Apollo,0,1994,2029-01-28
NEO-102068,(NEO-102068) 1993 MK42,0.005,19.62,0.112913,16891499.8,22.2,0.3477,1.1544,9.87,453.0,0.753,1.5558,0.123162,Apollo,0,1993,2044-05-11
NEO-103115,(NEO-103115) 1998 WV21,0.3848,3.5,0.415201,62113203.0,17.51,0.5298,2.1051,2.08,1115.5,0.9898,3.2203,0.476075,Apollo,0,1998,2025-05-24
NEO-103802,(NEO-103802) 2006 JH95,0.0632,19.72,0.217441,32528714.6,24.48,0.1841,1.0499,1.67,392.9,0.8565,1.2432,0.241294,Apollo,0,2006,2044-06-27
PHA-300128,(PHA-300128) 2002 CT30,0.4217,23.14,0.000496,74188.5,18.06,0.408,1.3137,9.23,549.9,0.7777,1.8496,0.000436,Apollo,1,2002,2043-04-14
NEO-101093,(NEO-101093) 1996 KW89,0.3698,10.96,0.186384,27882640.8,17.84,0.3309,1.7997,12.09,881.8,1.2042,2.3952,0.237204,Amor,0,1996,2030-01-18
NEO-101004,(NEO-101004) 1990 OQ55,0.0264,23.88,0.018002,2693116.1,24.23,0.3612,2.0735,19.91,1090.6,1.3247,2.8224,0.018784,Atira,0,1990,2040-09-27
NEO-100749,(NEO-100749) 2009 OB12,1.1453,8.18,0.163431,24448878.5,15.48,0.5159,1.4289,3.66,623.9,0.6918,2.166,0.178357,Apollo,0,2009,2040-01-28
PHA-300309,(PHA-300309) 2015 VR9,0.3577,22.99,0.006171,923212.5,17.34,0.2767,1.7761,14.92,864.5,1.2847,2.2674,0.006747,Apollo,1,2015,2036-10-06
PHA-300643,(PHA-300643) 2022 CV53,0.214,32.66,0.000281,42016.7,19.05,0.71,1.3967,8.91,602.9,0.405,2.3884,0.000204,Apollo,1,2022,2044-12-27
NEO-101313,(NEO-101313) 2004 GZ63,0.0818,17.47,0.286086,42797841.8,23.41,0.1492,2.0977,1.16,1109.7,1.7847,2.4107,0.326943,Atira,0,2004,2036-04-14
NEO-103396,(NEO-103396) 2003 EO82,1.9817,13.01,0.191554,28656093.7,14.37,0.0407,1.7416,12.43,839.5,1.6706,1.8125,0.234727,Atira,0,2003,2029-08-12
PHA-300548,(PHA-300548) 2016 RD88,0.14,26.21,0.0002,29862.0,20.13,0.4732,1.2912,0.86,535.9,0.6803,1.9022,0.00019,Apollo,1,2016,2044-01-17
NEO-101363,(NEO-101363) 2009 QR17,0.2838,8.11,0.08223,12301469.5,18.15,0.308,1.6351,10.95,763.7,1.1314,2.1388,0.099516,Amor,0,2009,2027-09-15
PHA-300102,(PHA-300102) 2017 YG5,0.2355,11.0,0.033483,5009050.7,18.75,0.567,2.3773,12.7,1338.8,1.0294,3.7251,0.028059,Apollo,1,2017,2033-04-06
PHA-300521,(PHA-300521) 2002 HH97,0.5296,11.0,0.008899,1331313.8,16.84,0.6224,1.7949,0.2,878.3,0.6777,2.912,0.007853,Apollo,1,2002,2029-04-02
PHA-300214,(PHA-300214) 2024 MA42,1.1376,25.84,0.004867,728149.3,15.09,0.3311,1.2492,0.65,510.0,0.8356,1.6628,0.002967,Apollo,1,2024,2043-06-08
PHA-300713,(PHA-300713) 2017 UU93,0.345,32.76,0.002286,341931.3,17.88,0.4173,0.75,12.83,237.2,0.437,1.063,0.002059,Aten,1,2017,2035-08-23
NEO-103486,(NEO-103486) 2013 FX94,0.4286,15.2,0.576419,86231083.1,17.44,0.3073,2.5551,4.46,1491.8,1.7699,3.3403,0.434134,Atira,0,2013,2029-10-28
NEO-102059,(NEO-102059) 2010 XC74,0.381,18.35,0.125188,18727897.8,17.62,0.5079,1.7403,11.11,838.5,0.8565,2.6241,0.151267,Apollo,0,2010,2042-04-24
NEO-100317,(NEO-100317) 2023 XK25,0.135,7.06,0.011959,1789033.8,23.31,0.515,0.8583,2.98,290.5,0.4163,1.3004,0.011429,Aten,0,2023,2026-05-25
NEO-100609,(NEO-100609) 2011 DQ7,0.0144,4.0,0.023014,3442916.8,24.74,0.2458,1.2189,0.59,491.5,0.9192,1.5185,0.022042,Apollo,0,2011,2034-12-21
NEO-101549,(NEO-101549) 1996 CY30,0.0635,19.93,0.232846,34833243.6,23.9,0.2309,1.6016,2.96,740.3,1.2317,1.9714,0.273953,Amor,0,1996,2029-11-17
NEO-103401,(NEO-103401) 2013 GW87,0.0542,21.14,0.030914,4624648.5,29.61,0.4033,1.5087,1.63,676.8,0.9002,2.1171,0.02228,Apollo,0,2013,2026-09-25
NEO-102547,(NEO-102547) 1997 TS78,0.0644,19.93,0.244247,36538756.5,23.25,0.4159,1.1912,9.73,474.8,0.6958,1.6865,0.209937,Apollo,0,1997,2031-05-22
NEO-101396,(NEO-101396) 2004 HS29,0.8672,6.66,0.239967,35898530.1,15.68,0.4395,1.1,18.94,421.4,0.6166,1.5834,0.168343,Apollo,0,2004,2037-11-28
NEO-100634,(NEO-100634) 2021 DJ48,0.0887,12.55,0.00453,677630.2,25.85,0.6396,1.2509,5.32,511.0,0.4508,2.0509,0.003948,Apollo,0,2021,2030-01-10
NEO-102273,(NEO-102273) 2001 HZ58,0.0852,14.85,0.445993,66719550.9,25.12,0.157,2.1574,3.42,1157.4,1.8187,2.4961,0.396537,Atira,0,2001,2034-09-02
NEO-100591,(NEO-100591) 2011 HA32,0.6893,10.15,0.296224,44314514.1,16.79,0.55,1.8831,20.18,943.9,0.8474,2.9188,0.209156,Apollo,0,2011,2026-05-24
NEO-101938,(NEO-101938) 2015 DH73,0.0344,20.78,0.002101,314317.4,23.49,0.7229,1.9506,1.41,995.1,0.5405,3.3608,0.001966,Apollo,0,2015,2040-07-11
NEO-100022,(NEO-100022) 1996 UZ35,0.0326,13.52,0.008334,1246676.2,31.5,0.1078,0.9602,1.86,343.7,0.8567,1.0637,0.006444,Aten,0,1996,2031-12-14
PHA-300183,(PHA-300183) 2019 GR60,0.7999,21.56,0.019764,2956656.7,16.43,0.5259,1.3461,5.55,570.4,0.6382,2.054,0.018275,Apollo,1,2019,2029-12-18
NEO-100640,(NEO-100640) 2010 MK46,0.15,10.83,0.1723,25775660.4,19.65,0.1405,1.7496,12.55,845.3,1.5038,1.9954,0.13064,Atira,0,2010,2036-05-12
NEO-101797,(NEO-101797) 2006 TZ56,0.0307,18.6,0.005985,895279.3,26.82,0.3687,1.2334,7.89,500.3,0.7786,1.6881,0.005181,Apollo,0,2006,2034-09-11
NEO-100122,(NEO-100122) 1993 QU38,0.1143,12.14,0.173204,25910876.1,23.63,0.2459,1.8784,21.0,940.3,1.4165,2.3403,0.195494,Atira,0,1993,2044-12-26
NEO-101197,(NEO-101197) 2010 UH43,0.0078,31.3,0.1462,21871142.8,27.05,0.3863,2.4459,5.73,1397.1,1.5009,3.3908,0.129563,Atira,0,2010,2038-05-07
NEO-101727,(NEO-101727) 2008 PE89,0.13,21.96,0.323895,48454044.3,24.62,0.2538,1.5336,10.99,693.7,1.1444,1.9228,0.281297,Amor,0,2008,2030-07-09
NEO-100805,(NEO-100805) 1999 AA85,0.0744,24.13,0.309665,46325173.5,23.22,0.2164,1.774,1.89,863.0,1.3901,2.1579,0.231065,Atira,0,1999,2038-11-02
NEO-102104,(NEO-102104) 1995 BH68,0.0168,7.64,0.063986,9572237.1,24.24,0.5296,1.3339,6.48,562.7,0.6275,2.0404,0.048416,Apollo,0,1995,2044-11-27
PHA-300107,(PHA-300107) 2009 RH18,0.3053,11.0,0.017085,2555900.7,17.68,0.4424,0.75,3.2,237.2,0.4182,1.0818,0.017221,Aten,1,2009,2031-01-12
PHA-300635,(PHA-300635) 2023 CU38,0.7701,41.54,0.021347,3193461.6,16.32,0.2757,1.4068,0.65,609.5,1.0189,1.7947,0.015113,Apollo,1,2023,2043-07-25
NEO-101046,(NEO-101046) 2004 RZ35,0.002,16.44,0.026279,3931228.2,26.75,0.4601,1.4788,8.86,656.8,0.7984,2.1591,0.025607,Apollo,0,2004,2042-09-27
4179,4179 Toutatis (1989 AC),2.45,39.2,0.0103,1540000.0,15.3,0.634,2.512,0.47,1456.0,0.92,4.104,0.0061,Apollo,1,1989,2004-09-29
PHA-300064,(PHA-300064) 2017 RJ20,1.1313,17.51,0.030454,4555918.5,15.12,0.4249,1.6621,8.24,782.7,0.9558,2.3684,0.019666,Apollo,1,2017,2033-08-03
NEO-100931,(NEO-100931) 2003 GR84,0.9112,19.39,0.128365,19203162.1,15.78,0.5213,1.1,22.85,421.4,0.5266,1.6734,0.094221,Apollo,0,2003,2025-08-23
PHA-300457,(PHA-300457) 1996 GG54,0.9402,22.33,0.014806,2214958.5,15.69,0.2782,1.6473,5.78,772.2,1.189,2.1056,0.013368,Apollo,1,1996,2041-09-03
NEO-102569,(NEO-102569) 2003 QO33,0.005,20.34,0.054111,8094931.6,23.86,0.5074,1.1569,13.46,454.5,0.5699,1.7438,0.05048,Apollo,0,2003,2027-06-12
2024YR4,2024 YR4,0.055,17.12,0.00072,107700.0,24.1,0.342,1.28,1.82,529.0,0.842,1.718,0.00065,Apollo,0,2024,2032-12-22
NEO-100422,(NEO-100422) 1993 XH13,0.9192,15.61,0.057344,8578515.5,16.11,0.1294,1.5928,29.2,734.2,1.3866,1.7989,0.065622,Atira,0,1993,2036-12-21
NEO-100095,(NEO-100095) 1996 PU81,0.5526,24.06,0.091582,13700414.9,16.74,0.0453,1.2102,15.28,486.3,1.1554,1.265,0.116264,Amor,0,1996,2038-10-04
NEO-101771,(NEO-101771) 2004 UN66,0.0184,28.17,0.003524,527218.3,22.4,0.0833,1.4503,12.96,637.9,1.3294,1.5712,0.004442,Atira,0,2004,2035-04-02
PHA-300218,(PHA-300218) 2003 VM26,0.7208,32.65,0.006294,941551.3,16.51,0.3847,1.1318,26.76,439.8,0.6963,1.5673,0.005676,Apollo,1,2003,2044-01-20
NEO-100239,(NEO-100239) 2004 FM98,0.0398,8.26,0.02085,3119150.2,25.98,0.1191,0.9604,7.59,343.8,0.846,1.0747,0.020452,Aten,0,2004,2041-11-09
NEO-101766,(NEO-101766) 1998 OM9,0.5947,17.9,0.353016,52810477.8,16.55,0.4412,1.8667,9.83,931.6,1.0431,2.6904,0.294395,Amor,0,1998,2036-10-26
PHA-300232,(PHA-300232) 2025 PX46,1.1253,21.28,0.004513,675206.1,14.9,0.2943,0.9407,3.12,333.3,0.6638,1.2176,0.003457,Aten,1,2025,2031-04-28
NEO-102122,(NEO-102122) 1991 WM37,1.6769,15.31,0.080227,12001783.4,15.07,0.1347,2.7783,19.39,1691.5,2.4042,3.1524,0.057557,Atira,0,1991,2043-02-24
PHA-300748,(PHA-300748) 2002 RV1,0.2628,14.81,0.013884,2077027.5,18.49,0.4803,2.0877,7.92,1101.8,1.085,3.0904,0.010354,Apollo,1,2002,2041-07-18
NEO-100336,(NEO-100336) 1996 XF79,0.0078,20.36,0.010263,1535276.0,22.24,0.2845,1.7429,23.41,840.4,1.2471,2.2387,0.010234,Amor,0,1996,2033-06-20
NEO-102046,(NEO-102046) 2001 GP2,1.3553,10.28,0.07469,11173405.2,14.77,0.0359,1.4871,11.08,662.3,1.4337,1.5404,0.093094,Atira,0,2001,2025-01-17
NEO-102911,(NEO-102911) 1994 QW14,0.5678,18.85,0.219245,32798582.3,17.17,0.3381,1.8441,12.23,914.6,1.2206,2.4675,0.220523,Amor,0,1994,2038-03-09
NEO-100806,(NEO-100806) 2013 PL1,3.4336,15.48,0.269119,40259611.9,13.24,0.1487,2.1446,20.85,1147.2,1.8257,2.4636,0.317338,Atira,0,2013,2041-12-16
NEO-101573,(NEO-101573) 2013 HN60,0.0231,16.22,0.048214,7212646.6,23.5,0.4456,1.0501,29.15,393.0,0.5821,1.518,0.051738,Apollo,0,2013,2030-10-16
NEO-103077,(NEO-103077) 2022 TY23,0.0284,21.4,0.013195,1973940.8,25.41,0.29,0.8949,4.84,309.2,0.6354,1.1544,0.016245,Aten,0,2022,2028-05-26
NEO-102693,(NEO-102693) 1997 JA76,0.034,12.44,0.021141,3162657.3,26.74,0.5452,0.7834,23.15,253.3,0.3563,1.2106,0.02692,Aten,0,1997,2029-10-12
NEO-102066,(NEO-102066) 2008 AB79,0.6437,15.51,0.369042,55207832.3,16.91,0.3323,1.5532,0.86,707.0,1.0371,2.0693,0.356113,Amor,0,2008,2038-02-15
NEO-102597,(NEO-102597) 2016 JS57,0.91,12.37,0.359015,53707931.4,15.79,0.1238,1.9125,3.4,966.0,1.6757,2.1493,0.317733,Atira,0,2016,2026-03-21
NEO-101739,(NEO-101739) 1992 NV33,0.0562,27.04,0.303884,45460441.0,22.11,0.1378,1.7303,10.51,831.3,1.4918,1.9688,0.216311,Atira,0,1992,2041-04-24
NEO-100781,(NEO-100781) 1999 RQ90,0.016,16.97,0.020281,3034022.6,29.5,0.5383,1.756,4.88,849.9,0.8107,2.7012,0.023338,Apollo,0,1999,2044-04-26
NEO-103814,(NEO-103814) 1999 JD98,0.0136,12.52,0.05685,8504649.4,26.83,0.4277,1.1824,0.79,469.6,0.6767,1.688,0.068297,Apollo,0,1999,2041-12-05
NEO-101500,(NEO-101500) 2007 TY68,0.0069,27.54,0.001269,189843.8,23.68,0.4956,1.1453,11.45,447.7,0.5777,1.713,0.001073,Apollo,0,2007,2027-10-16
NEO-101885,(NEO-101885) 2020 AM53,0.1091,22.5,0.334105,49981417.9,24.74,0.4817,1.8344,7.87,907.5,0.9507,2.7181,0.425717,Apollo,0,2020,2028-12-23
NEO-103400,(NEO-103400) 2015 DS98,0.6269,22.12,0.337281,50456524.5,16.34,0.2765,2.6064,1.53,1536.9,1.8858,3.327,0.386528,Atira,0,2015,2025-01-06
NEO-100488,(NEO-100488) 2016 VR62,1.573,19.89,0.289992,43382125.9,14.96,0.2295,1.4949,22.27,667.6,1.1518,1.838,0.376438,Amor,0,2016,2035-11-18
NEO-102624,(NEO-102624) 1990 NK29,0.002,28.62,0.01134,1696504.0,23.49,0.75,1.5966,6.54,736.9,0.3992,2.7941,0.009205,Apollo,0,1990,2043-03-22
NEO-102988,(NEO-102988) 1996 VD1,0.002,16.0,0.003225,482399.7,22.66,0.1636,1.0719,12.77,405.3,0.8966,1.2473,0.004136,Apollo,0,1996,2039-08-24
NEO-103649,(NEO-103649) 2005 ME91,0.2136,15.99,0.190598,28513049.7,18.53,0.4938,2.1079,5.51,1117.8,1.0671,3.1488,0.172849,Amor,0,2005,2036-07-20
NEO-101538,(NEO-101538) 1995 XF86,0.0159,11.79,0.018487,2765544.1,24.08,0.0803,1.6122,0.32,747.7,1.4828,1.7417,0.021108,Atira,0,1995,2040-07-08
NEO-101151,(NEO-101151) 2007 XA66,0.0235,12.96,0.006536,977730.2,31.5,0.5936,1.4847,8.66,660.8,0.6034,2.366,0.008101,Apollo,0,2007,2041-03-20
NEO-102690,(NEO-102690) 2020 MR93,0.3958,14.13,0.315325,47172015.1,17.29,0.315,1.8017,50.6,883.3,1.2341,2.3692,0.356835,Amor,0,2020,2043-12-02
NEO-100937,(NEO-100937) 1999 FD85,0.4121,10.69,0.309737,46336024.1,17.33,0.1144,2.077,12.57,1093.3,1.8393,2.3146,0.363068,Atira,0,1999,2041-12-21
NEO-101915,(NEO-101915) 2006 TT72,0.0059,16.6,0.003078,460510.5,25.85,0.4591,2.0151,7.41,1044.8,1.09,2.9402,0.003388,Amor,0,2006,2025-10-26
NEO-103653,(NEO-103653) 1995 RG11,0.0055,15.93,0.01467,2194558.5,22.25,0.1149,1.4561,1.49,641.8,1.2888,1.6234,0.013614,Amor,0,1995,2041-12-17
NEO-101648,(NEO-101648) 1992 ZR96,0.862,18.26,0.145311,21738232.1,16.0,0.55,1.9027,21.35,958.6,0.8562,2.9492,0.107255,Apollo,0,1992,2033-01-10
NEO-103183,(NEO-103183) 1997 LR38,0.4885,6.73,0.093259,13951416.7,17.42,0.161,1.4075,5.04,609.9,1.1809,1.6341,0.107,Amor,0,1997,2034-12-16
NEO-100669,(NEO-100669) 1993 CH5,0.0243,11.39,0.027463,4108378.7,24.8,0.3027,1.2594,2.64,516.2,0.8781,1.6406,0.020793,Apollo,0,1993,2031-05-05
NEO-101334,(NEO-101334) 1990 LP97,0.3504,8.55,0.393052,58799789.1,17.45,0.2115,1.7803,25.12,867.6,1.4039,2.1568,0.499874,Atira,0,1990,2031-12-14
NEO-100345,(NEO-100345) 1997 VT38,0.0872,13.82,0.007512,1123707.0,23.11,0.3689,1.6696,3.84,788.0,1.0537,2.2855,0.007984,Amor,0,1997,2042-10-06
NEO-103679,(NEO-103679) 2012 RQ1,0.0419,14.43,0.146934,21980944.6,25.05,0.4455,1.8835,2.55,944.1,1.0444,2.7226,0.182434,Amor,0,2012,2025-12-24
PHA-300222,(PHA-300222) 2018 PB31,0.4888,12.55,0.017133,2563080.9,17.05,0.725,1.3447,16.33,569.6,0.3698,2.3197,0.014369,Apollo,1,2018,2037-08-15
PHA-300056,(PHA-300056) 2005 AT53,0.1769,12.53,0.007912,1183599.3,19.61,0.1992,1.0907,10.35,416.1,0.8734,1.308,0.008453,Apollo,1,2005,2029-08-01
NEO-100779,(NEO-100779) 2016 HA46,0.002,16.05,0.061174,9151572.5,25.73,0.296,1.0229,10.06,377.9,0.7201,1.3257,0.051656,Apollo,0,2016,2037-02-12
NEO-102459,(NEO-102459) 2007 HV71,0.135,14.09,0.051579,7716069.7,23.31,0.3237,1.0109,15.12,371.2,0.6836,1.3382,0.041926,Apollo,0,2007,2034-04-12
NEO-102772,(NEO-102772) 1995 VK90,0.094,11.85,0.082914,12403772.4,22.79,0.5428,0.8617,0.24,292.2,0.394,1.3294,0.09608,Aten,0,1995,2034-01-18
PHA-300115,(PHA-300115) 2005 RW70,0.14,30.94,0.033205,4967444.8,19.96,0.5829,1.3623,1.36,580.7,0.5682,2.1564,0.021261,Apollo,1,2005,2031-07-18
NEO-100472,(NEO-100472) 1992 BC79,0.0255,24.26,0.043936,6572683.7,24.44,0.5168,1.3974,2.1,603.4,0.6752,2.1196,0.056571,Apollo,0,1992,2039-06-18
NEO-101152,(NEO-101152) 2001 ZB65,1.3814,26.15,0.07191,10757640.3,14.95,0.0929,1.628,5.94,758.7,1.4768,1.7792,0.058843,Atira,0,2001,2027-03-01
NEO-103518,(NEO-103518) 2024 OW27,0.4547,18.98,0.222035,33216021.4,17.39,0.2614,1.6397,1.19,766.9,1.2111,2.0684,0.192497,Amor,0,2024,2044-11-19
NEO-103482,(NEO-103482) 2014 GN27,0.002,14.93,0.077392,11577680.6,23.64,0.3003,2.2819,0.58,1259.0,1.5967,2.9671,0.093076,Atira,0,2014,2036-01-11
NEO-101251,(NEO-101251) 1994 CM62,0.0031,14.02,0.002515,376300.7,29.16,0.3814,1.5458,2.57,702.0,0.9562,2.1354,0.003182,Apollo,0,1994,2039-06-26
NEO-102262,(NEO-102262) 2001 DN2,0.6807,11.91,0.072596,10860149.1,15.85,0.1914,1.6064,14.99,743.7,1.2989,1.9139,0.058707,Amor,0,2001,2034-05-20
NEO-103457,(NEO-103457) 2010 JZ3,0.1802,11.85,0.170673,25532345.3,19.73,0.1476,2.4984,6.95,1442.4,2.1296,2.8672,0.171521,Atira,0,2010,2036-06-26
NEO-102521,(NEO-102521) 1996 KH58,0.3696,10.83,0.571666,85520038.2,17.65,0.2582,1.4469,8.99,635.7,1.0733,1.8205,0.7,Amor,0,1996,2038-06-20
NEO-103465,(NEO-103465) 2007 CO82,0.0373,15.56,0.018248,2729926.7,23.43,0.3668,0.9503,6.79,338.4,0.6017,1.2989,0.015055,Aten,0,2007,2031-12-28
NEO-101973,(NEO-101973) 2022 TO14,1.0166,19.89,0.202629,30312818.3,14.87,0.3994,2.2384,15.21,1223.2,1.3444,3.1324,0.244845,Atira,0,2022,2030-08-26
NEO-100094,(NEO-100094) 2023 YA58,0.0083,11.46,0.01627,2433920.9,23.62,0.1766,1.3917,0.59,599.7,1.146,1.6375,0.018881,Amor,0,2023,2038-11-09
NEO-100822,(NEO-100822) 2007 RA20,0.0257,4.66,0.003453,516504.8,22.64,0.6649,1.1082,6.78,426.1,0.3714,1.8451,0.002619,Apollo,0,2007,2032-03-17
PHA-300354,(PHA-300354) 2019 DK74,0.3606,19.27,0.010675,1596892.2,17.93,0.6695,1.6732,0.81,790.5,0.553,2.7935,0.007998,Apollo,1,2019,2042-11-04
NEO-102463,(NEO-102463) 2005 XL78,0.0078,15.77,0.002118,316801.9,22.65,0.4702,1.4433,17.62,633.3,0.7647,2.1219,0.002685,Apollo,0,2005,2025-09-25
NEO-101301,(NEO-101301) 2007 SM36,3.338,3.81,0.271674,40641914.9,13.12,0.2407,3.1332,12.79,2025.7,2.379,3.8874,0.222021,Atira,0,2007,2036-03-06
NEO-103299,(NEO-103299) 2003 MS44,0.0873,16.03,0.012598,1884622.0,28.04,0.3669,1.3637,2.17,581.6,0.8634,1.864,0.014834,Apollo,0,2003,2040-11-23
PHA-300515,(PHA-300515) 2007 VH30,0.291,32.04,0.006393,956395.8,18.05,0.468,1.3628,46.16,581.1,0.725,2.0006,0.005922,Apollo,1,2007,2034-05-17
PHA-300045,(PHA-300045) 2018 PH5,0.14,33.08,0.022669,3391295.8,19.73,0.5498,2.3497,2.45,1315.5,1.0577,3.6417,0.018403,Apollo,1,2018,2038-11-12
PHA-300628,(PHA-300628) 2016 KK74,0.2418,23.42,0.00083,124153.4,19.1,0.4263,0.75,28.14,237.2,0.4303,1.0697,0.000591,Aten,1,2016,2040-06-05
PHA-300292,(PHA-300292) 2014 VL48,0.2719,15.6,0.005767,862682.9,19.0,0.5199,1.6925,17.21,804.2,0.8125,2.5725,0.005491,Apollo,1,2014,2034-08-03
NEO-101942,(NEO-101942) 2016 PZ56,0.1632,6.84,0.09215,13785385.7,19.95,0.2488,1.9953,3.03,1029.5,1.4988,2.4918,0.074431,Atira,0,2016,2036-08-04
NEO-100452,(NEO-100452) 2022 RJ80,0.0428,15.24,0.008692,1300271.8,24.35,0.4124,1.0656,0.11,401.8,0.6261,1.5051,0.007286,Apollo,0,2022,2039-08-19
NEO-101231,(NEO-101231) 2003 XA28,0.0878,21.73,0.005814,869787.2,23.62,0.3957,1.8411,7.64,912.5,1.1127,2.5696,0.006376,Amor,0,2003,2041-07-19
NEO-102820,(NEO-102820) 2005 AL33,0.13,17.73,0.103178,15435212.9,23.15,0.4473,1.7449,2.27,841.9,0.9644,2.5254,0.092279,Apollo,0,2005,2039-11-06
NEO-103319,(NEO-103319) 2021 GB44,0.008,11.28,0.012269,1835448.4,24.32,0.5319,1.0918,0.12,416.7,0.511,1.6725,0.015377,Apollo,0,2021,2025-05-12
NEO-102054,(NEO-102054) 2018 LP86,0.0274,23.08,0.054506,8153939.7,31.5,0.2387,1.4027,19.9,606.8,1.0679,1.7375,0.043567,Amor,0,2018,2038-01-08
NEO-101462,(NEO-101462) 2025 NH24,0.033,31.32,0.016033,2398502.0,22.47,0.3845,1.1096,10.84,426.9,0.683,1.5363,0.016653,Apollo,0,2025,2034-10-21
NEO-101437,(NEO-101437) 2016 TS51,1.0449,12.18,0.215184,32191094.5,15.53,0.1893,1.4598,35.15,644.2,1.1834,1.7361,0.181375,Amor,0,2016,2037-07-15
NEO-101472,(NEO-101472) 2008 FZ76,0.0121,12.45,0.043711,6539128.8,22.68,0.4895,1.9492,2.91,994.0,0.9951,2.9032,0.036035,Apollo,0,2008,2040-05-05
NEO-100929,(NEO-100929) 2014 PX95,0.0268,13.22,0.005811,869374.3,23.31,0.5813,1.0244,7.55,378.7,0.4289,1.62,0.006979,Apollo,0,2014,2028-02-23
NEO-101144,(NEO-101144) 2000 UC21,0.8916,6.83,0.252878,37830059.1,15.76,0.3366,1.3841,29.99,594.8,0.9182,1.8501,0.261208,Apollo,0,2000,2025-03-16
NEO-103356,(NEO-103356) 1997 DQ9,0.0266,16.46,0.035747,5347644.6,23.11,0.5828,0.7243,6.43,225.1,0.3022,1.1464,0.039823,Aten,0,1997,2033-07-04
NEO-102293,(NEO-102293) 2023 TH93,0.01,12.51,0.355043,53113613.4,23.43,0.3803,1.3763,0.98,589.7,0.8529,1.8996,0.348323,Apollo,0,2023,2033-10-12
NEO-101569,(NEO-101569) 2024 SO48,1.0325,9.06,0.097329,14560225.5,15.58,0.55,1.1,8.98,421.4,0.495,1.705,0.118676,Apollo,0,2024,2036-01-20
PHA-300513,(PHA-300513) 2000 MG50,0.217,25.87,0.005963,892071.0,19.57,0.15,1.503,0.35,673.0,1.2775,1.7284,0.005427,Apollo,1,2000,2025-12-20
NEO-103076,(NEO-103076) 2019 AB33,0.0377,21.58,0.008833,1321463.1,23.78,0.4991,1.064,3.58,400.8,0.5329,1.595,0.010717,Apollo,0,2019,2031-04-25
NEO-102298,(NEO-102298) 1990 VK1,0.035,14.8,0.008974,1342451.0,23.95,0.5632,1.754,4.43,848.5,0.7661,2.742,0.011457,Apollo,0,1990,2026-06-03
NEO-103332,(NEO-103332) 2001 LY80,0.0322,5.77,0.018084,2705297.0,22.6,0.6816,1.2826,0.34,530.6,0.4083,2.1569,0.013009,Apollo,0,2001,2042-01-26
NEO-101145,(NEO-101145) 1990 SO62,0.035,25.16,0.019104,2857983.4,23.91,0.5337,0.8295,1.58,276.0,0.3868,1.2723,0.021477,Aten,0,1990,2043-11-15
PHA-300661,(PHA-300661) 2011 SE98,0.3099,18.1,0.015017,2246548.1,17.42,0.3638,1.6815,4.83,796.4,1.0698,2.2931,0.010286,Apollo,1,2011,2040-12-11
PHA-300656,(PHA-300656) 1997 EJ28,1.0395,18.28,0.05,7479893.5,15.05,0.4079,0.964,38.75,345.7,0.5708,1.3573,0.044491,Aten,1,1997,2031-07-21
NEO-103344,(NEO-103344) 2001 UU88,1.5285,16.3,0.137351,20547439.4,14.52,0.3225,1.5821,6.18,726.8,1.0718,2.0923,0.175161,Amor,0,2001,2028-02-19
NEO-101063,(NEO-101063) 2004 NB35,0.0388,7.71,0.076723,11477633.4,22.52,0.75,1.1915,37.55,475.0,0.2979,2.0851,0.091019,Apollo,0,2004,2043-07-15
NEO-102442,(NEO-102442) 2005 JQ5,0.2011,9.43,0.083347,12468573.4,19.53,0.2154,1.3503,3.19,573.1,1.0595,1.6412,0.058896,Amor,0,2005,2027-07-06
PHA-300270,(PHA-300270) 2005 FO51,0.14,25.95,0.019541,2923364.5,19.84,0.4219,1.7791,11.6,866.8,1.0286,2.5297,0.018975,Apollo,1,2005,2028-03-27
NEO-100895,(NEO-100895) 2005 TT32,0.135,24.94,0.054302,8123443.7,23.27,0.3477,1.041,2.99,387.9,0.679,1.403,0.046095,Apollo,0,2005,2031-05-26
NEO-102123,(NEO-102123) 2011 UL73,0.1059,18.79,0.22451,33586226.4,25.05,0.3771,1.1833,5.1,470.1,0.7371,1.6294,0.258146,Apollo,0,2011,2031-03-19
NEO-100075,(NEO-100075) 2025 ZA72,0.0215,17.2,0.33756,50498283.3,24.17,0.1361,1.7631,16.33,855.1,1.5232,2.0031,0.366756,Atira,0,2025,2025-10-19
NEO-103947,(NEO-103947) 2008 OW53,0.0609,25.15,0.224275,33550998.7,22.1,0.3532,1.4448,1.89,634.3,0.9346,1.9551,0.254051,Apollo,0,2008,2026-12-05
PHA-300750,(PHA-300750) 1995 UM17,0.8413,25.11,0.025327,3788934.1,15.43,0.7729,1.5575,14.54,710.0,0.3538,2.7612,0.023554,Apollo,1,1995,2034-02-23
NEO-101082,(NEO-101082) 2003 ZG79,0.0048,17.21,0.005154,770968.8,23.85,0.6505,1.6225,0.64,754.8,0.5671,2.6778,0.005406,Apollo,0,2003,2029-04-12
NEO-103218,(NEO-103218) 1990 TB58,0.026,13.98,0.019653,2940106.6,24.38,0.4518,1.274,10.42,525.2,0.6984,1.8495,0.02548,Apollo,0,1990,2034-02-18
NEO-102999,(NEO-102999) 2015 HF51,0.0173,13.47,0.006022,900917.4,27.58,0.6468,1.227,0.1,496.4,0.4334,2.0206,0.004692,Apollo,0,2015,2035-11-01
NEO-103314,(NEO-103314) 2011 TZ84,0.028,18.97,0.090368,13518932.8,24.25,0.2191,1.8425,1.27,913.5,1.4389,2.2461,0.068509,Atira,0,2011,2043-03-01
NEO-102994,(NEO-102994) 2025 ZQ60,0.0025,21.57,0.009592,1434991.8,24.98,0.5653,1.8245,6.52,900.2,0.793,2.856,0.009991,Apollo,0,2025,2040-05-05
NEO-101769,(NEO-101769) 2011 UD83,0.0685,10.05,0.393563,58876184.9,23.83,0.2209,1.3484,7.33,571.9,1.0505,1.6463,0.353509,Amor,0,2011,2042-11-20
NEO-103340,(NEO-103340) 2021 HQ21,4.1965,17.29,0.234656,35104005.6,12.58,0.4384,2.7454,5.35,1661.5,1.5418,3.9489,0.262091,Atira,0,2021,2028-07-23
NEO-102207,(NEO-102207) 2014 LU90,0.5045,5.91,0.188003,28124843.3,17.2,0.0804,1.9774,14.59,1015.7,1.8184,2.1365,0.239241,Atira,0,2014,2032-03-24
NEO-102755,(NEO-102755) 1992 HL49,0.0259,29.91,0.102586,15346671.8,24.95,0.521,1.6685,0.9,787.2,0.7991,2.5379,0.093098,Apollo,0,1992,2030-01-06
NEO-102008,(NEO-102008) 2024 PY23,0.0061,20.45,0.393279,58833769.0,24.85,0.4794,1.1358,18.58,442.1,0.5913,1.6803,0.351671,Apollo,0,2024,2039-04-18
NEO-102648,(NEO-102648) 1993 KU22,0.099,20.36,0.073597,11009891.4,24.43,0.3045,0.8,4.57,261.4,0.5564,1.0436,0.052961,Aten,0,1993,2034-07-27
PHA-300127,(PHA-300127) 2025 VC57,0.8769,28.71,0.019684,2944749.5,15.38,0.5288,1.7504,1.12,845.8,0.8248,2.676,0.016211,Apollo,1,2025,2030-04-21
NEO-101356,(NEO-101356) 2012 EO8,0.0192,13.26,0.00359,537129.3,29.26,0.7016,0.9975,3.79,363.9,0.2977,1.6974,0.003572,Aten,0,2012,2031-12-26
NEO-101304,(NEO-101304) 2012 MX53,0.15,15.82,0.099419,14872816.9,19.77,0.55,1.9356,9.41,983.6,0.871,3.0001,0.127205,Apollo,0,2012,2037-09-06
NEO-102353,(NEO-102353) 1991 PD62,0.0064,14.57,0.064494,9648200.8,23.08,0.1911,1.4944,11.94,667.2,1.2088,1.78,0.064418,Amor,0,1991,2037-12-09
NEO-103370,(NEO-103370) 2011 AH49,0.9509,10.72,0.116995,17502180.4,15.82,0.55,1.2208,14.16,492.7,0.5493,1.8922,0.136618,Apollo,0,2011,2025-03-08
NEO-100507,(NEO-100507) 2007 ZK41,0.002,14.07,0.001455,217670.6,23.34,0.3939,1.8535,10.6,921.7,1.1235,2.5836,0.001133,Amor,0,2007,2038-07-18
NEO-101193,(NEO-101193) 1992 AB51,0.1133,10.69,0.097501,14585901.3,23.47,0.2961,1.8598,5.72,926.4,1.3091,2.4105,0.107771,Atira,0,1992,2030-11-20
NEO-101658,(NEO-101658) 2002 UW94,0.0053,11.24,0.075809,11340828.3,23.88,0.284,1.6154,1.84,749.9,1.1566,2.0742,0.092195,Amor,0,2002,2033-04-17
NEO-100534,(NEO-100534) 2005 OD72,2.2083,23.35,0.369815,55323509.1,14.51,0.1737,2.1375,5.52,1141.5,1.7662,2.5089,0.421694,Atira,0,2005,2044-12-04
NEO-100505,(NEO-100505) 1991 NW84,0.0052,15.72,0.033531,5016186.9,29.48,0.2047,1.3396,8.6,566.3,1.0654,1.6138,0.037762,Amor,0,1991,2036-12-04
NEO-101326,(NEO-101326) 1990 RQ85,0.096,4.13,0.041295,6177666.3,24.69,0.6993,1.8255,11.59,900.9,0.549,3.102,0.050424,Apollo,0,1990,2044-01-24
NEO-101298,(NEO-101298) 2013 OR63,0.046,23.56,0.037987,5682745.4,24.5,0.2963,2.0001,11.32,1033.1,1.4075,2.5926,0.029684,Atira,0,2013,2026-10-11
NEO-103157,(NEO-103157) 1992 HN54,0.002,23.12,0.008313,1243553.6,31.5,0.75,1.4953,8.35,667.9,0.3738,2.6168,0.008001,Apollo,0,1992,2036-08-03
NEO-100428,(NEO-100428) 2012 YE26,0.13,28.06,0.339062,50722982.7,23.21,0.6464,2.3344,1.17,1302.7,0.8254,3.8434,0.291396,Apollo,0,2012,2025-03-20
NEO-102454,(NEO-102454) 2025 OF19,0.0025,16.38,0.001764,263939.4,23.92,0.3933,1.494,7.23,667.0,0.9065,2.0816,0.002085,Apollo,0,2025,2040-07-09
NEO-102550,(NEO-102550) 2013 XQ23,0.493,21.95,0.092377,13819442.8,16.85,0.1651,2.4007,13.95,1358.6,2.0042,2.7972,0.065253,Atira,0,2013,2031-01-04
NEO-101990,(NEO-101990) 2019 SY92,0.0088,18.89,0.039061,5843507.5,25.38,0.5848,1.3512,2.93,573.7,0.561,2.1413,0.027783,Apollo,0,2019,2037-07-12
NEO-101024,(NEO-101024) 2010 PZ82,0.0237,9.47,0.027373,4094887.6,23.82,0.1529,1.8148,8.92,892.9,1.5373,2.0922,0.025401,Atira,0,2010,2025-07-13
NEO-102213,(NEO-102213) 2014 CJ96,0.1226,12.18,0.057813,8648660.9,23.85,0.5094,1.6395,2.57,766.8,0.8044,2.4747,0.061419,Apollo,0,2014,2030-01-05
PHA-300378,(PHA-300378) 2004 LF70,0.4589,24.04,0.002442,365337.9,17.63,0.1621,0.9888,2.06,359.1,0.8285,1.1491,0.002065,Aten,1,2004,2042-04-16
PHA-300225,(PHA-300225) 2009 MC81,0.2028,26.45,0.000862,129025.5,19.35,0.2004,1.5259,7.33,688.5,1.2201,1.8318,0.000637,Apollo,1,2009,2039-04-08
NEO-100253,(NEO-100253) 2023 RX52,0.1002,15.75,0.116386,17411073.3,25.89,0.597,1.8754,4.1,938.0,0.7557,2.995,0.136893,Apollo,0,2023,2027-12-08
NEO-101160,(NEO-101160) 2008 BF79,0.0735,23.55,0.44868,67121513.5,23.35,0.2716,1.8666,3.3,931.5,1.3596,2.3736,0.332449,Atira,0,2008,2036-07-17
NEO-103138,(NEO-103138) 2021 EL94,0.0219,11.88,0.065783,9840952.6,22.31,0.3179,1.4611,7.51,645.1,0.9966,1.9256,0.081818,Apollo,0,2021,2028-10-09
PHA-300760,(PHA-300760) 2017 LU9,0.2077,16.55,0.003508,524779.6,19.79,0.4654,1.6052,8.22,742.8,0.8582,2.3522,0.002179,Apollo,1,2017,2036-12-15
NEO-101341,(NEO-101341) 1991 OQ2,0.2948,15.78,0.180986,27075123.5,17.66,0.1844,1.8436,11.01,914.3,1.5036,2.1836,0.182784,Atira,0,1991,2027-11-13
PHA-300663,(PHA-300663) 2000 AO48,0.3028,26.32,0.001212,181364.5,18.05,0.2978,0.813,20.38,267.8,0.5709,1.0551,0.001157,Aten,1,2000,2042-12-02
PHA-300239,(PHA-300239) 1996 PM28,0.4223,11.0,0.032966,4931683.4,17.78,0.3741,1.5686,12.33,717.6,0.9817,2.1555,0.032715,Apollo,1,1996,2028-08-25
NEO-100750,(NEO-100750) 1994 AC24,0.0555,4.35,0.002865,428624.7,24.04,0.4838,1.6767,23.03,793.0,0.8655,2.4879,0.002655,Apollo,0,1994,2036-02-10
NEO-102595,(NEO-102595) 1996 AZ25,0.0647,11.74,0.033576,5022852.8,26.47,0.266,1.0153,5.76,373.7,0.7453,1.2854,0.034993,Apollo,0,1996,2036-07-01
NEO-101257,(NEO-101257) 2012 GD41,0.077,21.45,0.005232,782766.4,26.37,0.1121,1.4068,9.01,609.4,1.2491,1.5644,0.005603,Amor,0,2012,2040-11-05
NEO-100999,(NEO-100999) 2025 ZN5,0.0706,22.37,0.016622,2486558.4,22.53,0.448,1.2662,45.0,520.4,0.699,1.8334,0.01991,Apollo,0,2025,2034-04-01
PHA-300706,(PHA-300706) 2012 NK72,0.6572,18.34,0.010888,1628764.2,16.77,0.4806,2.005,2.98,1037.0,1.0415,2.9686,0.011917,Apollo,1,2012,2026-06-04
NEO-103662,(NEO-103662) 1991 OH26,0.3821,18.39,0.244892,36635322.3,17.59,0.55,2.6801,0.58,1602.6,1.206,4.1541,0.171774,Amor,0,1991,2039-01-20
NEO-101224,(NEO-101224) 2010 BK43,0.075,27.92,0.005559,831637.9,22.52,0.2643,1.6205,2.28,753.5,1.1922,2.0488,0.006994,Amor,0,2010,2025-08-12
NEO-103354,(NEO-103354) 2011 EA86,0.0477,19.46,0.014005,2095137.2,24.19,0.5342,1.6705,34.22,788.6,0.778,2.5629,0.017867,Apollo,0,2011,2027-08-02
NEO-101900,(NEO-101900) 2025 NH35,0.0298,24.65,0.022187,3319135.4,25.31,0.4076,1.2411,4.49,505.0,0.7353,1.747,0.016138,Apollo,0,2025,2028-04-15
NEO-103522,(NEO-103522) 2008 AZ75,0.2217,3.66,0.180755,27040567.6,18.82,0.1686,1.1,1.56,421.4,0.9146,1.2854,0.174272,Apollo,0,2008,2042-01-03
NEO-100636,(NEO-100636) 2013 LJ45,0.0997,25.88,0.085466,12785460.5,22.39,0.4088,1.6375,12.09,765.3,0.9681,2.3069,0.063637,Apollo,0,2013,2031-06-19
NEO-100844,(NEO-100844) 2014 ZS96,0.0515,20.67,0.199142,29791284.7,22.79,0.6584,2.051,4.15,1072.9,0.7007,3.4013,0.179384,Apollo,0,2014,2026-12-13
NEO-101932,(NEO-101932) 2006 BN26,0.0125,20.07,0.0829,12401652.7,25.41,0.6107,0.9757,1.12,352.0,0.3798,1.5715,0.082644,Aten,0,2006,2040-03-27
NEO-101176,(NEO-101176) 2014 RW68,1.4516,23.18,0.245094,36665564.5,14.85,0.5148,1.9093,3.32,963.6,0.9265,2.8921,0.202195,Apollo,0,2014,2038-07-09
PHA-300394,(PHA-300394) 2007 ZN18,0.4089,26.44,0.028089,4202125.5,17.95,0.5216,1.2013,5.41,480.9,0.5747,1.8279,0.027353,Apollo,1,2007,2027-09-05
PHA-300374,(PHA-300374) 2022 KR64,0.389,21.15,0.006799,1017149.3,17.78,0.5339,1.7832,18.45,869.8,0.8311,2.7354,0.005426,Apollo,1,2022,2033-07-10
NEO-103493,(NEO-103493) 1994 MZ25,0.0438,22.8,0.08864,13260303.8,22.51,0.3138,1.8891,4.84,948.4,1.2963,2.4819,0.062194,Amor,0,1994,2035-11-08
NEO-101328,(NEO-101328) 2017 WM49,0.0578,26.1,0.189233,28308805.6,25.22,0.5406,2.0339,8.12,1059.5,0.9344,3.1335,0.225831,Apollo,0,2017,2037-05-14
NEO-100809,(NEO-100809) 2013 UU98,0.0409,14.48,0.08431,12612653.9,24.22,0.3109,1.4158,3.62,615.3,0.9756,1.856,0.098711,Apollo,0,2013,2028-02-02
NEO-103584,(NEO-103584) 1992 XC88,0.0105,4.0,0.04204,6289102.9,25.95,0.4631,1.5578,3.4,710.2,0.8364,2.2792,0.048748,Apollo,0,1992,2038-08-06
NEO-103101,(NEO-103101) 1991 CA7,0.4863,11.25,0.224693,33613583.8,16.97,0.3691,2.5416,9.8,1480.0,1.6036,3.4796,0.186867,Atira,0,1991,2039-01-20
NEO-103334,(NEO-103334) 2011 WH75,0.0248,21.51,0.003761,562660.6,23.45,0.1361,1.1238,15.59,435.1,0.9708,1.2768,0.003369,Apollo,0,2011,2030-03-12
PHA-300213,(PHA-300213) 2009 JU74,0.3391,13.24,0.03451,5162563.3,18.09,0.4361,1.8158,5.95,893.7,1.0239,2.6078,0.03405,Apollo,1,2009,2032-08-27
NEO-101369,(NEO-101369) 2020 UE58,0.0288,33.62,0.093856,14040727.8,25.16,0.1623,0.961,1.14,344.1,0.8051,1.117,0.111643,Aten,0,2020,2030-10-19
NEO-102312,(NEO-102312) 2024 XW95,0.0287,30.17,0.1508,22559369.2,24.75,0.1384,1.2767,3.08,526.9,1.1,1.4534,0.190389,Amor,0,2024,2031-03-05
NEO-101000,(NEO-101000) 2006 LG81,0.7875,4.65,0.148302,22185657.5,16.04,0.3679,1.1,3.89,421.4,0.6953,1.5047,0.185651,Apollo,0,2006,2029-05-01
NEO-103597,(NEO-103597) 2011 WN81,0.0151,15.02,0.018693,2796385.0,23.16,0.6263,0.9219,12.79,323.3,0.3445,1.4994,0.014938,Aten,0,2011,2039-04-14
PHA-300787,(PHA-300787) 2022 WG44,0.2089,21.0,0.00389,581861.9,19.18,0.2433,1.2544,19.7,513.1,0.9492,1.5595,0.00245,Apollo,1,2022,2043-12-13
NEO-102047,(NEO-102047) 2007 RM7,0.7109,12.32,0.257705,38552092.6,16.4,0.55,2.0744,1.53,1091.3,0.9335,3.2154,0.23929,Apollo,0,2007,2040-01-14
2024BX1,2024 BX1 (Berlin Fireball),0.001,15.2,1e-05,1500.0,32.8,0.41,1.32,7.3,554.0,0.78,1.86,1e-05,Apollo,0,2024,2024-01-21
NEO-101120,(NEO-101120) 2008 ED92,0.0229,20.62,0.043925,6571098.5,25.95,0.6243,0.8214,45.0,271.9,0.3086,1.3341,0.039402,Aten,0,2008,2042-04-03
NEO-101014,(NEO-101014) 1993 MF87,0.0456,28.56,0.05412,8096200.2,22.89,0.3004,0.7,20.44,213.9,0.4897,0.9103,0.040027,Atira,0,1993,2036-10-01
PHA-300245,(PHA-300245) 2020 QT26,0.1452,16.58,0.026573,3975248.3,19.39,0.6075,1.9083,3.33,962.8,0.7489,3.0676,0.028334,Apollo,1,2020,2026-11-19
NEO-103509,(NEO-103509) 2015 DH57,0.0222,22.53,0.006563,981789.8,22.8,0.2527,1.8999,16.63,956.5,1.4199,2.38,0.00612,Atira,0,2015,2037-06-16
NEO-100757,(NEO-100757) 2004 ZL52,0.0648,5.0,0.37354,55880840.8,23.97,0.3374,2.2191,40.0,1207.4,1.4703,2.9679,0.313721,Atira,0,2004,2041-09-21
NEO-102132,(NEO-102132) 2013 XE24,0.1222,7.02,0.076152,11392182.9,23.39,0.2703,1.0472,4.75,391.4,0.7642,1.3303,0.076575,Apollo,0,2013,2026-08-27
NEO-100100,(NEO-100100) 2008 QO25,0.1101,15.4,0.152058,22747563.1,23.19,0.7,1.5577,11.81,710.1,0.4673,2.6482,0.118088,Apollo,0,2008,2029-03-15
NEO-103431,(NEO-103431) 2006 RO39,0.0613,18.06,0.140006,20944589.0,22.1,0.3379,1.1704,13.32,462.5,0.775,1.5658,0.163348,Apollo,0,2006,2030-02-19
NEO-101684,(NEO-101684) 2023 SY94,0.15,22.06,0.106792,15975826.9,19.54,0.201,2.1177,1.99,1125.6,1.6921,2.5433,0.131967,Atira,0,2023,2033-03-10
NEO-102951,(NEO-102951) 2013 EF41,0.0071,15.08,0.006146,919395.3,26.96,0.2148,1.5026,4.2,672.7,1.1798,1.8253,0.006497,Amor,0,2013,2040-01-28
NEO-103312,(NEO-103312) 2007 DF84,0.0091,6.2,0.047269,7071354.6,22.64,0.4387,1.475,5.94,654.3,0.8278,2.1221,0.060908,Apollo,0,2007,2027-09-13
NEO-101955,(NEO-101955) 2006 SV21,0.0022,14.08,0.007711,1153520.5,22.94,0.4722,1.7774,4.14,865.5,0.9381,2.6166,0.009244,Apollo,0,2006,2040-03-18
PHA-300529,(PHA-300529) 2005 WT64,0.7568,29.18,0.013334,1994746.4,16.43,0.6049,1.9106,9.32,964.6,0.7548,3.0665,0.013694,Apollo,1,2005,2043-05-24
NEO-101921,(NEO-101921) 2018 RN27,0.0285,4.0,0.000511,76379.8,26.83,0.6004,1.4281,4.19,623.3,0.5707,2.2855,0.000572,Apollo,0,2018,2028-03-13
NEO-103499,(NEO-103499) 2008 DB88,0.9707,14.24,0.079722,11926269.3,15.29,0.3345,2.1986,9.69,1190.8,1.4633,2.934,0.062732,Atira,0,2008,2030-04-08
NEO-103569,(NEO-103569) 2010 UU23,0.5884,15.85,0.176266,26368993.5,16.7,0.5156,2.575,10.56,1509.2,1.2473,3.9026,0.221632,Amor,0,2010,2036-06-10
NEO-100321,(NEO-100321) 2008 XC63,0.0311,20.94,0.202597,30308111.2,23.99,0.2745,2.0613,2.72,1081.0,1.4956,2.6271,0.224299,Atira,0,2008,2030-03-09
PHA-300657,(PHA-300657) 1995 ZZ8,0.2425,29.83,0.010383,1553308.1,18.32,0.4742,0.7551,25.63,239.6,0.397,1.1132,0.007603,Aten,1,1995,2039-10-16
NEO-102195,(NEO-102195) 2006 BV19,0.0634,24.78,0.050323,7528170.1,27.2,0.5162,1.5378,13.08,696.5,0.7439,2.3317,0.056814,Apollo,0,2006,2041-09-06
PHA-300347,(PHA-300347) 2002 CO25,0.6843,25.39,0.017595,2632133.6,16.76,0.3152,1.4151,2.31,614.8,0.9691,1.8611,0.017715,Apollo,1,2002,2026-08-14
NEO-102007,(NEO-102007) 1999 KQ11,0.0274,13.62,0.028231,4223333.4,31.5,0.5639,1.3831,2.31,594.1,0.6032,2.163,0.033924,Apollo,0,1999,2042-10-18
NEO-101959,(NEO-101959) 1995 MM62,0.0049,4.97,0.020975,3137756.5,22.83,0.2738,1.6749,1.02,791.7,1.2164,2.1334,0.019447,Amor,0,1995,2029-05-28
NEO-100529,(NEO-100529) 1992 WU78,0.0552,5.0,0.129735,19408020.2,23.9,0.4398,0.8,13.03,261.4,0.4482,1.1518,0.144479,Aten,0,1992,2028-09-23
PHA-300460,(PHA-300460) 2020 RY92,0.3796,18.27,0.05,7479893.5,18.86,0.8034,2.1019,0.74,1113.0,0.4133,3.7904,0.047695,Apollo,1,2020,2027-12-07
NEO-101879,(NEO-101879) 2022 VR4,1.6143,14.77,0.397569,59475547.1,14.32,0.1783,2.1461,3.63,1148.3,1.7636,2.5287,0.417295,Atira,0,2022,2036-06-23
NEO-102506,(NEO-102506) 2016 SZ9,0.0498,24.16,0.003459,517481.7,30.23,0.1908,1.1632,6.17,458.2,0.9412,1.3851,0.003024,Apollo,0,2016,2030-10-18
NEO-102813,(NEO-102813) 2017 SG37,0.1054,14.59,0.05013,7499322.4,23.75,0.187,1.8481,17.32,917.6,1.5026,2.1936,0.043509,Atira,0,2017,2027-01-12
NEO-100572,(NEO-100572) 2014 GD86,0.002,19.95,0.079644,11914531.5,25.33,0.2881,1.1773,9.49,466.6,0.838,1.5165,0.078036,Apollo,0,2014,2039-09-27
NEO-102760,(NEO-102760) 2024 NP61,0.085,24.23,0.284639,42581354.4,23.72,0.1919,1.176,33.06,465.8,0.9503,1.4016,0.361354,Apollo,0,2024,2038-01-05
NEO-103487,(NEO-103487) 1992 US86,0.0146,20.65,0.009371,1401867.5,23.23,0.5562,1.0689,5.27,403.7,0.4743,1.6635,0.007053,Apollo,0,1992,2037-12-09
NEO-102552,(NEO-102552) 2024 NO54,0.077,17.92,0.298999,44729669.6,23.46,0.3273,1.6227,36.19,755.0,1.0915,2.1539,0.253527,Amor,0,2024,2042-04-16
NEO-100432,(NEO-100432) 1993 EQ27,0.838,15.81,0.462549,69196276.5,16.32,0.4387,1.4178,11.6,616.6,0.7959,2.0398,0.580907,Apollo,0,1993,2030-08-14
NEO-102688,(NEO-102688) 2022 XL52,0.0466,17.8,0.03308,4948715.9,22.58,0.3,0.7,5.63,213.9,0.49,0.91,0.031703,Atira,0,2022,2031-11-18
NEO-100426,(NEO-100426) 1991 FB3,0.0227,11.44,0.025765,3854379.3,31.5,0.75,0.7,20.71,213.9,0.175,1.225,0.026442,Aten,0,1991,2035-10-17
NEO-103793,(NEO-103793) 2009 XB25,0.0148,32.35,0.036706,5491112.1,24.57,0.3228,1.8231,0.1,899.1,1.2347,2.4115,0.039043,Amor,0,2009,2025-12-08
NEO-102460,(NEO-102460) 2011 CH81,0.013,16.75,0.033988,5084565.6,23.49,0.3369,1.9568,4.6,999.8,1.2976,2.616,0.036973,Amor,0,2011,2025-10-14
NEO-102109,(NEO-102109) 2022 LJ87,0.13,23.01,0.226902,33944117.7,24.45,0.1707,1.4984,11.0,669.9,1.2426,1.7542,0.177311,Amor,0,2022,2044-10-06
NEO-103351,(NEO-103351) 1998 HQ25,1.9667,13.31,0.406528,60815661.7,14.14,0.4315,2.3213,4.0,1291.8,1.3198,3.3229,0.34548,Atira,0,1998,2038-04-21
NEO-101028,(NEO-101028) 1996 AC20,0.3503,21.85,0.218343,32663573.4,17.32,0.2565,1.1029,12.46,423.1,0.82,1.3859,0.249863,Apollo,0,1996,2031-06-11
NEO-103851,(NEO-103851) 2017 EN55,0.8749,10.33,0.451444,67535042.3,15.94,0.55,1.1,27.35,421.4,0.495,1.705,0.402725,Apollo,0,2017,2029-02-21
NEO-101281,(NEO-101281) 2005 GQ70,0.0544,6.9,0.04199,6281541.2,28.31,0.4749,1.0138,11.39,372.8,0.5323,1.4953,0.051767,Apollo,0,2005,2042-06-24
PHA-300123,(PHA-300123) 2000 AA8,0.5454,22.06,0.017195,2572358.4,17.24,0.2908,0.9266,39.35,325.8,0.6571,1.1961,0.01606,Aten,1,2000,2037-02-04
NEO-100104,(NEO-100104) 1994 VY98,0.6166,12.15,0.102697,15363197.1,16.61,0.2157,1.5926,29.89,734.1,1.2491,1.9361,0.087062,Amor,0,1994,2028-07-20
PHA-300813,(PHA-300813) 1997 WB63,0.8184,25.12,0.00391,584988.1,16.12,0.6016,0.75,2.84,237.2,0.2988,1.2012,0.002903,Aten,1,1997,2026-07-25
NEO-103541,(NEO-103541) 2003 MH17,0.0087,15.3,0.055991,8376114.5,24.16,0.5606,1.1759,7.96,465.7,0.5167,1.835,0.066307,Apollo,0,2003,2029-01-07
NEO-100707,(NEO-100707) 2010 WR5,0.2064,9.06,0.342821,51285311.8,19.16,0.2006,1.8663,7.87,931.2,1.4919,2.2407,0.428235,Atira,0,2010,2027-05-22
NEO-100390,(NEO-100390) 1997 BT42,0.042,22.17,0.269898,40376231.7,23.31,0.5568,0.9077,40.0,315.9,0.4023,1.4131,0.283111,Aten,0,1997,2028-04-27
PHA-300494,(PHA-300494) 2001 PW45,0.4933,24.64,0.026126,3908336.8,17.12,0.5699,1.5891,15.79,731.6,0.6835,2.4946,0.017439,Apollo,1,2001,2032-05-27
NEO-103461,(NEO-103461) 2010 DQ25,0.0137,17.49,0.056993,8525966.4,24.79,0.1661,1.3589,2.53,578.6,1.1333,1.5846,0.04655,Amor,0,2010,2042-08-15
NEO-101172,(NEO-101172) 2015 SN72,0.6098,18.02,0.515069,77053192.3,16.38,0.2264,2.4551,10.69,1405.1,1.8993,3.0109,0.480005,Atira,0,2015,2032-12-22
NEO-102248,(NEO-102248) 2009 VS27,0.002,18.93,0.151127,22608293.1,23.51,0.4415,1.0007,9.9,365.6,0.5588,1.4425,0.105895,Apollo,0,2009,2027-09-10
NEO-101134,(NEO-101134) 2010 QX90,0.0557,22.05,0.340736,50973333.7,25.53,0.4927,1.0357,4.02,385.0,0.5254,1.546,0.431444,Apollo,0,2010,2040-01-02
NEO-100560,(NEO-100560) 2018 ZF46,0.0089,19.84,0.015324,2292512.4,22.64,0.2926,0.7555,6.91,239.9,0.5345,0.9766,0.011629,Atira,0,2018,2028-01-10
NEO-100070,(NEO-100070) 2013 FR28,0.0154,12.48,0.010493,1569785.1,22.69,0.0789,0.7539,0.73,239.1,0.6944,0.8134,0.01037,Atira,0,2013,2033-08-01
PHA-300445,(PHA-300445) 2016 QU29,0.9427,23.08,0.035523,5314223.5,15.41,0.2399,1.6509,9.99,774.8,1.2549,2.047,0.037116,Apollo,1,2016,2033-02-18
NEO-103630,(NEO-103630) 2022 ZV87,0.0139,18.67,0.009965,1490691.3,22.74,0.1141,1.1587,3.5,455.6,1.0265,1.291,0.011585,Amor,0,2022,2032-12-13
NEO-102885,(NEO-102885) 2023 VE50,0.0064,22.39,0.023374,3496700.9,28.18,0.4812,1.1051,8.15,424.3,0.5733,1.6369,0.023951,Apollo,0,2023,2044-04-11
NEO-103613,(NEO-103613) 2009 XY72,0.7233,17.55,0.155689,23290815.1,15.84,0.4159,2.2567,2.34,1238.2,1.3181,3.1953,0.151256,Atira,0,2009,2025-08-18
NEO-103444,(NEO-103444) 2002 HH56,0.0436,15.24,0.004354,651275.6,24.89,0.139,1.4347,18.32,627.7,1.2353,1.6341,0.004075,Amor,0,2002,2038-08-10
NEO-102698,(NEO-102698) 2021 MK2,0.0343,8.25,0.035284,5278484.8,29.42,0.4238,1.2464,5.11,508.3,0.7183,1.7746,0.026832,Apollo,0,2021,2029-03-06
NEO-103310,(NEO-103310) 2006 OH41,0.023,14.26,0.010752,1608537.3,23.64,0.4755,2.1124,12.93,1121.4,1.1079,3.1169,0.013139,Amor,0,2006,2042-11-27
NEO-102778,(NEO-102778) 2017 OL29,0.0685,32.03,0.001306,195340.2,23.31,0.1855,1.6816,24.95,796.5,1.3697,1.9935,0.000944,Atira,0,2017,2027-05-09
PHA-300703,(PHA-300703) 2013 TR18,0.2435,37.91,0.05,7479893.5,19.35,0.5167,1.8545,24.05,922.4,0.8963,2.8127,0.0481,Apollo,1,2013,2042-08-09
NEO-103362,(NEO-103362) 2013 LQ4,0.066,22.05,0.01726,2582093.8,25.43,0.2055,0.7018,1.19,214.7,0.5576,0.846,0.01669,Atira,0,2013,2038-10-15
NEO-101390,(NEO-101390) 1995 EN62,0.084,19.35,0.416303,62278026.5,23.32,0.05,1.9878,2.93,1023.7,1.8884,2.0872,0.535533,Atira,0,1995,2036-04-14
NEO-102099,(NEO-102099) 2011 VB89,0.0055,27.14,0.05153,7708789.4,24.12,0.2074,1.6522,11.25,775.7,1.3095,1.9949,0.039337,Atira,0,2011,2028-01-08
NEO-100986,(NEO-100986) 1993 OH18,0.0467,10.44,0.066366,9928259.7,27.5,0.3356,1.8007,1.33,882.5,1.1963,2.405,0.065259,Amor,0,1993,2031-02-28
NEO-102662,(NEO-102662) 2019 JQ86,0.3484,16.77,0.65,97238616.0,17.71,0.55,1.4752,4.86,654.5,0.6639,2.2866,0.596083,Apollo,0,2019,2041-07-10
NEO-102317,(NEO-102317) 1994 AN65,0.0584,14.39,0.049619,7422919.6,22.4,0.566,1.3957,13.36,602.3,0.6058,2.1856,0.036391,Apollo,0,1994,2036-11-11
NEO-101003,(NEO-101003) 2002 BR55,4.2662,12.66,0.136613,20436984.3,12.17,0.3063,1.9118,0.5,965.5,1.3262,2.4973,0.177106,Atira,0,2002,2040-05-20
NEO-100331,(NEO-100331) 2016 XA21,0.006,10.19,0.022243,3327467.0,31.5,0.4441,1.6253,8.12,756.8,0.9035,2.3471,0.023992,Apollo,0,2016,2032-01-10
NEO-100500,(NEO-100500) 2020 EL92,0.0331,23.55,0.18711,27991196.4,23.18,0.5756,1.5609,0.2,712.3,0.6625,2.4593,0.156159,Apollo,0,2020,2028-11-21
NEO-103488,(NEO-103488) 1996 UH91,0.011,5.36,0.418567,62616691.6,23.33,0.4917,1.7463,8.93,842.9,0.8877,2.6049,0.353924,Apollo,0,1996,2030-02-23
PHA-300500,(PHA-300500) 2006 EJ84,0.3186,18.7,0.000339,50684.8,17.93,0.3498,1.3074,7.33,546.0,0.8501,1.7648,0.000256,Apollo,1,2006,2027-06-04
NEO-100856,(NEO-100856) 2000 XB94,0.0203,33.28,0.376516,56326022.5,22.63,0.2533,1.9705,2.8,1010.3,1.4714,2.4697,0.267029,Atira,0,2000,2036-05-04
PHA-300489,(PHA-300489) 2013 OG6,0.14,29.58,0.008231,1231330.5,20.29,0.615,1.1725,16.97,463.7,0.4514,1.8935,0.00844,Apollo,1,2013,2029-05-18
NEO-103534,(NEO-103534) 1991 WG74,0.8766,13.22,0.33299,49814523.7,15.68,0.4272,1.5065,5.34,675.4,0.8629,2.1501,0.244526,Apollo,0,1991,2029-06-07
NEO-101032,(NEO-101032) 2005 KP21,0.7259,8.36,0.600787,89876443.4,16.49,0.55,1.3029,3.9,543.2,0.5863,2.0195,0.554389,Apollo,0,2005,2038-10-19
NEO-100564,(NEO-100564) 2020 PP42,0.0683,24.48,0.044748,6694265.3,28.88,0.3094,1.4089,1.43,610.8,0.973,1.8448,0.039028,Apollo,0,2020,2039-10-18
NEO-102895,(NEO-102895) 2014 AR51,0.0579,18.9,0.007718,1154555.1,22.27,0.3674,1.0872,4.93,414.0,0.6878,1.4866,0.006274,Apollo,0,2014,2036-08-18
NEO-101562,(NEO-101562) 2006 RY83,0.101,9.03,0.229227,34291899.9,23.46,0.0718,1.6578,2.93,779.6,1.5388,1.7767,0.230085,Atira,0,2006,2029-06-24
NEO-102412,(NEO-102412) 2002 UN96,0.0354,19.03,0.404807,60558270.0,24.36,0.2607,1.1402,8.45,444.7,0.843,1.4374,0.304415,Apollo,0,2002,2043-03-18
NEO-100716,(NEO-100716) 2019 WS21,0.8994,16.04,0.434545,65007065.8,15.82,0.3554,1.9884,11.44,1024.1,1.2818,2.6949,0.31214,Amor,0,2019,2029-02-03
NEO-100393,(NEO-100393) 1996 UV49,0.0778,5.76,0.280553,41970195.8,23.59,0.4378,0.9207,1.39,322.7,0.5176,1.3237,0.341858,Aten,0,1996,2041-09-08
NEO-101857,(NEO-101857) 2018 PX23,0.0367,12.22,0.000134,20101.2,30.93,0.2572,1.9124,6.82,966.0,1.4205,2.4043,0.00014,Atira,0,2018,2033-06-23
NEO-102169,(NEO-102169) 2009 CH71,0.13,20.62,0.220033,32916443.7,24.49,0.2126,1.4405,4.87,631.5,1.1342,1.7468,0.282987,Amor,0,2009,2029-01-27
NEO-100367,(NEO-100367) 2003 PS49,0.6685,16.43,0.65,97238616.0,16.09,0.55,2.1697,9.98,1167.3,0.9764,3.363,0.480293,Apollo,0,2003,2025-01-27
NEO-100718,(NEO-100718) 2014 BH3,0.13,14.66,0.435043,65081464.5,24.56,0.1714,1.611,9.98,746.8,1.3349,1.8871,0.353666,Atira,0,2014,2025-08-25
NEO-102477,(NEO-102477) 2001 AM58,0.1173,14.85,0.430818,64449508.7,24.58,0.5105,1.5124,6.94,679.4,0.7404,2.2845,0.441505,Apollo,0,2001,2044-05-15
NEO-102500,(NEO-102500) 2001 QE98,0.0059,7.47,0.001683,251845.1,25.42,0.4995,0.7469,2.96,235.8,0.3738,1.1201,0.001291,Aten,0,2001,2044-12-14
NEO-101715,(NEO-101715) 1997 YJ96,0.6768,11.86,0.099117,14827645.5,16.93,0.1433,2.2576,5.59,1239.0,1.9342,2.5811,0.069912,Atira,0,1997,2041-10-23
NEO-100129,(NEO-100129) 2013 DS81,0.0485,22.69,0.000406,60796.3,22.69,0.247,2.0641,19.82,1083.1,1.5542,2.5739,0.000384,Atira,0,2013,2034-02-22
NEO-103506,(NEO-103506) 2015 JK7,0.0202,18.31,0.235038,35161234.5,22.95,0.5736,1.3089,10.44,546.9,0.5581,2.0597,0.176053,Apollo,0,2015,2026-09-22
PHA-300722,(PHA-300722) 2013 QL34,1.136,24.72,0.010258,1534615.0,15.49,0.5931,1.4287,5.83,623.8,0.5813,2.2761,0.0092,Apollo,1,2013,2035-08-24
NEO-100332,(NEO-100332) 2023 TO67,0.0146,9.0,0.040622,6076983.2,27.95,0.6039,1.381,8.94,592.8,0.547,2.2151,0.041373,Apollo,0,2023,2033-08-10
NEO-102470,(NEO-102470) 2013 LU92,0.0155,15.78,0.185486,27748379.2,23.85,0.6079,1.2943,37.89,537.8,0.5075,2.0811,0.199729,Apollo,0,2013,2026-05-19
NEO-102158,(NEO-102158) 2007 KY20,0.5505,10.59,0.059099,8841075.4,16.47,0.55,2.2134,13.54,1202.7,0.996,3.4307,0.055523,Apollo,0,2007,2029-12-07
NEO-101332,(NEO-101332) 2025 ZP45,0.0059,19.98,0.107941,16147788.6,22.63,0.4475,2.0212,3.82,1049.5,1.1166,2.9257,0.110631,Amor,0,2025,2041-11-23
NEO-100238,(NEO-100238) 2023 GS17,0.004,12.47,0.043354,6485701.8,23.55,0.1268,2.0068,2.37,1038.4,1.7523,2.2613,0.036134,Atira,0,2023,2041-08-27
NEO-101792,(NEO-101792) 2010 JC88,0.0251,5.36,0.00223,333607.6,24.53,0.3204,1.5609,8.07,712.3,1.0607,2.0611,0.002684,Amor,0,2010,2031-11-09
NEO-100343,(NEO-100343) 2010 UB7,0.0527,27.38,0.006031,902194.2,23.03,0.4737,1.4465,19.97,635.4,0.7612,2.1318,0.004893,Apollo,0,2010,2043-09-12
NEO-102398,(NEO-102398) 2006 GD19,0.062,22.6,0.063815,9546554.3,22.77,0.4144,1.5362,7.52,695.4,0.8996,2.1728,0.080747,Apollo,0,2006,2032-08-23
NEO-102812,(NEO-102812) 2016 FG26,0.0217,5.06,0.02718,4066078.6,26.02,0.6391,1.7722,0.66,861.7,0.6396,2.9048,0.033678,Apollo,0,2016,2025-01-02
NEO-102114,(NEO-102114) 2021 BP74,0.0047,14.35,0.02082,3114604.2,24.45,0.3101,1.3194,7.86,553.6,0.9102,1.7286,0.016513,Apollo,0,2021,2025-05-21
NEO-102316,(NEO-102316) 1996 WA87,0.1013,24.11,0.124502,18625245.9,22.97,0.5809,1.6211,3.21,753.9,0.6794,2.5628,0.093431,Apollo,0,1996,2025-09-20
PHA-300133,(PHA-300133) 2004 AZ93,1.9991,11.0,0.011574,1731452.6,13.91,0.3188,0.7975,17.02,260.1,0.5433,1.0518,0.011828,Aten,1,2004,2025-10-07
NEO-102753,(NEO-102753) 1996 UB33,1.1437,11.03,0.064423,9637566.6,15.22,0.2537,1.8859,0.63,945.9,1.4075,2.3643,0.081431,Atira,0,1996,2037-02-18
NEO-101958,(NEO-101958) 2014 UE40,0.0208,16.41,0.001107,165649.7,26.56,0.6758,0.9971,4.11,363.7,0.3232,1.671,0.001092,Aten,0,2014,2032-04-26
PHA-300707,(PHA-300707) 2019 KB8,0.6076,24.88,0.010833,1620540.1,17.19,0.2684,1.0549,30.01,395.7,0.7718,1.338,0.010717,Apollo,1,2019,2033-06-17
NEO-100995,(NEO-100995) 1995 HG93,0.0288,10.99,0.101775,15225304.4,22.27,0.1421,1.8645,2.21,929.9,1.5996,2.1294,0.131849,Atira,0,1995,2028-01-07
NEO-101678,(NEO-101678) 2001 CT58,0.9672,10.5,0.200307,29965452.5,16.0,0.2158,2.5317,5.77,1471.3,1.9853,3.0781,0.26014,Atira,0,2001,2033-05-10
NEO-103347,(NEO-103347) 2002 ZJ98,0.1064,6.33,0.019179,2869102.9,22.29,0.1559,0.8224,16.97,272.4,0.6942,0.9507,0.018859,Atira,0,2002,2042-07-25
PHA-300385,(PHA-300385) 2008 RN33,0.2366,15.75,0.021381,3198560.4,18.41,0.1823,1.2343,0.28,500.8,1.0093,1.4592,0.021051,Apollo,1,2008,2035-01-08
NEO-103821,(NEO-103821) 1999 DS95,0.0158,29.15,0.429666,64277190.4,22.1,0.7,1.9557,4.02,999.0,0.5867,3.3247,0.471467,Apollo,0,1999,2027-12-17
NEO-100541,(NEO-100541) 2020 LR40,0.0128,11.9,0.012132,1814932.5,24.46,0.7327,1.5788,5.81,724.6,0.422,2.7357,0.012181,Apollo,0,2020,2036-09-23
NEO-103579,(NEO-103579) 2017 RE71,0.3151,11.67,0.320258,47909921.5,17.84,0.2983,2.1927,25.4,1186.0,1.5386,2.8469,0.296548,Atira,0,2017,2029-11-24
PHA-300585,(PHA-300585) 2022 HX34,0.6585,18.8,0.012645,1891591.4,15.87,0.4135,1.0697,2.22,404.1,0.6274,1.5121,0.009554,Apollo,1,2022,2044-08-06
NEO-103128,(NEO-103128) 2010 HP58,0.0151,11.73,0.06168,9227227.5,22.54,0.1351,1.6018,1.59,740.4,1.3854,1.8181,0.072617,Atira,0,2010,2044-12-07
NEO-102090,(NEO-102090) 1997 EU57,0.0097,26.07,0.046356,6934776.4,24.6,0.4245,0.8005,26.29,261.6,0.4607,1.1403,0.035388,Aten,0,1997,2028-01-26
NEO-101502,(NEO-101502) 2000 CM46,0.0047,26.63,0.035338,5286516.1,27.11,0.2338,1.6167,6.4,750.8,1.2387,1.9947,0.028996,Amor,0,2000,2035-08-08
NEO-102942,(NEO-102942) 2014 GL38,0.0649,19.28,0.013356,1997955.7,26.46,0.4515,1.6332,17.36,762.3,0.8958,2.3705,0.01652,Apollo,0,2014,2035-06-19
NEO-102616,(NEO-102616) 2024 RU93,0.5386,27.41,0.65,97238616.0,16.6,0.3703,1.9442,14.73,990.1,1.2242,2.6642,0.7,Amor,0,2024,2037-09-21
NEO-103027,(NEO-103027) 2023 XR45,0.0239,17.8,0.025568,3824852.6,23.36,0.2876,0.9367,34.58,331.1,0.6673,1.2061,0.019088,Aten,0,2023,2038-06-11
NEO-103308,(NEO-103308) 2006 YK35,0.0096,27.76,0.03203,4791579.9,29.9,0.3243,1.273,10.36,524.6,0.8602,1.6858,0.027732,Apollo,0,2006,2037-02-11
NEO-103838,(NEO-103838) 2010 RB51,0.2423,25.84,0.056994,8526111.8,18.66,0.2763,1.4774,4.28,655.9,1.0692,1.8856,0.052,Amor,0,2010,2042-01-14
NEO-101319,(NEO-101319) 1991 BL72,0.0649,14.44,0.0213,3186419.1,30.85,0.3206,0.7489,8.37,236.7,0.5088,0.989,0.01751,Aten,0,1991,2026-06-08
NEO-100747,(NEO-100747) 2016 SQ10,0.002,4.0,0.01797,2688337.1,22.83,0.4357,0.9487,17.29,337.5,0.5353,1.362,0.021085,Aten,0,2016,2034-09-28
NEO-103255,(NEO-103255) 2018 AO54,0.9888,12.73,0.31577,47238528.2,15.49,0.1203,1.9491,27.59,993.9,1.7146,2.1836,0.23388,Atira,0,2018,2043-02-05
NEO-100298,(NEO-100298) 1999 BW4,0.1689,16.7,0.137592,20583404.5,19.48,0.02,1.5141,2.25,680.5,1.4839,1.5444,0.140784,Atira,0,1999,2029-12-21
NEO-101962,(NEO-101962) 2000 TY83,0.0061,17.61,0.027644,4135524.1,22.75,0.0898,1.06,22.48,398.6,0.9648,1.1552,0.020316,Apollo,0,2000,2032-06-21
NEO-102143,(NEO-102143) 1999 HO26,0.135,16.32,0.006341,948588.5,24.14,0.3172,1.4226,6.02,619.7,0.9713,1.8738,0.005097,Apollo,0,1999,2036-06-27
NEO-101680,(NEO-101680) 2013 CR36,0.002,27.82,0.01467,2194553.4,26.95,0.3486,0.8733,1.35,298.1,0.5688,1.1777,0.014616,Aten,0,2013,2040-08-03
NEO-102641,(NEO-102641) 2017 LC38,1.1055,24.16,0.237548,35536666.5,15.53,0.2337,1.2436,5.38,506.6,0.9529,1.5343,0.205348,Apollo,0,2017,2030-01-05
PHA-300665,(PHA-300665) 2001 YH18,0.2598,30.87,0.012075,1806333.7,18.7,0.2821,1.8817,10.92,942.8,1.351,2.4125,0.01075,Apollo,1,2001,2027-10-12
NEO-101984,(NEO-101984) 2008 WW82,0.0114,9.63,0.072898,10905451.4,22.87,0.1001,1.7371,0.1,836.2,1.5632,1.9109,0.063632,Atira,0,2008,2035-01-25
NEO-102524,(NEO-102524) 2002 EU22,0.0259,28.01,0.063885,9557007.2,25.58,0.259,0.7,1.81,213.9,0.5187,0.8813,0.078276,Atira,0,2002,2032-03-11
PHA-300718,(PHA-300718) 1999 JM73,0.5317,23.47,0.009003,1346862.5,16.39,0.6367,1.7263,5.37,828.4,0.6271,2.8254,0.006536,Apollo,1,1999,2044-09-08
PHA-300402,(PHA-300402) 1999 JA74,0.3504,19.39,0.002913,435722.7,17.1,0.5676,0.9194,15.61,322.0,0.3976,1.4412,0.001753,Aten,1,1999,2042-09-19
NEO-102322,(NEO-102322) 2025 UC18,0.0689,11.86,0.042199,6312847.4,28.36,0.3281,0.7791,29.01,251.2,0.5235,1.0348,0.049705,Aten,0,2025,2041-07-17
NEO-100692,(NEO-100692) 2007 SW71,0.6853,7.04,0.101892,15242764.1,16.77,0.3587,2.7466,23.27,1662.6,1.7613,3.7319,0.117802,Atira,0,2007,2029-11-11
NEO-100001,(NEO-100001) 2012 HA78,0.1059,20.27,0.048275,7221891.2,25.42,0.3787,1.4559,6.82,641.6,0.9046,2.0072,0.046612,Apollo,0,2012,2026-06-05
NEO-102443,(NEO-102443) 2004 BV17,0.005,21.47,0.296085,44293700.3,24.02,0.4225,1.5105,5.07,678.1,0.8722,2.1487,0.225073,Apollo,0,2004,2030-09-08
NEO-103150,(NEO-103150) 2003 HD77,0.1294,24.07,0.080815,12089754.5,24.83,0.3162,1.3277,2.07,558.8,0.9079,1.7476,0.085713,Apollo,0,2003,2038-11-13
PHA-300606,(PHA-300606) 2004 QW43,0.4291,24.28,0.018713,2799378.5,17.49,0.3357,1.8992,9.91,956.0,1.2617,2.5367,0.01593,Apollo,1,2004,2025-06-12
PHA-300104,(PHA-300104) 2018 NT69,0.476,21.85,0.001595,238589.3,17.92,0.3624,1.4905,29.78,664.7,0.9504,2.0307,0.001545,Apollo,1,2018,2038-04-11
PHA-300407,(PHA-300407) 2024 PG15,0.5946,22.57,0.014238,2130010.8,16.24,0.6872,1.1567,0.38,454.4,0.3618,1.9517,0.009925,Apollo,1,2024,2044-01-08
NEO-102245,(NEO-102245) 2023 FG91,0.0728,16.72,0.014174,2120400.2,25.16,0.6096,1.2934,0.65,537.3,0.5049,2.0819,0.011372,Apollo,0,2023,2034-03-18
NEO-100801,(NEO-100801) 2001 UO5,0.0744,20.38,0.078094,11682752.6,26.23,0.5428,1.1232,4.63,434.8,0.5136,1.7329,0.067403,Apollo,0,2001,2040-03-28
NEO-103927,(NEO-103927) 2017 CY32,0.5895,14.26,0.062373,9330824.9,16.44,0.55,1.7773,10.7,865.5,0.7998,2.7549,0.052,Apollo,0,2017,2027-07-27
NEO-103361,(NEO-103361) 2009 RF84,0.1189,11.0,0.388903,58179091.8,24.47,0.3564,1.0819,6.8,411.0,0.6963,1.4675,0.480962,Apollo,0,2009,2041-01-13
NEO-102072,(NEO-102072) 2024 ZS71,0.0365,18.92,0.016682,2495639.8,22.35,0.1718,0.7,0.78,213.9,0.5798,0.8202,0.018951,Atira,0,2024,2043-07-07
NEO-103665,(NEO-103665) 2001 HF88,0.135,8.37,0.01206,1804084.5,22.82,0.2862,1.4056,6.91,608.6,1.0033,1.8078,0.00915,Apollo,0,2001,2028-07-28
NEO-101258,(NEO-101258) 2015 RC14,0.6463,11.08,0.121864,18230652.5,16.57,0.3477,1.7317,4.72,832.3,1.1297,2.3337,0.093738,Amor,0,2015,2035-12-28
PHA-300743,(PHA-300743) 1995 GR98,0.8923,32.32,0.01709,2556594.2,16.0,0.4996,1.2201,2.2,492.3,0.6106,1.8297,0.011493,Apollo,1,1995,2039-05-20
NEO-101722,(NEO-101722) 2015 LH45,0.0159,12.46,0.015192,2272707.3,22.49,0.3964,0.9897,45.0,359.6,0.5974,1.382,0.011486,Aten,0,2015,2029-09-09
NEO-103145,(NEO-103145) 2017 DQ58,0.0102,14.14,0.343877,51443303.1,23.57,0.6687,1.8552,3.29,923.0,0.6146,3.0959,0.413783,Apollo,0,2017,2041-05-04
NEO-102549,(NEO-102549) 1994 SD84,0.0073,12.69,0.03357,5021967.5,25.89,0.2078,0.9149,0.1,319.7,0.7248,1.1051,0.037223,Aten,0,1994,2042-04-02
NEO-103283,(NEO-103283) 2003 TV54,0.4482,21.76,0.068361,10226719.1,17.67,0.277,2.1855,11.77,1180.1,1.5802,2.7908,0.077122,Atira,0,2003,2032-07-13
NEO-101620,(NEO-101620) 2024 GP21,0.5196,23.28,0.106383,15914674.7,16.69,0.3676,1.4684,2.27,649.9,0.9286,2.0081,0.091355,Apollo,0,2024,2029-02-16
NEO-103556,(NEO-103556) 2010 GL66,0.0735,29.55,0.085825,12839272.2,24.15,0.7,0.8,11.61,261.4,0.24,1.36,0.108865,Aten,0,2010,2038-06-23
NEO-100242,(NEO-100242) 2001 UZ38,0.0535,19.48,0.255053,38155350.8,25.34,0.1848,1.2505,5.51,510.8,1.0194,1.4816,0.235993,Amor,0,2001,2044-04-10
NEO-103089,(NEO-103089) 1997 HT82,0.0255,25.56,0.016201,2423570.2,23.94,0.0904,1.7015,5.76,810.7,1.5476,1.8553,0.011404,Atira,0,1997,2043-08-07
NEO-102674,(NEO-102674) 2007 OF53,0.0562,21.51,0.210178,31442173.0,23.55,0.4081,1.6101,12.16,746.2,0.953,2.2672,0.24655,Apollo,0,2007,2028-08-26
NEO-101914,(NEO-101914) 1993 WB74,0.0093,19.79,0.076624,11462779.7,24.38,0.7,1.4029,2.19,606.9,0.4209,2.3848,0.091844,Apollo,0,1993,2033-11-20
NEO-103176,(NEO-103176) 2010 FU36,0.5572,23.15,0.175076,26190987.0,16.46,0.5013,1.5266,10.68,689.0,0.7614,2.2919,0.131647,Apollo,0,2010,2034-12-08
NEO-100744,(NEO-100744) 2021 AQ30,0.031,22.25,0.030593,4576573.1,23.26,0.4801,0.8866,4.61,304.9,0.461,1.3123,0.021924,Aten,0,2021,2033-05-01
NEO-101603,(NEO-101603) 2024 ST74,0.0508,16.13,0.002249,336470.2,28.83,0.2359,0.7571,3.22,240.6,0.5786,0.9357,0.002875,Atira,0,2024,2044-02-19
NEO-102922,(NEO-102922) 2013 NT16,0.2262,10.06,0.155481,23259617.2,18.69,0.2566,1.7914,0.5,875.8,1.3317,2.2512,0.109607,Atira,0,2013,2041-08-06
NEO-103633,(NEO-103633) 2019 KG87,0.271,13.87,0.133915,20033377.5,18.5,0.1296,2.2406,5.45,1225.0,1.9503,2.531,0.09661,Atira,0,2019,2032-11-15
NEO-100863,(NEO-100863) 2021 HL24,0.0023,10.13,0.032188,4815184.4,23.49,0.0542,1.7884,0.1,873.5,1.6915,1.8852,0.028031,Atira,0,2021,2035-12-09
NEO-100027,(NEO-100027) 2012 CE41,0.0631,25.44,0.011939,1786003.1,22.79,0.3629,0.9211,10.06,322.9,0.5868,1.2554,0.011547,Aten,0,2012,2040-07-18
NEO-102722,(NEO-102722) 2004 XG20,0.3369,3.5,0.432675,64727273.0,17.95,0.4671,1.7375,17.92,836.5,0.9259,2.5491,0.426354,Apollo,0,2004,2035-04-05
NEO-100071,(NEO-100071) 2010 WW4,0.13,15.21,0.139066,20803970.2,25.5,0.2703,1.335,9.02,563.4,0.9742,1.6958,0.179417,Apollo,0,2010,2029-09-20
PHA-300325,(PHA-300325) 2025 FO66,1.0573,33.01,0.002473,369897.2,16.03,0.4253,1.3937,5.84,600.9,0.801,1.9864,0.001552,Apollo,1,2025,2026-02-28
NEO-102015,(NEO-102015) 2003 XH77,0.1227,5.57,0.044427,6646189.4,25.54,0.0919,1.4667,1.93,648.8,1.3319,1.6016,0.037564,Atira,0,2003,2025-11-25
NEO-102263,(NEO-102263) 2004 BA12,0.0247,30.46,0.001505,225194.5,24.51,0.6657,2.0755,0.83,1092.1,0.6939,3.4571,0.001276,Apollo,0,2004,2044-10-11
NEO-100524,(NEO-100524) 1997 UW60,0.6802,14.87,0.289002,43234108.3,16.34,0.1734,2.6106,4.29,1540.7,2.158,3.0633,0.271801,Atira,0,1997,2040-06-18
NEO-100191,(NEO-100191) 1998 UQ84,0.8468,14.35,0.125921,18837465.4,15.95,0.2968,1.6963,4.1,807.0,1.1929,2.1997,0.132733,Amor,0,1998,2039-03-01
NEO-101992,(NEO-101992) 2020 HD40,0.0461,23.97,0.073362,10974846.3,25.23,0.2602,1.1388,1.0,443.9,0.8425,1.4351,0.060046,Apollo,0,2020,2027-11-11
NEO-100807,(NEO-100807) 2007 RD66,0.0458,8.55,0.00177,264809.9,24.84,0.2452,1.3455,13.14,570.1,1.0156,1.6755,0.001345,Apollo,0,2007,2038-08-12
NEO-101665,(NEO-101665) 2012 MR23,0.0353,18.74,0.005243,784302.0,25.57,0.1717,1.64,2.73,767.1,1.3584,1.9215,0.004138,Atira,0,2012,2025-11-08
NEO-102906,(NEO-102906) 2024 ER63,0.0449,11.35,0.007949,1189130.8,24.78,0.5204,1.4538,15.78,640.2,0.6973,2.2103,0.010093,Apollo,0,2024,2039-02-22
NEO-102427,(NEO-102427) 1991 NC72,0.0258,11.59,0.000188,28139.1,27.36,0.3476,2.2859,3.21,1262.3,1.4913,3.0805,0.000231,Atira,0,1991,2031-07-25
NEO-103628,(NEO-103628) 1999 LG48,0.0476,13.46,0.071873,10752110.3,24.74,0.2632,1.4299,12.19,624.5,1.0536,1.8061,0.054018,Amor,0,1999,2028-02-22
NEO-101246,(NEO-101246) 2019 RT52,0.0637,16.0,0.00366,547495.4,22.4,0.5472,1.7462,6.27,842.8,0.7907,2.7017,0.002952,Apollo,0,2019,2041-05-12
NEO-103864,(NEO-103864) 2025 HD46,0.15,8.78,0.141861,21222134.4,19.3,0.3147,2.6422,39.08,1568.7,1.8108,3.4736,0.139615,Atira,0,2025,2032-03-24
NEO-100811,(NEO-100811) 2019 BB41,0.029,9.19,0.021143,3162963.7,23.35,0.4665,1.781,7.89,868.2,0.9502,2.6119,0.016286,Apollo,0,2019,2034-08-03
NEO-101655,(NEO-101655) 2015 BW29,0.1769,17.05,0.398828,59663858.5,19.08,0.3725,1.8798,9.72,941.4,1.1796,2.58,0.513676,Amor,0,2015,2038-07-19
NEO-101441,(NEO-101441) 2025 SR53,0.4078,14.45,0.473598,70849198.2,17.48,0.55,2.3101,4.04,1282.5,1.0396,3.5807,0.498573,Amor,0,2025,2043-07-03
NEO-102135,(NEO-102135) 2015 YY31,0.0033,4.0,0.029187,4366244.7,23.37,0.4769,1.5065,6.64,675.4,0.788,2.2249,0.032743,Apollo,0,2015,2038-09-04
NEO-102235,(NEO-102235) 2025 MV80,1.4743,16.4,0.300626,44972988.9,15.36,0.237,1.9336,10.22,982.0,1.4753,2.3918,0.243087,Atira,0,2025,2031-04-03
NEO-101317,(NEO-101317) 1992 JS64,1.5558,13.2,0.227692,34062277.2,14.69,0.1295,2.2318,8.57,1217.8,1.9427,2.5208,0.28036,Atira,0,1992,2028-12-25
NEO-102294,(NEO-102294) 2004 GM81,0.0229,20.01,0.119693,17905758.5,24.29,0.5282,1.8304,5.45,904.5,0.8636,2.7972,0.113564,Apollo,0,2004,2032-01-22
NEO-103718,(NEO-103718) 2020 BH91,0.13,16.87,0.174528,26109022.4,23.33,0.2918,1.0841,20.67,412.3,0.7678,1.4005,0.145782,Apollo,0,2020,2030-07-13
NEO-103221,(NEO-103221) 2019 JR5,0.0538,12.01,0.026556,3972665.1,28.39,0.374,1.3586,12.14,578.4,0.8505,1.8667,0.023583,Apollo,0,2019,2036-03-15
NEO-102532,(NEO-102532) 2021 FL30,0.13,22.88,0.285627,42729240.3,24.76,0.4382,0.8867,1.02,305.0,0.4982,1.2752,0.347014,Aten,0,2021,2028-07-22
NEO-101920,(NEO-101920) 1991 SO23,0.0901,12.26,0.019232,2877100.5,24.18,0.2687,1.3462,0.1,570.5,0.9844,1.7079,0.021966,Apollo,0,1991,2025-06-05
NEO-102682,(NEO-102682) 2016 ZN12,0.3174,3.69,0.451188,67496705.8,17.9,0.0673,1.1,3.06,421.4,1.0259,1.1741,0.413617,Amor,0,2016,2042-01-05
NEO-100855,(NEO-100855) 2016 EA69,1.2565,19.23,0.291955,43675884.5,15.24,0.3868,1.766,4.73,857.2,1.0829,2.4491,0.280142,Amor,0,2016,2040-12-25
NEO-103425,(NEO-103425) 2025 EA1,0.0201,22.0,0.172248,25767863.0,24.8,0.1571,1.3602,6.42,579.4,1.1465,1.5739,0.133767,Amor,0,2025,2041-07-27
NEO-102323,(NEO-102323) 2011 DG23,0.2689,19.94,0.65,97238616.0,18.18,0.244,1.9733,13.61,1012.5,1.4918,2.4549,0.7,Atira,0,2011,2032-08-04
NEO-101470,(NEO-101470) 1993 EF60,0.0421,10.52,0.118266,17692267.1,22.52,0.5356,1.1805,13.86,468.5,0.5482,1.8128,0.116185,Apollo,0,1993,2044-03-03
PHA-300570,(PHA-300570) 2017 FV20,0.4017,19.47,0.003687,551536.3,16.91,0.2845,1.8057,0.34,886.2,1.2919,2.3194,0.002968,Apollo,1,2017,2028-01-05
NEO-100646,(NEO-100646) 1993 QT74,0.0592,8.2,0.108807,16277304.3,23.58,0.4366,1.231,3.62,498.9,0.6935,1.7685,0.096275,Apollo,0,1993,2044-03-18
NEO-103246,(NEO-103246) 1997 JP1,0.0361,22.26,0.35383,52932197.3,23.91,0.3773,1.9487,16.76,993.6,1.2135,2.684,0.333388,Amor,0,1997,2035-07-20
NEO-102519,(NEO-102519) 2018 UW96,0.085,15.14,0.039727,5943130.2,22.34,0.6024,0.7438,8.66,234.3,0.2957,1.1919,0.029648,Aten,0,2018,2034-07-02
NEO-102848,(NEO-102848) 2015 NJ62,0.13,26.38,0.200215,29951668.3,26.26,0.7,1.5303,1.8,691.5,0.4591,2.6015,0.195484,Apollo,0,2015,2034-01-06
PHA-300549,(PHA-300549) 2004 GQ93,1.0101,24.89,0.000147,22025.7,15.86,0.691,1.3565,0.29,577.1,0.4192,2.2939,0.000162,Apollo,1,2004,2040-10-20
NEO-102025,(NEO-102025) 2000 DU70,0.1204,7.4,0.015512,2320560.2,23.59,0.29,1.3875,23.93,596.9,0.9852,1.7898,0.019028,Apollo,0,2000,2040-05-08
PHA-300502,(PHA-300502) 2004 UJ47,0.2653,29.85,0.00903,1350892.1,17.78,0.6794,1.5205,8.29,684.8,0.4874,2.5536,0.00987,Apollo,1,2004,2042-04-28
NEO-100257,(NEO-100257) 2002 CC15,0.0339,16.69,0.015555,2327031.3,22.27,0.2354,1.4081,7.44,610.3,1.0767,1.7396,0.01395,Amor,0,2002,2034-01-03
NEO-100840,(NEO-100840) 1996 JZ89,0.002,15.03,0.000902,134931.3,22.31,0.1905,1.3122,5.46,549.0,1.0622,1.5622,0.000939,Amor,0,1996,2038-04-22
NEO-100188,(NEO-100188) 2014 MQ8,0.0062,20.44,0.00239,357503.7,22.85,0.2706,1.374,1.57,588.2,1.0021,1.7458,0.002097,Apollo,0,2014,2043-08-01
NEO-101107,(NEO-101107) 2006 KZ4,0.0414,21.59,0.002372,354887.1,22.85,0.2604,0.7,3.2,213.9,0.5177,0.8823,0.002331,Atira,0,2006,2029-11-02
NEO-100326,(NEO-100326) 1992 HT73,0.0031,26.84,0.012385,1852695.6,26.82,0.4798,1.072,3.51,405.4,0.5576,1.5863,0.009138,Apollo,0,1992,2032-07-20
NEO-102014,(NEO-102014) 2024 LU53,0.0083,10.76,0.237272,35495416.7,24.53,0.4689,2.2932,4.82,1268.4,1.2179,3.3684,0.284668,Amor,0,2024,2039-07-19
PHA-300106,(PHA-300106) 1996 PS67,0.5394,28.12,0.013602,2034827.4,16.59,0.2494,2.0011,8.3,1033.9,1.502,2.5002,0.013249,Apollo,1,1996,2026-11-10
PHA-300730,(PHA-300730) 2007 YU72,0.7465,30.48,0.015668,2343910.6,15.24,0.2402,0.812,5.03,267.3,0.617,1.0071,0.014671,Aten,1,2007,2027-12-14
NEO-103792,(NEO-103792) 2001 PA78,0.0304,15.33,0.033963,5080803.1,22.81,0.2797,2.0353,22.07,1060.5,1.4659,2.6046,0.028474,Atira,0,2001,2042-06-02
NEO-102851,(NEO-102851) 2005 MM55,0.0063,7.04,0.018656,2790849.3,22.52,0.2138,2.2213,4.58,1209.2,1.7464,2.6962,0.014103,Atira,0,2005,2028-01-06
NEO-100006,(NEO-100006) 2000 MN64,0.04,12.69,0.206474,30888074.5,23.62,0.1715,1.9406,3.07,987.4,1.6078,2.2735,0.223997,Atira,0,2000,2043-05-28
PHA-300109,(PHA-300109) 2009 US95,0.2065,16.49,0.025552,3822597.0,19.03,0.3662,0.75,0.94,237.2,0.4754,1.0246,0.022706,Aten,1,2009,2029-08-10
NEO-103766,(NEO-103766) 1994 BU23,0.0278,18.2,0.018573,2778555.8,22.57,0.2686,0.9122,9.72,318.2,0.6672,1.1572,0.022179,Aten,0,1994,2039-06-04
NEO-103729,(NEO-103729) 2001 GB47,0.0104,24.43,0.058552,8759307.0,25.14,0.6168,0.9465,13.55,336.4,0.3627,1.5304,0.075805,Aten,0,2001,2036-05-11
PHA-300625,(PHA-300625) 2020 DS3,0.5078,28.29,0.019535,2922345.2,16.75,0.6011,2.4443,13.64,1395.8,0.9751,3.9135,0.02122,Apollo,1,2020,2038-09-04
NEO-103641,(NEO-103641) 2000 KU95,0.1226,31.54,0.388967,58188582.7,23.49,0.188,0.8,1.68,261.4,0.6496,0.9504,0.431044,Atira,0,2000,2044-12-13
NEO-103540,(NEO-103540) 2015 KF68,0.0079,11.67,0.23861,35695605.1,24.47,0.5791,1.363,2.27,581.2,0.5737,2.1524,0.174147,Apollo,0,2015,2039-04-09
NEO-103318,(NEO-103318) 2009 NL43,0.0141,8.83,0.067196,10052379.1,27.13,0.1678,1.8637,9.07,929.3,1.5509,2.1764,0.070622,Atira,0,2009,2042-12-25
NEO-100167,(NEO-100167) 2007 HF75,0.0717,23.47,0.351615,52600810.5,22.83,0.6006,1.322,2.6,555.2,0.528,2.116,0.280072,Apollo,0,2007,2038-12-09
NEO-100052,(NEO-100052) 1994 GN36,0.0199,17.97,0.016445,2460064.7,25.0,0.2335,1.0131,8.97,372.4,0.7765,1.2496,0.015476,Apollo,0,1994,2043-12-08
3200,3200 Phaethon (1983 TB),5.8,34.5,0.068,10170000.0,14.6,0.89,1.271,22.25,523.5,0.14,2.403,0.0195,Apollo,1,1983,2017-12-16
NEO-102227,(NEO-102227) 2022 XV13,0.033,22.17,0.027726,4147809.2,26.09,0.4041,1.0907,9.6,416.1,0.65,1.5315,0.033755,Apollo,0,2022,2040-01-07
NEO-102300,(NEO-102300) 2017 LG64,0.3599,11.75,0.209313,31312824.6,17.44,0.1525,1.9317,21.75,980.6,1.6371,2.2263,0.173482,Atira,0,2017,2033-09-06
NEO-101836,(NEO-101836) 2015 KZ92,0.1221,18.26,0.030081,4500111.7,22.68,0.4831,1.2824,8.33,530.4,0.6628,1.9019,0.023304,Apollo,0,2015,2031-10-10
NEO-101667,(NEO-101667) 2014 PE75,1.0088,19.22,0.227974,34104459.8,15.32,0.2368,2.0241,12.3,1051.8,1.5448,2.5034,0.256536,Atira,0,2014,2038-06-06
NEO-103030,(NEO-103030) 2006 XH73,0.0103,29.36,0.000165,24629.4,25.19,0.3446,1.0102,22.52,370.9,0.6621,1.3584,0.0002,Apollo,0,2006,2028-11-21
NEO-100891,(NEO-100891) 2003 PQ10,0.002,29.97,0.018038,2698495.8,24.7,0.3643,1.342,4.25,567.8,0.853,1.8309,0.015145,Apollo,0,2003,2025-06-09
NEO-100324,(NEO-100324) 1999 PG47,0.068,19.83,0.113557,16987880.7,25.0,0.6943,1.4494,6.27,637.3,0.4431,2.4557,0.142505,Apollo,0,1999,2043-01-18
NEO-102437,(NEO-102437) 2023 EB62,0.1006,22.7,0.100994,15108471.0,23.63,0.151,1.1438,1.09,446.8,0.9711,1.3165,0.085101,Apollo,0,2023,2032-04-22
PHA-300564,(PHA-300564) 2003 KD3,0.7137,21.82,0.021556,3224782.6,15.96,0.314,2.1141,28.1,1122.7,1.4502,2.7779,0.013675,Apollo,1,2003,2031-04-18
NEO-102945,(NEO-102945) 2002 GP74,0.0291,16.65,0.044691,6685644.2,22.89,0.2533,1.648,1.42,772.7,1.2306,2.0654,0.039112,Amor,0,2002,2041-03-01
NEO-102912,(NEO-102912) 2008 BP38,0.0135,10.41,0.011141,1666695.3,27.5,0.6243,1.6134,5.39,748.5,0.6061,2.6207,0.011765,Apollo,0,2008,2032-12-25
NEO-103322,(NEO-103322) 2001 JY13,0.135,10.58,0.019774,2958100.8,26.79,0.2105,1.1545,14.24,453.1,0.9115,1.3974,0.018785,Apollo,0,2001,2037-03-20
NEO-100029,(NEO-100029) 1994 UV22,0.2014,11.56,0.168974,25278105.2,18.81,0.55,1.1098,13.3,427.0,0.4994,1.7202,0.132725,Apollo,0,1994,2038-01-11
NEO-101158,(NEO-101158) 1992 SX72,0.0935,16.22,0.388879,58175420.4,24.43,0.1456,1.3979,1.26,603.7,1.1944,1.6014,0.41562,Amor,0,1992,2038-02-25
NEO-101950,(NEO-101950) 2017 FL45,0.0313,27.43,0.290949,43525305.9,23.89,0.258,2.2567,3.36,1238.3,1.6745,2.8389,0.257607,Atira,0,2017,2039-07-22
NEO-100342,(NEO-100342) 1996 RP94,0.0187,27.15,0.044039,6588077.9,27.05,0.2834,1.0906,8.09,416.0,0.7815,1.3997,0.037039,Apollo,0,1996,2043-07-11
NEO-100147,(NEO-100147) 1991 KX15,0.031,15.97,0.212093,31728652.2,23.13,0.3157,1.7892,3.34,874.1,1.2244,2.3539,0.266874,Amor,0,1991,2035-04-07
NEO-101877,(NEO-101877) 2014 SW94,0.0127,22.1,0.035822,5358832.5,23.19,0.3397,1.8967,3.63,954.1,1.2525,2.541,0.036465,Amor,0,2014,2039-05-19
NEO-103023,(NEO-103023) 2007 AG14,0.021,35.15,0.001703,254732.0,23.94,0.4874,1.054,8.58,395.2,0.5403,1.5678,0.002102,Apollo,0,2007,2030-10-20
NEO-101544,(NEO-101544) 2009 NA2,0.5043,17.98,0.240762,36017422.0,17.03,0.1399,1.1267,34.16,436.8,0.969,1.2843,0.169715,Apollo,0,2009,2033-07-01
NEO-103291,(NEO-103291) 1997 ZC13,0.026,22.11,0.001364,203977.1,27.34,0.4021,1.3292,22.58,559.7,0.7947,1.8637,0.001474,Apollo,0,1997,2035-06-03
NEO-103307,(NEO-103307) 2024 YU90,0.0214,12.72,0.029328,4387449.4,23.57,0.1948,2.1781,2.07,1174.1,1.7538,2.6024,0.036467,Atira,0,2024,2033-06-04
NEO-102126,(NEO-102126) 2013 JJ74,0.012,10.65,0.03994,5974985.3,23.69,0.1593,1.6058,1.98,743.3,1.35,1.8616,0.029438,Atira,0,2013,2026-03-20
PHA-300514,(PHA-300514) 2015 PD7,1.297,29.97,0.001577,235888.8,14.32,0.4317,1.9045,5.02,960.0,1.0824,2.7266,0.001514,Apollo,1,2015,2042-07-23
NEO-101631,(NEO-101631) 2003 SW8,0.0125,22.71,0.031591,4725891.8,22.49,0.3309,1.6796,5.35,795.0,1.1238,2.2353,0.023152,Amor,0,2003,2028-11-09
NEO-101017,(NEO-101017) 2013 PW70,1.9052,13.13,0.063336,9474967.9,13.98,0.4922,1.3162,22.23,551.5,0.6683,1.9641,0.078933,Apollo,0,2013,2044-08-14
PHA-300527,(PHA-300527) 2016 SB48,0.6056,23.18,0.009112,1363117.7,16.52,0.4275,1.711,3.59,817.5,0.9796,2.4425,0.008089,Apollo,1,2016,2041-05-18
NEO-101982,(NEO-101982) 1997 HR47,0.13,5.0,0.339363,50767922.8,22.63,0.2234,1.8012,12.13,882.9,1.3988,2.2035,0.358081,Atira,0,1997,2032-10-09
NEO-103517,(NEO-103517) 2008 BL19,0.002,12.34,0.058651,8774033.3,22.36,0.472,1.4258,4.75,621.8,0.7528,2.0988,0.063468,Apollo,0,2008,2030-12-11
NEO-102351,(NEO-102351) 2014 XC47,1.1704,19.68,0.148747,22252240.5,15.7,0.3174,1.9219,3.59,973.1,1.3118,2.5319,0.118236,Atira,0,2014,2028-07-24
PHA-300774,(PHA-300774) 2023 HR55,0.5884,32.86,0.001754,262388.2,16.43,0.4041,0.7807,7.4,251.9,0.4652,1.0962,0.001866,Aten,1,2023,2035-04-21
NEO-103233,(NEO-103233) 2009 TA95,0.8538,16.69,0.277801,41558448.8,15.74,0.3074,1.3883,18.76,597.5,0.9616,1.815,0.22074,Apollo,0,2009,2030-04-14
NEO-100585,(NEO-100585) 2006 EF63,0.0213,23.65,0.021993,3290168.2,24.01,0.3434,2.0235,7.89,1051.4,1.3287,2.7183,0.017741,Atira,0,2006,2038-10-03
NEO-101713,(NEO-101713) 2012 XP73,0.0374,19.78,0.124782,18667172.1,25.86,0.2175,1.2194,5.64,491.8,0.9542,1.4846,0.136855,Apollo,0,2012,2031-07-14
PHA-300144,(PHA-300144) 2018 TE85,0.4748,27.27,0.002556,382352.4,17.2,0.4707,1.5721,0.37,720.0,0.8321,2.3121,0.002487,Apollo,1,2018,2031-12-05
NEO-102185,(NEO-102185) 1999 FK11,0.0789,7.45,0.014175,2120502.5,22.77,0.1575,1.1372,5.72,442.9,0.9581,1.3162,0.015114,Apollo,0,1999,2028-04-06
NEO-100862,(NEO-100862) 2004 GO30,0.0024,20.1,0.041955,6276453.2,27.58,0.1187,1.9525,2.68,996.5,1.7206,2.1843,0.036008,Atira,0,2004,2032-07-14
NEO-102077,(NEO-102077) 1993 RT4,0.02,23.53,0.044766,6696870.1,22.34,0.1449,0.7,11.72,213.9,0.5986,0.8014,0.04814,Atira,0,1993,2044-05-18
NEO-103926,(NEO-103926) 1994 NO63,0.0174,14.79,0.192151,28745327.8,23.48,0.7,1.4727,6.86,652.7,0.4418,2.5035,0.243073,Apollo,0,1994,2040-08-23
NEO-103039,(NEO-103039) 2013 PZ85,0.0928,17.21,0.220858,33039850.1,23.53,0.6055,1.9079,24.92,962.6,0.7527,3.0631,0.190046,Apollo,0,2013,2029-07-02
NEO-101909,(NEO-101909) 2017 XZ21,0.5445,15.18,0.154565,23122627.8,16.83,0.1629,1.7705,26.82,860.5,1.4821,2.059,0.145198,Atira,0,2017,2026-06-20
NEO-101071,(NEO-101071) 2002 LO42,0.0257,11.36,0.004221,631424.4,22.94,0.2804,1.613,1.61,748.2,1.1608,2.0652,0.005144,Amor,0,2002,2038-03-02
PHA-300559,(PHA-300559) 2007 SW60,0.356,31.97,0.012848,1922051.6,17.37,0.573,1.1873,4.47,472.5,0.5069,1.8677,0.010906,Apollo,1,2007,2034-08-11
NEO-100992,(NEO-100992) 1997 JO23,0.0942,23.73,0.056344,8428993.5,23.99,0.5958,1.7479,1.69,844.0,0.7064,2.7893,0.048823,Apollo,0,1997,2033-06-09
NEO-101241,(NEO-101241) 2025 UC98,1.2288,13.71,0.241486,36125827.2,14.93,0.55,1.5292,1.52,690.7,0.6881,2.3703,0.215793,Apollo,0,2025,2037-12-04
PHA-300117,(PHA-300117) 2003 ND56,0.4887,11.0,0.006815,1019515.0,16.98,0.4001,1.8027,7.55,884.0,1.0814,2.524,0.004525,Apollo,1,2003,2040-07-21
NEO-102570,(NEO-102570) 2008 GX77,0.0026,15.24,0.034737,5196644.3,23.2,0.4558,1.3155,21.05,551.1,0.7159,1.9152,0.028325,Apollo,0,2008,2041-10-14
NEO-102503,(NEO-102503) 2001 EP87,0.0178,4.0,0.071342,10672538.1,24.69,0.4197,0.7,2.58,213.9,0.4062,0.9938,0.06834,Aten,0,2001,2036-04-25
NEO-103962,(NEO-103962) 1992 XF33,1.673,6.26,0.231173,34582914.8,14.63,0.2499,1.684,6.96,798.2,1.2632,2.1047,0.177703,Amor,0,1992,2037-09-28
NEO-102151,(NEO-102151) 1990 MU87,0.0276,12.36,0.040724,6092230.0,23.18,0.3741,1.8066,8.56,886.9,1.1307,2.4825,0.049179,Amor,0,1990,2034-09-01
NEO-100156,(NEO-100156) 2004 DP96,0.9078,15.63,0.080313,12014584.0,16.06,0.397,2.7038,11.04,1623.9,1.6303,3.7772,0.08892,Atira,0,2004,2040-08-08
NEO-101476,(NEO-101476) 1998 MO23,0.0035,13.06,0.015793,2362630.4,27.56,0.5403,1.6775,2.33,793.5,0.7711,2.5838,0.017066,Apollo,0,1998,2030-09-05
PHA-300180,(PHA-300180) 1998 JN46,0.3245,16.16,0.05,7479893.5,18.29,0.4351,1.061,5.41,399.2,0.5994,1.5227,0.048086,Apollo,1,1998,2043-08-28
NEO-100315,(NEO-100315) 2017 LM18,0.135,10.62,0.016893,2527160.9,25.66,0.75,1.4952,9.27,667.8,0.3738,2.6167,0.020583,Apollo,0,2017,2044-10-09
PHA-300689,(PHA-300689) 2014 HX66,0.2928,26.22,0.001746,261135.3,17.82,0.82,2.109,15.58,1118.7,0.3796,3.8384,0.001161,Apollo,1,2014,2032-07-14
NEO-103767,(NEO-103767) 1992 NM9,0.0374,6.46,0.386067,57754780.7,23.64,0.6401,1.4128,4.54,613.4,0.5085,2.3171,0.378288,Apollo,0,1992,2039-08-18
PHA-300596,(PHA-300596) 2018 VU23,0.5999,14.34,0.021997,3290745.4,17.07,0.4112,1.4539,19.23,640.3,0.856,2.0519,0.020138,Apollo,1,2018,2026-09-17
NEO-103452,(NEO-103452) 2011 OC7,0.0441,15.93,0.016997,2542728.1,31.5,0.0696,1.3169,3.67,551.9,1.2252,1.4085,0.016403,Amor,0,2011,2037-05-07
PHA-300291,(PHA-300291) 2021 OC55,0.4204,28.98,0.05,7479893.5,17.85,0.6019,0.75,8.64,237.2,0.2985,1.2015,0.039841,Aten,1,2021,2031-03-06
NEO-102596,(NEO-102596) 2012 CX3,0.135,13.65,0.028805,4309211.9,22.76,0.43,1.3335,11.61,562.5,0.7602,1.9069,0.024148,Apollo,0,2012,2033-12-16
NEO-103806,(NEO-103806) 2011 JW62,0.0355,10.18,0.043541,6513599.1,24.96,0.2284,0.7576,5.47,240.8,0.5846,0.9306,0.042845,Atira,0,2011,2026-12-14
NEO-100236,(NEO-100236) 2004 FE67,0.297,14.36,0.131472,19667932.5,18.39,0.2023,1.8241,19.4,899.9,1.4551,2.1931,0.102411,Atira,0,2004,2041-05-21
NEO-101741,(NEO-101741) 2023 OD83,0.1075,10.68,0.00221,330637.5,26.7,0.4079,1.7906,0.27,875.1,1.0602,2.5209,0.001872,Amor,0,2023,2035-10-17
NEO-103970,(NEO-103970) 1990 KC93,0.1736,6.04,0.125597,18789013.5,19.74,0.242,1.9066,5.86,961.6,1.4453,2.368,0.096149,Atira,0,1990,2028-11-19
NEO-100245,(NEO-100245) 2018 AS59,0.0507,17.01,0.033601,5026691.0,22.71,0.2702,0.854,3.05,288.3,0.6233,1.0847,0.039584,Aten,0,2018,2032-06-21
NEO-101700,(NEO-101700) 2002 XU69,0.0059,16.31,0.021339,3192204.6,22.85,0.1845,1.155,23.9,453.4,0.9418,1.3681,0.017053,Apollo,0,2002,2033-07-04
NEO-101381,(NEO-101381) 2010 LC38,0.002,13.25,0.027464,4108487.8,26.75,0.2511,1.5095,8.5,677.4,1.1305,1.8885,0.024735,Amor,0,2010,2035-11-11
NEO-100419,(NEO-100419) 2014 ZZ35,0.0346,19.34,0.026804,4009850.6,26.36,0.75,1.2022,27.3,481.4,0.3005,2.1038,0.021786,Apollo,0,2014,2030-10-15
PHA-300006,(PHA-300006) 2013 GR52,1.4424,25.64,0.013971,2090076.9,15.05,0.5458,0.9873,3.33,358.3,0.4485,1.5262,0.00912,Aten,1,2013,2036-12-20
NEO-102296,(NEO-102296) 2012 RB30,0.9388,16.35,0.100431,15024322.0,15.67,0.3545,2.0886,2.7,1102.5,1.3482,2.829,0.078568,Atira,0,2012,2029-09-27
PHA-300805,(PHA-300805) 2022 JR46,0.2858,13.7,0.05,7479893.5,18.99,0.5993,1.3874,1.67,596.9,0.5559,2.2189,0.040657,Apollo,1,2022,2029-10-08
NEO-102243,(NEO-102243) 2010 GF55,0.1728,11.49,0.261927,39183692.4,19.64,0.2423,1.3976,7.11,603.5,1.059,1.7361,0.285898,Amor,0,2010,2044-08-20
NEO-100135,(NEO-100135) 2004 LK17,0.4794,16.76,0.25668,38398798.6,16.97,0.4824,2.2565,7.22,1238.0,1.168,3.3449,0.216263,Amor,0,2004,2031-08-07
PHA-300215,(PHA-300215) 2003 RC11,0.2351,32.2,0.019072,2853078.7,18.27,0.4731,2.2163,6.71,1205.1,1.1677,3.2649,0.014784,Apollo,1,2003,2041-11-04
NEO-102530,(NEO-102530) 1991 GT97,0.005,17.43,0.381941,57137539.6,24.03,0.3932,0.8,13.64,261.4,0.4854,1.1146,0.274264,Aten,0,1991,2042-08-21
NEO-101661,(NEO-101661) 2019 ND53,0.0714,19.87,0.011107,1661647.7,28.2,0.3541,1.2134,15.32,488.2,0.7838,1.643,0.010816,Apollo,0,2019,2034-09-14
PHA-300552,(PHA-300552) 2004 VD65,0.1436,29.83,0.023015,3442997.5,18.95,0.6157,1.0072,1.23,369.2,0.3871,1.6274,0.01575,Apollo,1,2004,2030-11-16
NEO-102612,(NEO-102612) 2002 MM33,0.0198,14.77,0.001056,157957.1,27.92,0.0913,0.7,27.31,213.9,0.6361,0.7639,0.000869,Atira,0,2002,2035-05-09
NEO-100869,(NEO-100869) 1998 WC46,0.0062,16.61,0.025443,3806212.0,25.25,0.087,1.5375,20.31,696.3,1.4037,1.6712,0.0235,Atira,0,1998,2034-04-17
NEO-100221,(NEO-100221) 2013 HV29,0.5181,13.5,0.65,97238616.0,17.2,0.1011,1.3811,8.46,592.8,1.2414,1.5208,0.464386,Amor,0,2013,2041-05-26
NEO-102622,(NEO-102622) 2002 SC47,0.3819,21.04,0.339047,50720740.1,17.92,0.1509,1.9024,3.86,958.4,1.6154,2.1894,0.305875,Atira,0,2002,2043-12-06
NEO-100130,(NEO-100130) 1996 RM49,0.002,19.81,0.031885,4769900.1,23.44,0.0728,1.1748,4.36,465.1,1.0893,1.2603,0.024008,Amor,0,1996,2025-11-21
NEO-103961,(NEO-103961) 2007 DQ94,0.7519,7.46,0.123535,18480613.7,16.16,0.1881,1.4819,4.41,658.9,1.2031,1.7607,0.119966,Amor,0,2007,2030-11-28
NEO-101911,(NEO-101911) 1991 EQ72,0.0178,11.15,0.007917,1184340.1,26.5,0.4242,1.6734,11.13,790.6,0.9635,2.3832,0.005955,Apollo,0,1991,2032-03-04
NEO-103885,(NEO-103885) 1994 MA51,0.6158,6.8,0.320696,47975461.2,16.63,0.2839,1.3662,14.89,583.2,0.9783,1.754,0.388047,Apollo,0,1994,2042-08-20
NEO-103809,(NEO-103809) 1991 WN12,0.0036,16.3,0.022893,3424802.9,22.38,0.2501,1.1,32.88,421.4,0.8249,1.375,0.02769,Apollo,0,1991,2043-09-13
NEO-100394,(NEO-100394) 2023 BE64,0.135,15.49,0.001516,226795.0,25.43,0.1401,1.3113,14.66,548.5,1.1276,1.4951,0.00134,Amor,0,2023,2040-11-08
NEO-100703,(NEO-100703) 1995 UC19,0.0424,24.34,0.025043,3746409.1,24.71,0.6686,1.8348,26.61,907.8,0.6081,3.0616,0.030276,Apollo,0,1995,2038-08-11
NEO-103163,(NEO-103163) 2017 NU87,0.0626,19.95,0.010961,1639794.4,23.61,0.2597,1.4214,2.85,619.0,1.0523,1.7906,0.009515,Amor,0,2017,2027-02-02
NEO-100476,(NEO-100476) 2021 NK5,0.13,14.16,0.18349,27449739.1,23.66,0.4213,1.7111,2.55,817.5,0.9903,2.432,0.191475,Apollo,0,2021,2042-02-24
NEO-103873,(NEO-103873) 2009 OO72,0.0524,12.39,0.104547,15639972.3,22.97,0.3505,1.2435,7.19,506.5,0.8076,1.6794,0.127026,Apollo,0,2009,2032-06-20
PHA-300150,(PHA-300150) 2021 WG53,0.5025,20.57,0.025659,3838528.0,17.59,0.6383,0.8277,16.37,275.0,0.2994,1.356,0.022511,Aten,1,2021,2044-02-14
NEO-103243,(NEO-103243) 2013 WH29,0.13,10.36,0.181401,27137239.6,24.18,0.1311,1.3126,16.08,549.2,1.1404,1.4847,0.199709,Amor,0,2013,2031-01-01
NEO-100132,(NEO-100132) 2019 VD55,0.061,25.89,0.226074,33820118.9,23.68,0.3011,2.0497,3.5,1071.8,1.4325,2.6668,0.263874,Atira,0,2019,2025-02-05
NEO-102967,(NEO-102967) 2022 MN85,0.1141,27.44,0.08567,12815979.0,23.09,0.7,1.5645,9.1,714.7,0.4693,2.6596,0.099353,Apollo,0,2022,2027-09-01
NEO-102410,(NEO-102410) 2010 XX35,0.818,10.65,0.093554,13995474.0,15.63,0.1972,2.1521,13.9,1153.1,1.7276,2.5765,0.108547,Atira,0,2010,2032-04-03
NEO-102045,(NEO-102045) 2021 CC33,0.0134,24.17,0.028151,4211363.0,24.54,0.5059,1.1606,2.97,456.7,0.5735,1.7478,0.020369,Apollo,0,2021,2026-01-20
NEO-102953,(NEO-102953) 2004 BP70,0.0524,17.71,0.00118,176586.8,23.06,0.4356,1.4232,29.05,620.1,0.8032,2.0431,0.001434,Apollo,0,2004,2026-08-07
NEO-103609,(NEO-103609) 2012 YH33,0.0413,22.18,0.02986,4467043.3,25.76,0.2303,0.8706,2.38,296.7,0.6701,1.0711,0.035424,Aten,0,2012,2025-12-23
NEO-102137,(NEO-102137) 2021 WG6,0.0217,19.61,0.123545,18482036.2,25.37,0.2182,1.3548,5.44,576.0,1.0592,1.6503,0.101874,Amor,0,2021,2038-03-01
NEO-101376,(NEO-101376) 2006 XS27,0.1178,23.25,0.126024,18852933.7,27.0,0.3645,1.5461,5.84,702.2,0.9825,2.1097,0.143912,Apollo,0,2006,2037-10-03
PHA-300088,(PHA-300088) 2021 LN21,0.7359,24.25,0.001119,167381.8,16.4,0.3462,1.4218,2.82,619.2,0.9295,1.9141,0.000831,Apollo,1,2021,2039-12-03
NEO-101733,(NEO-101733) 2018 YN96,0.027,17.74,0.043123,6451122.2,22.36,0.3888,1.113,8.64,428.8,0.6803,1.5456,0.048625,Apollo,0,2018,2029-08-06
NEO-102359,(NEO-102359) 1995 QF9,0.0974,33.93,0.426356,63781968.9,24.39,0.2307,1.5984,4.58,738.1,1.2296,1.9671,0.335077,Amor,0,1995,2039-02-21
PHA-300243,(PHA-300243) 2005 WQ20,0.1873,25.93,0.007127,1066124.5,19.77,0.3236,1.082,9.51,411.1,0.7318,1.4322,0.004733,Apollo,1,2005,2036-12-20
NEO-103099,(NEO-103099) 2021 JQ89,0.0152,14.84,0.018724,2801038.8,23.69,0.4143,1.298,3.51,540.2,0.7603,1.8358,0.014367,Apollo,0,2021,2037-05-13
NEO-103375,(NEO-103375) 2022 NQ60,0.0091,20.15,0.010456,1564212.6,29.21,0.4654,1.3865,6.58,596.3,0.7413,2.0318,0.010046,Apollo,0,2022,2033-08-11
NEO-100621,(NEO-100621) 2018 AP27,0.0156,5.46,0.019053,2850307.4,24.81,0.4133,1.3097,3.19,547.4,0.7684,1.851,0.018731,Apollo,0,2018,2025-06-21
NEO-100824,(NEO-100824) 1997 TV94,0.9501,12.45,0.480804,71927232.7,16.23,0.1766,2.609,16.49,1539.2,2.1482,3.0698,0.404278,Atira,0,1997,2028-11-21
NEO-103167,(NEO-103167) 2002 XO14,0.0037,11.18,0.024277,3631856.4,24.41,0.6657,1.3114,1.44,548.5,0.4384,2.1844,0.025169,Apollo,0,2002,2033-02-19
NEO-100872,(NEO-100872) 2017 XW81,0.0287,15.74,0.356749,53368843.1,24.51,0.1275,1.2104,5.31,486.4,1.0561,1.3647,0.335524,Amor,0,2017,2038-05-13
NEO-102367,(NEO-102367) 2002 FU54,0.078,13.8,0.420502,62906237.1,25.1,0.3827,1.7134,17.16,819.2,1.0577,2.3692,0.393154,Amor,0,2002,2027-02-18
NEO-103675,(NEO-103675) 1991 XB65,0.8338,21.34,0.25131,37595473.4,15.88,0.5091,1.1892,1.64,473.6,0.5837,1.7946,0.20739,Apollo,0,1991,2040-06-11
NEO-100330,(NEO-100330) 2005 NM4,0.0772,14.19,0.056856,8505575.9,23.78,0.1003,0.8781,23.78,300.6,0.7901,0.9662,0.0594,Atira,0,2005,2044-01-19
NEO-101431,(NEO-101431) 2021 LR11,0.2864,12.86,0.132725,19855359.3,18.53,0.2375,1.8602,28.26,926.7,1.4184,2.3021,0.12254,Atira,0,2021,2036-08-01
NEO-100858,(NEO-100858) 2023 ZJ31,3.1865,15.11,0.619971,92746328.5,12.99,0.4166,1.512,22.85,679.1,0.8821,2.1419,0.545703,Apollo,0,2023,2044-06-04
NEO-102346,(NEO-102346) 2005 XL88,0.13,17.4,0.312454,46742408.6,24.21,0.3503,1.3295,31.34,559.9,0.8638,1.7953,0.271989,Apollo,0,2005,2025-08-05
NEO-101232,(NEO-101232) 1990 AV46,1.0495,5.21,0.062028,9279230.4,15.67,0.1268,2.6029,9.37,1533.8,2.2728,2.933,0.061096,Atira,0,1990,2032-06-08
NEO-103266,(NEO-103266) 2019 WX85,0.002,18.61,0.044398,6641798.4,29.89,0.3543,0.8629,20.04,292.8,0.5572,1.1686,0.047395,Aten,0,2019,2044-11-08
NEO-102284,(NEO-102284) 2011 XD90,0.013,18.18,0.044918,6719628.6,27.18,0.2866,2.1261,6.82,1132.3,1.5168,2.7354,0.039541,Atira,0,2011,2028-04-13
NEO-103724,(NEO-103724) 2003 WY76,0.0097,25.45,0.006987,1045214.7,24.68,0.3608,2.0047,7.63,1036.7,1.2814,2.728,0.006045,Amor,0,2003,2034-05-11
NEO-102899,(NEO-102899) 2024 ST79,0.0674,7.16,0.066747,9985171.5,26.56,0.1743,2.1527,3.74,1153.6,1.7775,2.528,0.081143,Atira,0,2024,2041-03-16
NEO-101225,(NEO-101225) 2011 UN76,0.0044,8.02,0.041153,6156435.6,24.82,0.5684,1.5633,1.23,713.9,0.6747,2.4519,0.040825,Apollo,0,2011,2026-03-04
NEO-102819,(NEO-102819) 1996 OT62,0.031,28.23,0.382264,57185820.1,24.06,0.2822,1.2762,10.81,526.6,0.9161,1.6363,0.280343,Apollo,0,1996,2036-01-15
NEO-103906,(NEO-103906) 2009 PP68,0.0693,10.42,0.038414,5746672.1,25.8,0.6865,1.629,1.5,759.4,0.5107,2.7473,0.037973,Apollo,0,2009,2036-11-27
PHA-300613,(PHA-300613) 2018 VJ55,0.3069,28.96,0.003292,492453.9,18.26,0.4861,1.1762,7.75,465.9,0.6045,1.7479,0.003393,Apollo,1,2018,2037-10-28
PHA-300252,(PHA-300252) 2009 BU44,1.0335,19.26,0.041884,6265817.7,15.6,0.3222,0.8683,15.28,295.5,0.5885,1.1481,0.036747,Aten,1,2009,2036-06-10
NEO-102545,(NEO-102545) 2019 WF61,0.0581,10.08,0.006358,951139.9,24.18,0.681,1.7033,12.05,811.9,0.5434,2.8632,0.004642,Apollo,0,2019,2027-03-06
NEO-103237,(NEO-103237) 2021 HK80,0.0024,13.96,0.004072,609118.3,28.02,0.7283,1.4211,3.45,618.8,0.3861,2.4561,0.003829,Apollo,0,2021,2027-09-22
NEO-100978,(NEO-100978) 2003 ZQ9,0.0073,16.54,0.052026,7782964.9,23.17,0.1317,1.876,5.81,938.5,1.6289,2.1231,0.057849,Atira,0,2003,2025-09-22
NEO-103968,(NEO-103968) 1995 FY27,1.0041,8.94,0.407416,60948506.8,16.26,0.3357,1.9657,11.55,1006.7,1.3059,2.6256,0.313965,Atira,0,1995,2026-12-27
NEO-101561,(NEO-101561) 2019 QC59,0.1829,11.14,0.06298,9421722.3,19.26,0.3917,1.3183,3.76,552.8,0.8018,1.8347,0.053353,Apollo,0,2019,2038-03-25
NEO-101135,(NEO-101135) 2024 OT76,0.0652,5.0,0.261696,39149184.1,25.1,0.4917,1.6712,8.43,789.1,0.8495,2.4928,0.211533,Apollo,0,2024,2030-05-13
NEO-102152,(NEO-102152) 2010 XE79,0.0169,18.87,0.017938,2683545.0,23.9,0.41,1.4855,1.25,661.3,0.8765,2.0946,0.017675,Apollo,0,2010,2030-06-01
PHA-300478,(PHA-300478) 2005 FC33,0.4028,14.8,0.002445,365833.7,17.83,0.4623,1.8141,13.59,892.4,0.9755,2.6527,0.001487,Apollo,1,2005,2036-01-16
NEO-101019,(NEO-101019) 2025 UM84,0.0036,25.06,0.009969,1491357.3,25.2,0.3556,1.2256,0.1,495.6,0.7897,1.6615,0.008199,Apollo,0,2025,2034-01-21
NEO-100910,(NEO-100910) 1992 BO52,0.0574,15.23,0.017597,2632421.3,23.76,0.2288,1.6662,8.88,785.6,1.285,2.0474,0.01444,Amor,0,1992,2042-10-04
NEO-102087,(NEO-102087) 2013 GO49,2.3541,3.5,0.65,97238616.0,13.29,0.123,2.2416,0.5,1225.9,1.9659,2.5174,0.7,Atira,0,2013,2038-04-07
NEO-102395,(NEO-102395) 2017 ZB70,0.0733,24.1,0.012783,1912335.5,23.15,0.4724,1.4593,10.19,643.9,0.7699,2.1487,0.013317,Apollo,0,2017,2025-05-18
PHA-300136,(PHA-300136) 2009 XR47,0.3517,31.25,0.01956,2926163.1,18.12,0.5811,1.7166,4.92,821.4,0.7191,2.714,0.014876,Apollo,1,2009,2033-07-02
NEO-101162,(NEO-101162) 2012 ZX22,0.2795,16.64,0.104761,15671955.1,18.48,0.251,2.2718,17.17,1250.7,1.7016,2.842,0.082432,Atira,0,2012,2032-02-23
NEO-100545,(NEO-100545) 1990 MD25,0.0107,21.8,0.057289,8570278.1,23.36,0.75,1.2395,9.2,504.0,0.3099,2.1692,0.061382,Apollo,0,1990,2037-07-20
NEO-101987,(NEO-101987) 2024 YD49,0.0177,23.77,0.03735,5587501.6,23.26,0.4705,1.5432,13.36,700.2,0.8171,2.2692,0.027704,Apollo,0,2024,2032-04-17
PHA-300649,(PHA-300649) 2024 VF73,0.2174,26.49,0.006118,915235.6,18.07,0.7431,1.6881,3.52,801.1,0.4337,2.9425,0.006424,Apollo,1,2024,2034-07-26
NEO-100970,(NEO-100970) 2015 UD6,0.013,12.13,0.014244,2130927.5,24.01,0.4217,1.3895,1.26,598.2,0.8036,1.9754,0.010329,Apollo,0,2015,2038-12-02
NEO-101687,(NEO-101687) 2014 OJ61,0.0297,17.83,0.013359,1998468.6,24.25,0.4119,1.2112,7.94,486.8,0.7122,1.7101,0.013686,Apollo,0,2014,2040-07-02
NEO-102573,(NEO-102573) 1995 UZ84,0.6885,23.32,0.312115,46691742.9,16.41,0.55,1.5893,55.0,731.8,0.7152,2.4635,0.377352,Apollo,0,1995,2029-04-15
NEO-103458,(NEO-103458) 2003 ED56,0.0365,13.29,0.043741,6543567.9,23.42,0.2129,2.0193,1.3,1048.1,1.5894,2.4493,0.046713,Atira,0,2003,2029-03-27
NEO-100323,(NEO-100323) 2016 GT81,0.0303,21.44,0.026585,3977067.4,24.51,0.5427,1.0784,19.44,409.0,0.4932,1.6636,0.020443,Apollo,0,2016,2035-04-11
NEO-102448,(NEO-102448) 2017 WL52,0.0317,22.09,0.03825,5722145.1,26.42,0.4396,1.8209,7.8,897.5,1.0204,2.6215,0.043033,Amor,0,2017,2033-11-10
PHA-300598,(PHA-300598) 2005 DT6,0.2205,20.59,0.03288,4918750.2,18.91,0.3519,1.5636,24.29,714.1,1.0134,2.1137,0.030681,Apollo,1,2005,2038-11-23
NEO-102758,(NEO-102758) 1992 VZ17,0.334,14.21,0.514084,76905876.1,18.41,0.1977,1.4808,15.58,658.2,1.188,1.7736,0.393769,Amor,0,1992,2029-08-10
NEO-101106,(NEO-101106) 1999 MM40,0.005,18.07,0.282661,42285553.7,23.94,0.1721,1.5128,10.82,679.6,1.2524,1.7733,0.220668,Amor,0,1999,2042-10-22
PHA-300187,(PHA-300187) 2007 OU23,0.6149,20.14,0.035776,5352060.1,17.31,0.7651,2.1078,12.52,1117.7,0.4951,3.7205,0.037237,Apollo,1,2007,2034-12-19
NEO-102107,(NEO-102107) 1991 PX38,0.1155,15.11,0.023477,3512083.6,26.22,0.3108,1.5765,1.06,723.0,1.0865,2.0665,0.029222,Amor,0,1991,2035-03-17
NEO-101503,(NEO-101503) 2023 WK31,0.0674,19.5,0.045664,6831220.3,27.95,0.2109,1.0569,7.73,396.8,0.834,1.2797,0.042379,Apollo,0,2023,2032-02-25
NEO-103565,(NEO-103565) 2018 OM94,0.6881,10.94,0.102339,15309694.2,16.74,0.3614,1.9393,12.38,986.4,1.2385,2.6401,0.08805,Amor,0,2018,2038-10-21
PHA-300756,(PHA-300756) 2011 AJ22,0.2232,29.57,0.003157,472229.5,19.43,0.4724,1.2238,0.76,494.5,0.6456,1.8019,0.002455,Apollo,1,2011,2026-09-25
NEO-103672,(NEO-103672) 2002 JN72,0.0326,8.16,0.031811,4758846.4,23.57,0.2496,1.7122,23.83,818.3,1.2847,2.1396,0.040114,Amor,0,2002,2030-11-12
NEO-103394,(NEO-103394) 2011 TN76,0.0769,15.8,0.019592,2930873.0,23.47,0.485,0.7,17.58,213.9,0.3605,1.0395,0.016146,Aten,0,2011,2026-06-09
NEO-102431,(NEO-102431) 1997 JU85,0.002,15.52,0.024304,3635827.0,24.67,0.5013,1.7751,4.03,863.8,0.8852,2.6649,0.02989,Apollo,0,1997,2025-05-21
PHA-300192,(PHA-300192) 2000 MP57,0.3949,26.84,0.014197,2123901.8,17.9,0.5932,1.4335,8.91,626.9,0.5831,2.2839,0.013535,Apollo,1,2000,2028-11-28
NEO-102686,(NEO-102686) 1996 FU47,0.0806,14.94,0.053339,7979427.5,23.26,0.659,1.9831,0.68,1020.0,0.6762,3.29,0.038024,Apollo,0,1996,2035-07-17
NEO-100909,(NEO-100909) 2020 SS74,0.9014,12.14,0.209127,31284981.8,15.66,0.55,1.8544,11.32,922.3,0.8345,2.8743,0.250403,Apollo,0,2020,2033-04-05
NEO-101953,(NEO-101953) 2022 LC22,0.2274,19.06,0.140991,21091894.3,19.45,0.5205,1.6379,10.4,765.6,0.7854,2.4904,0.123627,Apollo,0,2022,2032-07-10
NEO-100883,(NEO-100883) 1990 ZL90,0.005,22.93,0.061801,9245305.1,24.81,0.5105,1.7328,10.64,833.1,0.8482,2.6175,0.079465,Apollo,0,1990,2043-09-20
NEO-102650,(NEO-102650) 1997 FC93,0.8073,13.51,0.118655,17750530.6,15.69,0.1997,1.9408,1.12,987.5,1.5531,2.3284,0.142343,Atira,0,1997,2041-03-21
NEO-100030,(NEO-100030) 2002 AB9,0.0707,32.37,0.011972,1791044.5,23.19,0.1553,2.0366,3.49,1061.6,1.7203,2.353,0.012451,Atira,0,2002,2027-04-01
NEO-103273,(NEO-103273) 1996 YW67,0.0327,8.8,0.006154,920632.0,29.32,0.75,1.0605,2.5,398.9,0.2651,1.8559,0.004771,Apollo,0,1996,2028-08-27
NEO-101336,(NEO-101336) 2023 EN87,0.0151,21.92,0.046215,6913591.2,27.61,0.2542,1.4264,0.36,622.2,1.0638,1.7889,0.034143,Amor,0,2023,2043-10-08
PHA-300688,(PHA-300688) 2021 CA44,0.2822,30.13,0.040715,6090929.9,18.75,0.2979,0.8992,11.51,311.4,0.6313,1.1671,0.044114,Aten,1,2021,2031-12-16
NEO-103924,(NEO-103924) 2007 YA41,0.4101,8.11,0.125016,18702134.3,18.26,0.2742,1.654,15.62,777.0,1.2005,2.1076,0.139826,Amor,0,2007,2028-03-22
NEO-102175,(NEO-102175) 2012 EW80,0.029,11.1,0.014574,2180249.4,24.96,0.75,1.3701,4.74,585.8,0.3425,2.3978,0.014445,Apollo,0,2012,2028-08-13
NEO-102872,(NEO-102872) 2022 CG96,0.3758,4.95,0.12335,18452942.3,17.78,0.0565,1.5655,1.24,715.4,1.4771,1.6539,0.150513,Atira,0,2022,2043-08-26
NEO-100812,(NEO-100812) 2002 XR77,0.0347,17.11,0.020442,3058028.8,22.9,0.1991,1.2088,1.59,485.4,0.968,1.4495,0.017738,Apollo,0,2002,2043-03-18
NEO-102633,(NEO-102633) 2025 KW28,0.0297,17.57,0.009184,1373942.9,24.04,0.4439,1.6263,2.84,757.5,0.9044,2.3482,0.011206,Apollo,0,2025,2037-10-10
NEO-102757,(NEO-102757) 2025 GG22,0.0468,13.07,0.038535,5764760.1,25.33,0.3165,1.376,4.43,589.6,0.9405,1.8116,0.033014,Apollo,0,2025,2028-04-13
NEO-100467,(NEO-100467) 2015 OW71,0.0787,13.19,0.346507,51836713.7,24.7,0.6814,1.341,27.4,567.2,0.4272,2.2548,0.265328,Apollo,0,2015,2037-05-19
NEO-101029,(NEO-101029) 2000 ND97,0.0076,8.56,0.015717,2351301.3,28.33,0.6179,1.5299,3.67,691.2,0.5846,2.4753,0.018615,Apollo,0,2000,2027-11-17
NEO-102939,(NEO-102939) 1992 CA12,0.043,13.88,0.038477,5756065.5,22.78,0.2462,1.7282,13.43,829.8,1.3028,2.1536,0.044758,Atira,0,1992,2037-05-07
NEO-102480,(NEO-102480) 2006 VY82,0.029,9.43,0.037894,5668820.5,22.64,0.5242,1.2581,7.35,515.4,0.5986,1.9177,0.041362,Apollo,0,2006,2033-03-26
NEO-103893,(NEO-103893) 2015 MZ92,0.3898,21.66,0.068277,10214083.3,17.42,0.55,1.8295,2.76,903.8,0.8233,2.8357,0.086967,Apollo,0,2015,2035-03-19
NEO-102919,(NEO-102919) 2021 YW89,0.0865,17.94,0.006423,960896.4,26.82,0.3981,1.1633,6.95,458.3,0.7002,1.6264,0.007043,Apollo,0,2021,2040-06-28
NEO-102621,(NEO-102621) 2000 OG26,0.005,22.91,0.307607,46017331.9,24.46,0.3298,1.0348,0.24,384.5,0.6935,1.3761,0.246833,Apollo,0,2000,2025-06-16
NEO-101174,(NEO-101174) 2008 UA37,0.0227,8.56,0.019976,2988369.9,23.46,0.4874,1.42,7.36,618.1,0.728,2.1121,0.017171,Apollo,0,2008,2036-12-04
PHA-300653,(PHA-300653) 2024 MQ4,0.2436,28.78,0.007131,1066726.6,18.81,0.5386,1.219,8.86,491.6,0.5625,1.8755,0.006971,Apollo,1,2024,2038-05-06
NEO-102924,(NEO-102924) 1999 YH44,0.0423,14.03,0.023736,3550783.5,22.44,0.2639,1.1338,3.47,441.0,0.8346,1.4331,0.017104,Apollo,0,1999,2029-03-28
NEO-103589,(NEO-103589) 2023 VG65,0.0058,9.3,0.038569,5769871.7,22.35,0.6023,1.4935,12.88,666.6,0.594,2.393,0.035133,Apollo,0,2023,2038-06-12
PHA-300699,(PHA-300699) 2001 EL15,0.3506,22.25,0.01912,2860257.4,18.19,0.4472,1.6371,24.99,765.1,0.905,2.3692,0.015571,Apollo,1,2001,2026-04-05
NEO-100458,(NEO-100458) 1990 DF37,0.9701,12.46,0.46964,70257093.4,15.57,0.1927,1.8509,43.07,919.7,1.4942,2.2075,0.439918,Atira,0,1990,2026-11-28
NEO-101851,(NEO-101851) 2025 EL86,0.0061,4.0,0.014885,2226759.8,22.76,0.6076,2.0004,9.53,1033.4,0.785,3.2159,0.017568,Apollo,0,2025,2033-06-18
NEO-103205,(NEO-103205) 1991 UF1,1.2688,8.91,0.081042,12123776.3,14.71,0.1112,2.0743,20.43,1091.2,1.8437,2.305,0.075639,Atira,0,1991,2031-06-23
NEO-100482,(NEO-100482) 2007 RY9,0.054,5.0,0.22501,33661087.5,22.1,0.4973,2.1177,20.98,1125.6,1.0645,3.1709,0.26025,Amor,0,2007,2043-09-21
NEO-101413,(NEO-101413) 2003 BW80,0.0071,13.43,0.011214,1677603.1,22.22,0.1975,1.3392,1.07,566.1,1.0746,1.6037,0.012187,Amor,0,2003,2040-07-24
NEO-102478,(NEO-102478) 2012 KJ34,0.0271,12.11,0.006725,1005997.9,25.8,0.2502,2.1966,1.48,1189.1,1.6469,2.7462,0.007476,Atira,0,2012,2038-07-10
NEO-101214,(NEO-101214) 1996 OS94,0.096,22.03,0.077358,11572610.6,24.68,0.4748,1.4472,16.51,635.9,0.76,2.1344,0.056141,Apollo,0,1996,2038-04-07
NEO-100705,(NEO-100705) 2012 AA84,0.0303,17.8,0.061369,9180615.7,24.15,0.05,0.968,6.63,347.9,0.9196,1.0164,0.047438,Aten,0,2012,2033-04-25
NEO-100839,(NEO-100839) 2004 UH5,0.4227,21.51,0.087463,13084336.4,17.59,0.0913,1.5883,0.5,731.1,1.4433,1.7333,0.095182,Atira,0,2004,2030-01-13
NEO-103912,(NEO-103912) 2019 VP16,0.004,23.94,0.019102,2857546.0,25.72,0.4193,1.6177,0.32,751.5,0.9395,2.296,0.015164,Apollo,0,2019,2032-01-17
NEO-103930,(NEO-103930) 2021 YC35,0.0322,13.12,0.040782,6100937.8,25.11,0.75,1.6825,0.12,797.1,0.4206,2.9444,0.041862,Apollo,0,2021,2031-05-01
NEO-102803,(NEO-102803) 2002 XH26,0.13,21.47,0.082051,12274671.9,23.2,0.7,1.856,4.65,923.5,0.5568,3.1552,0.073187,Apollo,0,2002,2030-11-06
NEO-101869,(NEO-101869) 2009 CJ82,0.0419,19.71,0.0527,7883868.1,25.96,0.5752,1.6122,5.33,747.7,0.6849,2.5396,0.047362,Apollo,0,2009,2031-12-21
NEO-102236,(NEO-102236) 1992 CP16,0.0103,7.51,0.03043,4552250.4,28.95,0.0851,1.1417,3.4,445.6,1.0446,1.2388,0.033925,Amor,0,1992,2038-02-10
NEO-100773,(NEO-100773) 2003 VQ61,0.059,8.48,0.04657,6966771.4,22.41,0.339,1.5547,11.15,708.1,1.0277,2.0818,0.039775,Amor,0,2003,2044-06-21
NEO-101905,(NEO-101905) 2009 KS21,0.363,18.86,0.087257,13053416.3,17.46,0.3771,1.9378,7.6,985.3,1.2071,2.6685,0.093739,Amor,0,2009,2036-11-07
NEO-101801,(NEO-101801) 2023 WO57,0.0509,23.28,0.059914,8963074.3,26.27,0.3326,1.6495,2.02,773.8,1.1009,2.1981,0.069257,Amor,0,2023,2041-08-04
NEO-102333,(NEO-102333) 2009 LZ63,0.0196,25.53,0.300486,44952033.9,24.91,0.1486,2.0891,4.76,1102.9,1.7785,2.3996,0.388717,Atira,0,2009,2025-11-16
NEO-102490,(NEO-102490) 1992 DF88,0.0142,14.91,0.1348,20165867.3,26.55,0.4504,1.0815,17.89,410.8,0.5944,1.5686,0.123346,Apollo,0,1992,2032-12-13
NEO-100898,(NEO-100898) 2025 AF53,0.7456,9.78,0.65,97238616.0,16.47,0.27,1.6092,11.31,745.6,1.1747,2.0437,0.57639,Amor,0,2025,2040-02-03
NEO-100235,(NEO-100235) 2000 BX63,0.0055,18.09,0.043556,6515862.2,23.11,0.068,1.0364,5.78,385.4,0.9659,1.1068,0.032833,Apollo,0,2000,2032-02-21
NEO-103812,(NEO-103812) 2015 SO2,0.2555,11.51,0.561573,84010089.2,17.97,0.2004,1.1,1.31,421.4,0.8795,1.3205,0.519023,Apollo,0,2015,2032-12-03
NEO-102418,(NEO-102418) 2001 SW58,0.0052,19.59,0.121538,18181802.3,24.57,0.2799,1.0656,8.51,401.8,0.7673,1.3638,0.088638,Apollo,0,2001,2026-01-05
NEO-100854,(NEO-100854) 1995 KG74,1.874,7.66,0.167767,25097562.2,13.98,0.1921,1.7202,8.49,824.1,1.3898,2.0506,0.203848,Atira,0,1995,2033-03-15
NEO-100933,(NEO-100933) 2016 MN8,0.0545,9.4,0.315987,47270916.5,25.32,0.1928,0.8,20.02,261.4,0.6458,0.9542,0.230146,Atira,0,2016,2040-06-27
NEO-103367,(NEO-103367) 2019 VL35,0.0185,16.11,0.008346,1248527.7,24.97,0.313,1.2204,6.04,492.4,0.8385,1.6023,0.0101,Apollo,0,2019,2030-11-05
PHA-300553,(PHA-300553) 1999 QG51,0.3936,31.44,0.003143,470121.8,17.37,0.6973,1.9978,1.76,1031.4,0.6048,3.3909,0.003193,Apollo,1,1999,2029-01-07
NEO-101966,(NEO-101966) 2025 FU69,0.0179,25.47,0.004776,714534.8,23.14,0.3227,1.2672,7.94,521.0,0.8582,1.6762,0.004128,Apollo,0,2025,2036-08-14
NEO-100039,(NEO-100039) 1990 AZ62,0.0178,11.82,0.101867,15239087.4,26.32,0.4793,0.856,35.44,289.3,0.4457,1.2663,0.129799,Aten,0,1990,2029-10-02
NEO-100660,(NEO-100660) 2010 QR79,0.0398,18.58,0.064492,9647896.7,22.24,0.2742,1.9101,0.29,964.2,1.3864,2.4339,0.062888,Atira,0,2010,2027-06-03
PHA-300196,(PHA-300196) 2009 CF67,1.1318,31.46,0.005653,845641.0,14.78,0.515,1.7188,16.03,823.0,0.8336,2.6039,0.005591,Apollo,1,2009,2030-08-20
NEO-103664,(NEO-103664) 2011 XB4,0.3052,18.73,0.165387,24741511.4,18.1,0.55,1.4707,2.22,651.5,0.6618,2.2796,0.119697,Apollo,0,2011,2034-02-05
NEO-100046,(NEO-100046) 2004 RQ52,0.0176,14.34,0.066711,9979811.5,25.07,0.2477,0.9317,3.51,328.5,0.7009,1.1624,0.082428,Aten,0,2004,2043-06-05
NEO-103669,(NEO-103669) 1994 UQ56,0.0576,17.87,0.011608,1736565.8,22.65,0.2508,1.3981,4.29,603.8,1.0474,1.7488,0.011438,Amor,0,1994,2032-01-02
PHA-300492,(PHA-300492) 1995 OO8,0.2237,27.4,0.018202,2722928.1,18.55,0.4655,1.3139,2.09,550.1,0.7023,1.9255,0.018596,Apollo,1,1995,2040-08-23
NEO-100204,(NEO-100204) 1996 VH3,0.5505,18.33,0.193352,28925109.3,17.1,0.2664,2.0537,3.06,1075.0,1.5066,2.6008,0.170972,Atira,0,1996,2034-02-07
NEO-103016,(NEO-103016) 2006 QA18,0.0068,11.44,0.016382,2450726.3,25.21,0.5684,1.5668,0.67,716.3,0.6763,2.4573,0.013161,Apollo,0,2006,2041-11-07
NEO-101866,(NEO-101866) 1996 YX11,0.0444,21.71,0.038582,5771789.3,24.13,0.4485,1.5678,3.34,717.0,0.8647,2.2709,0.048003,Apollo,0,1996,2036-10-23
NEO-100746,(NEO-100746) 2022 AZ78,0.002,26.77,0.044559,6665949.1,23.61,0.5283,2.2535,0.1,1235.6,1.063,3.4441,0.035315,Amor,0,2022,2036-10-25
NEO-101949,(NEO-101949) 1997 WO31,0.0146,29.85,0.008633,1291444.1,22.93,0.205,0.7,5.25,213.9,0.5565,0.8435,0.007992,Atira,0,1997,2038-09-22
NEO-101907,(NEO-101907) 2014 OG12,0.561,3.5,0.250966,37544034.5,16.36,0.3215,1.8497,10.89,918.8,1.255,2.4444,0.198977,Amor,0,2014,2036-03-06
PHA-300794,(PHA-300794) 2013 BR78,0.2427,28.3,0.016109,2409892.3,18.54,0.82,2.4127,2.36,1368.9,0.4343,4.3912,0.011117,Apollo,1,2013,2028-10-10
NEO-102821,(NEO-102821) 2016 ZG10,0.018,15.76,0.013648,2041747.4,22.37,0.1416,1.0471,3.15,391.4,0.8988,1.1955,0.012181,Apollo,0,2016,2027-06-06
NEO-101630,(NEO-101630) 2018 JM68,0.1218,20.25,0.084931,12705444.8,24.52,0.6076,1.1983,17.87,479.1,0.4703,1.9263,0.07593,Apollo,0,2018,2032-11-13
NEO-103774,(NEO-103774) 1996 CG47,0.0107,15.92,0.06002,8978840.2,24.69,0.28,1.6942,4.33,805.4,1.2198,2.1686,0.075721,Amor,0,1996,2036-03-10
NEO-102280,(NEO-102280) 2014 BD88,0.135,11.33,0.011425,1709143.7,23.38,0.3379,0.8601,6.67,291.4,0.5695,1.1508,0.013224,Aten,0,2014,2032-03-07
PHA-300190,(PHA-300190) 2011 CG58,0.5305,25.37,0.000329,49251.4,15.92,0.4129,2.6294,12.21,1557.3,1.5437,3.715,0.000286,Apollo,1,2011,2025-09-22
NEO-102275,(NEO-102275) 2023 OH16,0.005,14.4,0.430713,64433697.4,22.73,0.357,0.8466,4.69,284.5,0.5444,1.1489,0.332581,Aten,0,2023,2028-05-14
NEO-101454,(NEO-101454) 2009 OX67,1.9639,9.93,0.252831,37822933.5,14.42,0.307,1.1,4.48,421.4,0.7623,1.4377,0.23791,Apollo,0,2009,2035-05-15
NEO-102737,(NEO-102737) 2020 MJ21,0.0856,17.37,0.001967,294253.9,26.78,0.3865,1.4101,4.35,611.6,0.865,1.9551,0.002074,Apollo,0,2020,2032-07-24
NEO-103650,(NEO-103650) 1994 OG60,0.6989,16.76,0.356787,53374544.6,15.97,0.2319,1.8928,47.41,951.2,1.4538,2.3318,0.251025,Atira,0,1994,2036-03-27
NEO-103690,(NEO-103690) 2009 QB10,0.0297,23.68,0.011745,1756956.7,23.53,0.05,1.1638,9.89,458.6,1.1056,1.222,0.009786,Amor,0,2009,2026-02-10
PHA-300381,(PHA-300381) 1996 GD75,0.6515,28.05,0.023553,3523434.8,16.53,0.3657,1.5728,2.52,720.5,0.9977,2.1479,0.015492,Apollo,1,1996,2030-10-07
NEO-100671,(NEO-100671) 2007 EV5,0.0151,18.27,0.006171,923232.7,22.43,0.5968,1.6112,9.87,747.0,0.6497,2.5727,0.007071,Apollo,0,2007,2027-04-22
NEO-101871,(NEO-101871) 1990 GN84,0.0458,17.27,0.018738,2803146.1,22.21,0.4685,2.0246,1.61,1052.2,1.0761,2.9732,0.017305,Amor,0,1990,2033-04-05
NEO-101203,(NEO-101203) 1998 XH25,0.002,13.93,0.079215,11850395.6,23.93,0.4386,1.3748,8.26,588.8,0.7718,1.9777,0.081698,Apollo,0,1998,2027-03-02
NEO-101744,(NEO-101744) 2001 ZV28,0.0735,20.14,0.314379,47030389.1,24.66,0.1967,1.4343,21.81,627.4,1.1521,1.7164,0.388407,Amor,0,2001,2042-09-22
PHA-300054,(PHA-300054) 2011 OJ40,0.2681,27.95,0.009858,1474742.9,19.12,0.449,0.9099,16.03,317.0,0.5014,1.3185,0.00837,Aten,1,2011,2026-01-05
NEO-103060,(NEO-103060) 2009 PW23,0.2074,8.86,0.322553,48253283.8,19.15,0.2768,1.1,37.37,421.4,0.7955,1.4045,0.365628,Apollo,0,2009,2042-09-10
NEO-101238,(NEO-101238) 2010 DX93,0.8198,18.42,0.309916,46362773.5,15.65,0.0717,1.9451,14.32,990.8,1.8055,2.0846,0.264489,Atira,0,2010,2040-06-07
PHA-300482,(PHA-300482) 2014 WO75,0.4939,35.68,0.012831,1919428.1,16.87,0.3177,1.5149,35.44,681.1,1.0337,1.9962,0.013302,Apollo,1,2014,2031-06-18
PHA-300369,(PHA-300369) 2011 NV58,0.3892,24.89,0.014204,2124876.7,17.69,0.3659,2.5264,4.99,1466.8,1.6021,3.4508,0.011837,Apollo,1,2011,2041-01-25
NEO-103169,(NEO-103169) 2020 SG32,0.0147,13.85,0.002485,371720.6,22.53,0.5919,1.089,4.36,415.1,0.4445,1.7335,0.003141,Apollo,0,2020,2035-05-01
NEO-100252,(NEO-100252) 2016 GN4,0.8899,11.92,0.084247,12603213.5,15.9,0.1888,2.9388,13.32,1840.1,2.384,3.4936,0.065809,Atira,0,2016,2033-02-05
NEO-100054,(NEO-100054) 2012 WV54,0.0328,14.72,0.365271,54643820.6,23.72,0.3325,2.1271,7.81,1133.1,1.4198,2.8345,0.421882,Atira,0,2012,2030-03-10
PHA-300327,(PHA-300327) 1999 CU47,0.9199,30.46,0.011068,1655772.4,15.75,0.4149,1.552,19.92,706.2,0.908,2.196,0.007987,Apollo,1,1999,2031-06-21
NEO-100192,(NEO-100192) 2004 UW34,0.135,13.49,0.01679,2511765.0,23.3,0.225,1.0493,8.06,392.6,0.8132,1.2855,0.016984,Apollo,0,2004,2037-01-18
NEO-100451,(NEO-100451) 2019 PZ37,0.0256,23.05,0.001742,260605.9,25.79,0.4483,1.0787,11.09,409.2,0.5951,1.5622,0.001557,Apollo,0,2019,2030-04-25
NEO-102974,(NEO-102974) 1992 EW72,0.0661,17.04,0.317177,47448984.7,23.62,0.5035,0.8,13.83,261.4,0.3972,1.2028,0.267358,Aten,0,1992,2041-01-27
NEO-103727,(NEO-103727) 2023 RA23,0.0207,21.97,0.052786,7896733.4,22.58,0.2846,1.5313,8.22,692.1,1.0956,1.9671,0.043653,Amor,0,2023,2033-11-10
NEO-102518,(NEO-102518) 2004 DN32,0.0236,12.51,0.011827,1769283.0,26.72,0.6941,1.6863,40.52,799.8,0.5158,2.8569,0.014681,Apollo,0,2004,2035-11-05
NEO-100171,(NEO-100171) 2019 CQ51,0.0033,13.32,0.000186,27834.8,23.29,0.0677,1.4894,2.31,663.9,1.3886,1.5902,0.00013,Atira,0,2019,2027-08-08
NEO-101157,(NEO-101157) 2023 AY10,0.0582,12.07,0.018087,2705735.3,23.77,0.594,1.6463,1.48,771.5,0.6683,2.6242,0.014484,Apollo,0,2023,2026-03-23
NEO-103473,(NEO-103473) 2020 UJ3,0.0211,19.64,0.025331,3789534.5,29.98,0.2511,1.457,2.02,642.4,1.0911,1.8229,0.026763,Amor,0,2020,2026-08-07
PHA-300151,(PHA-300151) 2012 OU53,0.524,15.18,0.026878,4020816.9,17.57,0.6991,1.4794,9.43,657.2,0.4451,2.5136,0.016857,Apollo,1,2012,2036-01-15
NEO-100676,(NEO-100676) 2014 RM83,0.0745,25.6,0.131993,19745826.4,23.65,0.6741,1.5466,18.18,702.5,0.504,2.5892,0.119388,Apollo,0,2014,2034-04-04
NEO-103019,(NEO-103019) 2011 JG81,1.8993,8.15,0.211407,31626063.3,14.24,0.1267,2.1272,16.82,1133.2,1.8578,2.3966,0.198431,Atira,0,2011,2037-05-06
NEO-101789,(NEO-101789) 1997 KC75,0.0187,27.6,0.000351,52563.9,22.56,0.7491,1.8024,2.12,883.8,0.4522,3.1527,0.000413,Apollo,0,1997,2043-12-17
NEO-102637,(NEO-102637) 2014 DK24,0.004,10.91,0.000142,21193.4,25.47,0.5723,1.6938,12.23,805.1,0.7245,2.6631,0.000108,Apollo,0,2014,2031-09-19
NEO-100197,(NEO-100197) 2024 SJ16,0.5525,10.97,0.245165,36676114.7,16.56,0.0287,1.4097,17.42,611.3,1.3693,1.4501,0.286711,Atira,0,2024,2028-12-26
NEO-102249,(NEO-102249) 1992 MD96,0.2202,16.48,0.062073,9285956.4,18.89,0.5241,1.8658,21.58,930.8,0.888,2.8435,0.071814,Apollo,0,1992,2044-02-20
NEO-103119,(NEO-103119) 2001 LK93,0.0164,26.93,0.051751,7741825.4,23.63,0.4545,1.364,20.49,581.8,0.744,1.9839,0.058967,Apollo,0,2001,2029-03-23
NEO-100761,(NEO-100761) 1990 FW17,0.0068,9.23,0.008368,1251851.4,22.44,0.2327,1.7072,12.92,814.7,1.31,2.1044,0.01045,Atira,0,1990,2030-02-20
NEO-101131,(NEO-101131) 2002 SV42,0.028,13.34,0.006194,926659.4,23.55,0.3824,1.586,9.2,729.5,0.9795,2.1926,0.006649,Apollo,0,2002,2032-03-05
NEO-102328,(NEO-102328) 2024 AY36,0.0118,21.12,0.201309,30115463.9,24.62,0.292,1.2656,18.83,520.0,0.896,1.6352,0.220819,Apollo,0,2024,2025-11-08
PHA-300024,(PHA-300024) 2020 PQ69,0.2337,31.84,0.028228,4222776.5,18.29,0.335,1.8062,20.77,886.7,1.2012,2.4113,0.021889,Apollo,1,2020,2042-12-09
NEO-103190,(NEO-103190) 2009 WC27,0.0207,15.27,0.011007,1646633.1,26.31,0.3134,1.1926,2.23,475.7,0.8189,1.5663,0.011287,Apollo,0,2009,2032-07-08
PHA-300765,(PHA-300765) 2017 MX21,0.533,27.38,0.017109,2559505.7,16.58,0.3826,2.2455,12.32,1229.0,1.3863,3.1047,0.018344,Apollo,1,2017,2040-01-24
NEO-101732,(NEO-101732) 2022 UQ59,0.0102,18.98,0.007055,1055465.4,27.09,0.2569,0.7,17.5,213.9,0.5202,0.8798,0.005713,Atira,0,2022,2032-10-23
NEO-100654,(NEO-100654) 1993 TW60,0.0233,26.47,0.052538,7859507.9,31.5,0.1913,1.1452,6.05,447.6,0.9261,1.3643,0.059678,Apollo,0,1993,2038-08-20
NEO-100539,(NEO-100539) 1995 XB26,0.0033,4.76,0.007534,1127136.5,22.86,0.1858,1.3972,0.87,603.2,1.1376,1.6568,0.007775,Amor,0,1995,2029-12-17
NEO-101788,(NEO-101788) 2023 YV26,0.8951,19.44,0.234224,35039433.9,15.7,0.55,1.3746,16.96,588.7,0.6186,2.1307,0.184964,Apollo,0,2023,2039-01-02
NEO-102000,(NEO-102000) 1999 RT84,0.005,14.25,0.336023,50268308.6,26.17,0.2839,1.3546,2.77,575.8,0.97,1.7392,0.269186,Apollo,0,1999,2036-01-26
NEO-101217,(NEO-101217) 1990 BE6,0.035,17.97,0.059897,8960485.2,31.13,0.4647,1.1229,40.7,434.6,0.6011,1.6447,0.045427,Apollo,0,1990,2030-05-20
PHA-300231,(PHA-300231) 2005 QR18,0.2511,28.34,0.05,7479893.5,18.79,0.7049,1.1389,0.2,443.9,0.3361,1.9416,0.031547,Apollo,1,2005,2039-08-07
NEO-101237,(NEO-101237) 2011 DH8,1.7112,10.62,0.406194,60765730.5,14.47,0.3088,2.2075,12.37,1198.0,1.5258,2.8893,0.445055,Atira,0,2011,2036-06-21
NEO-101539,(NEO-101539) 2019 FY66,0.13,22.19,0.395264,59130625.0,23.77,0.2055,2.0601,17.06,1080.0,1.6368,2.4835,0.374711,Atira,0,2019,2032-07-20
PHA-300590,(PHA-300590) 2014 XJ35,0.2457,22.98,0.001782,266541.1,18.46,0.2947,2.3002,2.73,1274.2,1.6224,2.978,0.001862,Apollo,1,2014,2035-08-02
NEO-101611,(NEO-101611) 1995 EW12,0.005,13.81,0.335931,50254518.6,23.62,0.1554,1.7168,5.38,821.6,1.4499,1.9837,0.421391,Atira,0,1995,2030-11-11
NEO-102064,(NEO-102064) 2002 WL48,0.007,15.15,0.018671,2793069.0,23.04,0.4078,1.3679,0.76,584.3,0.8101,1.9257,0.018418,Apollo,0,2002,2030-03-12
PHA-300636,(PHA-300636) 2013 YP41,0.161,24.86,0.012289,1838392.2,20.16,0.3984,1.0718,3.31,405.3,0.6448,1.4988,0.008933,Apollo,1,2013,2043-12-12
NEO-103066,(NEO-103066) 2007 KV83,1.0143,3.73,0.24672,36908829.4,15.5,0.1533,2.0593,13.28,1079.3,1.7435,2.375,0.270537,Atira,0,2007,2038-03-04
NEO-102732,(NEO-102732) 2025 FJ10,0.0244,9.36,0.045188,6760047.9,24.07,0.3584,1.2879,2.26,533.8,0.8263,1.7495,0.057197,Apollo,0,2025,2025-05-05
NEO-102378,(NEO-102378) 1996 ZW18,0.0151,4.1,0.006382,954693.4,25.28,0.6663,1.7168,1.59,821.7,0.573,2.8607,0.007428,Apollo,0,1996,2032-05-06
NEO-100704,(NEO-100704) 2020 VG92,0.005,20.14,0.1471,22005812.7,26.64,0.5426,2.3606,27.4,1324.7,1.0798,3.6414,0.137529,Amor,0,2020,2027-08-05
NEO-100443,(NEO-100443) 2015 ZK84,0.5745,17.51,0.079384,11875642.9,16.16,0.55,1.563,27.99,713.7,0.7034,2.4227,0.100352,Apollo,0,2015,2035-02-12
NEO-101075,(NEO-101075) 2011 ZJ87,0.0322,23.24,0.114907,17189875.7,29.79,0.3719,1.2368,4.71,502.4,0.7768,1.6969,0.096428,Apollo,0,2011,2040-07-13
NEO-103834,(NEO-103834) 2012 AR36,0.4581,17.15,0.175419,26242277.5,17.28,0.3037,1.1,23.14,421.4,0.7659,1.4341,0.197473,Apollo,0,2012,2033-08-08
NEO-102181,(NEO-102181) 1997 FS72,2.1879,23.56,0.283349,42388409.3,13.82,0.1584,1.3933,3.56,600.7,1.1726,1.6141,0.318794,Amor,0,1997,2042-09-20
NEO-101910,(NEO-101910) 2024 CA73,0.135,28.25,0.012529,1874275.5,24.22,0.4046,1.6894,5.69,802.0,1.0059,2.3729,0.013207,Apollo,0,2024,2026-09-14
PHA-300179,(PHA-300179) 2021 DB29,0.836,16.46,0.004313,645280.1,16.87,0.5901,1.719,26.15,823.2,0.7047,2.7333,0.003757,Apollo,1,2021,2043-01-10
NEO-100982,(NEO-100982) 1998 JM14,0.0065,15.3,0.017169,2568421.0,24.35,0.4714,2.1309,1.68,1136.1,1.1263,3.1355,0.017892,Amor,0,1998,2038-01-03
NEO-100151,(NEO-100151) 2006 EU13,0.0552,13.52,0.159243,23822457.9,23.6,0.2078,1.9343,5.38,982.6,1.5324,2.3361,0.204397,Atira,0,2006,2037-03-09
NEO-101923,(NEO-101923) 1992 WW36,0.893,6.42,0.303874,45458939.4,15.97,0.162,1.7,0.94,809.6,1.4245,1.9755,0.285742,Atira,0,1992,2038-12-03
NEO-101223,(NEO-101223) 2004 YY61,0.3377,7.56,0.65,97238616.0,18.07,0.1123,2.0114,5.2,1042.0,1.7855,2.2373,0.485096,Atira,0,2004,2037-10-02
NEO-101734,(NEO-101734) 2009 XY73,0.1022,16.01,0.002749,411301.3,25.89,0.3181,1.6245,14.02,756.2,1.1078,2.1411,0.002547,Amor,0,2009,2041-09-21
NEO-100258,(NEO-100258) 2008 OV34,0.0378,20.74,0.04316,6456657.2,23.02,0.2534,1.4788,18.71,656.8,1.1041,1.8535,0.037549,Amor,0,2008,2038-03-27
PHA-300464,(PHA-300464) 2025 QB95,0.3749,17.92,0.011376,1701769.2,17.85,0.3686,1.2762,5.18,526.6,0.8057,1.7466,0.011917,Apollo,1,2025,2043-05-03
NEO-102080,(NEO-102080) 1997 ZS44,0.0765,9.58,0.124639,18645746.1,26.3,0.4641,1.7869,0.32,872.5,0.9576,2.6163,0.113298,Apollo,0,1997,2025-04-11
NEO-103293,(NEO-103293) 1998 VR70,0.1085,19.65,0.005676,849126.8,27.09,0.2431,1.6033,0.6,741.5,1.2135,1.9931,0.005774,Amor,0,1998,2044-10-23
NEO-102561,(NEO-102561) 1992 EH70,0.6081,22.08,0.105216,15740132.4,17.09,0.2224,2.2361,23.86,1221.3,1.7387,2.7336,0.13498,Atira,0,1992,2035-08-09
NEO-103731,(NEO-103731) 2012 ZT29,0.0694,10.74,0.033938,5077067.4,27.39,0.3117,1.0019,4.45,366.3,0.6896,1.3141,0.026495,Apollo,0,2012,2027-06-24
NEO-100360,(NEO-100360) 2004 YX25,0.0119,10.93,0.010527,1574809.3,22.54,0.2486,1.8897,7.92,948.8,1.42,2.3593,0.011838,Atira,0,2004,2029-11-24
NEO-101609,(NEO-101609) 2022 KX79,0.1883,18.37,0.486594,72793450.0,19.76,0.0835,1.3263,8.54,557.9,1.2155,1.437,0.586145,Amor,0,2022,2039-08-18
NEO-101567,(NEO-101567) 1999 BZ4,0.0204,21.24,0.271152,40563696.2,24.99,0.1516,0.8126,9.83,267.6,0.6894,0.9358,0.34998,Atira,0,1999,2044-05-24
PHA-300759,(PHA-300759) 2001 OU82,0.5829,12.45,0.005308,793993.0,16.63,0.6954,0.9347,13.28,330.1,0.2847,1.5847,0.004155,Aten,1,2001,2042-01-04
NEO-100861,(NEO-100861) 2003 EX51,0.0422,10.39,0.046673,6982162.0,22.34,0.4308,1.2097,0.46,486.0,0.6886,1.7309,0.038548,Apollo,0,2003,2032-12-17
PHA-300120,(PHA-300120) 2010 TG86,0.8302,21.32,0.05,7479893.5,15.75,0.2824,1.0833,7.48,411.8,0.7773,1.3892,0.048961,Apollo,1,2010,2044-06-15
NEO-102095,(NEO-102095) 2025 AJ41,0.0447,22.16,0.032463,4856380.9,22.62,0.0981,2.0388,7.19,1063.3,1.8389,2.2388,0.031693,Atira,0,2025,2028-02-02
NEO-102347,(NEO-102347) 2019 FW56,0.0058,25.95,0.017215,2575324.4,22.37,0.3971,1.6313,0.39,761.0,0.9836,2.279,0.016587,Apollo,0,2019,2025-01-06
NEO-102620,(NEO-102620) 2015 BP88,0.0479,11.65,0.146804,21961524.6,23.31,0.161,1.5539,0.36,707.5,1.3036,1.8041,0.146856,Atira,0,2015,2044-03-10
NEO-103602,(NEO-103602) 2019 EH22,0.002,17.91,0.020052,2999677.6,22.97,0.432,1.4241,45.0,620.7,0.8089,2.0393,0.024353,Apollo,0,2019,2033-07-12
PHA-300456,(PHA-300456) 1997 UJ28,0.2719,28.72,0.005346,799736.9,18.1,0.2538,1.6518,26.81,775.4,1.2326,2.0711,0.005629,Apollo,1,1997,2035-02-17
NEO-102268,(NEO-102268) 1999 ZF90,0.0601,14.19,0.006639,993201.7,23.73,0.3898,0.753,0.99,238.7,0.4595,1.0465,0.005541,Aten,0,1999,2033-01-17
NEO-102948,(NEO-102948) 2009 FA33,0.0256,15.77,0.033863,5065856.6,22.39,0.4557,0.7,1.61,213.9,0.381,1.019,0.033219,Aten,0,2009,2030-07-26
NEO-100036,(NEO-100036) 2005 EQ73,0.0418,23.59,0.054257,8116777.7,23.81,0.6259,1.8204,1.18,897.1,0.681,2.9598,0.05551,Apollo,0,2005,2025-04-06
